{"stats":{"minecraft:broken":{"minecraft:stone_pickaxe":1},"minecraft:killed":{"minecraft:pig":6,"minecraft:salmon":12,"minecraft:spider":1,"minecraft:creeper":1,"minecraft:sheep":6,"minecraft:skeleton":3,"minecraft:zombie":2,"minecraft:chicken":8,"minecraft:cow":4},"minecraft:killed_by":{"minecraft:skeleton":1,"minecraft:creeper":1},"minecraft:custom":{"minecraft:interact_with_furnace":28,"minecraft:mob_kills":45,"minecraft:interact_with_crafting_table":20,"minecraft:leave_game":3,"minecraft:time_since_death":16431,"minecraft:time_since_rest":16462,"minecraft:sprint_one_cm":110551,"minecraft:damage_taken":1315,"minecraft:walk_one_cm":160262,"minecraft:drop":6,"minecraft:damage_dealt":3840,"minecraft:swim_one_cm":6729,"minecraft:fly_one_cm":88220,"minecraft:open_chest":28,"minecraft:crouch_one_cm":9033,"minecraft:play_time":63383,"minecraft:deaths":2,"minecraft:sneak_time":4802,"minecraft:walk_under_water_one_cm":6596,"minecraft:jump":699,"minecraft:walk_on_water_one_cm":4835,"minecraft:total_world_time":63383,"minecraft:fall_one_cm":25006},"minecraft:dropped":{"minecraft:pointed_dripstone":9,"minecraft:rotten_flesh":2,"minecraft:dirt":1,"minecraft:wooden_axe":1,"minecraft:arrow":1,"minecraft:wooden_pickaxe":1},"minecraft:mined":{"minecraft:deepslate_redstone_ore":14,"minecraft:tuff":9,"minecraft:cherry_log":19,"minecraft:crafting_table":1,"minecraft:glow_lichen":2,"minecraft:torch":3,"minecraft:granite":1,"minecraft:grass_block":32,"minecraft:tall_grass":57,"minecraft:copper_ore":34,"minecraft:cobblestone":1,"minecraft:deepslate_gold_ore":1,"minecraft:sugar_cane":1,"minecraft:seagrass":2,"minecraft:iron_ore":24,"minecraft:grass":140,"minecraft:oak_log":17,"minecraft:pointed_dripstone":12,"minecraft:coal_ore":41,"minecraft:cherry_leaves":2,"minecraft:dripstone_block":1,"minecraft:dirt":58,"minecraft:stone":121,"minecraft:oak_leaves":1,"minecraft:deepslate":12},"minecraft:used":{"minecraft:wheat_seeds":27,"minecraft:cooked_mutton":8,"minecraft:stone_sword":112,"minecraft:stone_pickaxe":250,"minecraft:stone_shovel":69,"minecraft:chest":1,"minecraft:wooden_pickaxe":10,"minecraft:sugar_cane":3,"minecraft:torch":17,"minecraft:dirt":82,"minecraft:crafting_table":4,"minecraft:granite":1,"minecraft:wooden_axe":16,"minecraft:wooden_hoe":28,"minecraft:iron_pickaxe":17,"minecraft:stone_axe":20,"minecraft:cobblestone":46,"minecraft:furnace":2,"minecraft:cooked_porkchop":2},"minecraft:picked_up":{"minecraft:crafting_table":1,"minecraft:feather":7,"minecraft:chicken":8,"minecraft:salmon":11,"minecraft:leather":3,"minecraft:tuff":9,"minecraft:oak_log":17,"minecraft:gunpowder":1,"minecraft:dirt":118,"minecraft:string":2,"minecraft:raw_copper":115,"minecraft:wheat_seeds":30,"minecraft:cobbled_deepslate":12,"minecraft:raw_gold":1,"minecraft:beef":5,"minecraft:light_gray_wool":2,"minecraft:sugar_cane":3,"minecraft:raw_iron":23,"minecraft:torch":3,"minecraft:porkchop":12,"minecraft:cherry_log":19,"minecraft:pointed_dripstone":9,"minecraft:redstone":65,"minecraft:stone_sword":1,"minecraft:arrow":1,"minecraft:rotten_flesh":2,"minecraft:stone_axe":1,"minecraft:granite":1,"minecraft:gray_wool":1,"minecraft:black_wool":1,"minecraft:mutton":8,"minecraft:coal":41,"minecraft:white_wool":1,"minecraft:cobblestone":128},"minecraft:crafted":{"minecraft:cherry_planks":76,"minecraft:oak_planks":68,"minecraft:stone_shovel":2,"minecraft:cooked_porkchop":5,"minecraft:crafting_table":3,"minecraft:cooked_chicken":8,"minecraft:wooden_pickaxe":1,"minecraft:furnace":2,"minecraft:stone_axe":2,"minecraft:cooked_mutton":8,"minecraft:air":0,"minecraft:wooden_hoe":1,"minecraft:stick":44,"minecraft:iron_ingot":23,"minecraft:iron_pickaxe":3,"minecraft:stone_pickaxe":5,"minecraft:wooden_axe":1,"minecraft:stone_sword":2,"minecraft:chest":1,"minecraft:torch":40}},"DataVersion":3465}