{"stats":{"minecraft:used":{"minecraft:cooked_mutton":4,"minecraft:stone_sword":50,"minecraft:stone_shovel":69,"minecraft:stone_pickaxe":225,"minecraft:chest":1,"minecraft:wooden_pickaxe":10,"minecraft:torch":17,"minecraft:dirt":75,"minecraft:crafting_table":4,"minecraft:granite":1,"minecraft:wooden_axe":16,"minecraft:iron_pickaxe":16,"minecraft:cobblestone":43,"minecraft:furnace":2,"minecraft:cooked_porkchop":2},"minecraft:killed":{"minecraft:pig":2,"minecraft:spider":1,"minecraft:creeper":1,"minecraft:sheep":4,"minecraft:skeleton":3,"minecraft:zombie":2},"minecraft:crafted":{"minecraft:cherry_planks":76,"minecraft:stone_shovel":2,"minecraft:cooked_porkchop":5,"minecraft:crafting_table":3,"minecraft:wooden_pickaxe":1,"minecraft:furnace":2,"minecraft:stone_axe":2,"minecraft:cooked_mutton":4,"minecraft:air":0,"minecraft:stick":36,"minecraft:iron_ingot":17,"minecraft:iron_pickaxe":2,"minecraft:stone_pickaxe":4,"minecraft:wooden_axe":1,"minecraft:stone_sword":1,"minecraft:chest":1,"minecraft:torch":40},"minecraft:mined":{"minecraft:deepslate_redstone_ore":14,"minecraft:tuff":9,"minecraft:cherry_log":19,"minecraft:crafting_table":1,"minecraft:glow_lichen":2,"minecraft:torch":3,"minecraft:granite":1,"minecraft:grass_block":31,"minecraft:copper_ore":34,"minecraft:cobblestone":1,"minecraft:deepslate_gold_ore":1,"minecraft:iron_ore":24,"minecraft:grass":15,"minecraft:pointed_dripstone":12,"minecraft:coal_ore":34,"minecraft:cherry_leaves":2,"minecraft:dripstone_block":1,"minecraft:dirt":48,"minecraft:stone":103,"minecraft:deepslate":12},"minecraft:picked_up":{"minecraft:crafting_table":1,"minecraft:tuff":9,"minecraft:gunpowder":1,"minecraft:dirt":89,"minecraft:raw_copper":115,"minecraft:wheat_seeds":2,"minecraft:cobbled_deepslate":12,"minecraft:raw_gold":1,"minecraft:light_gray_wool":1,"minecraft:raw_iron":23,"minecraft:torch":3,"minecraft:porkchop":5,"minecraft:cherry_log":19,"minecraft:pointed_dripstone":9,"minecraft:redstone":65,"minecraft:arrow":1,"minecraft:rotten_flesh":2,"minecraft:granite":1,"minecraft:gray_wool":1,"minecraft:black_wool":1,"minecraft:mutton":4,"minecraft:coal":34,"minecraft:white_wool":1,"minecraft:cobblestone":104},"minecraft:killed_by":{"minecraft:skeleton":1},"minecraft:dropped":{"minecraft:pointed_dripstone":9,"minecraft:rotten_flesh":2,"minecraft:dirt":1,"minecraft:wooden_axe":1,"minecraft:arrow":1,"minecraft:wooden_pickaxe":1},"minecraft:custom":{"minecraft:interact_with_furnace":17,"minecraft:mob_kills":14,"minecraft:interact_with_crafting_table":13,"minecraft:leave_game":2,"minecraft:time_since_death":0,"minecraft:time_since_rest":660,"minecraft:sprint_one_cm":34698,"minecraft:damage_taken":790,"minecraft:walk_one_cm":106807,"minecraft:drop":6,"minecraft:damage_dealt":2026,"minecraft:fly_one_cm":18411,"minecraft:open_chest":10,"minecraft:crouch_one_cm":8610,"minecraft:play_time":42919,"minecraft:deaths":1,"minecraft:sneak_time":4699,"minecraft:walk_under_water_one_cm":364,"minecraft:jump":338,"minecraft:walk_on_water_one_cm":494,"minecraft:total_world_time":42919,"minecraft:fall_one_cm":10202},"minecraft:broken":{"minecraft:stone_pickaxe":1}},"DataVersion":3465}