{"stats":{"minecraft:broken":{"minecraft:stone_pickaxe":4},"minecraft:picked_up":{"minecraft:crafting_table":3,"minecraft:wheat":12,"minecraft:chicken":8,"minecraft:string":2,"minecraft:raw_copper":151,"minecraft:cooked_salmon":22,"minecraft:cobbled_deepslate":12,"minecraft:beef":13,"minecraft:oak_boat":4,"minecraft:calcite":10,"minecraft:iron_pickaxe":2,"minecraft:light_gray_wool":2,"minecraft:sugar_cane":14,"minecraft:chest":1,"minecraft:raw_iron":147,"minecraft:torch":103,"minecraft:porkchop":22,"minecraft:cherry_log":19,"minecraft:pointed_dripstone":58,"minecraft:redstone":173,"minecraft:stone_sword":3,"minecraft:arrow":1,"minecraft:rotten_flesh":4,"minecraft:mutton":20,"minecraft:white_wool":7,"minecraft:cobblestone":510,"minecraft:feather":7,"minecraft:cooked_beef":10,"minecraft:salmon":19,"minecraft:andesite":62,"minecraft:brown_wool":1,"minecraft:leather":7,"minecraft:tuff":9,"minecraft:oak_log":22,"minecraft:gunpowder":1,"minecraft:dirt":328,"minecraft:lapis_lazuli":76,"minecraft:wooden_hoe":2,"minecraft:wheat_seeds":73,"minecraft:raw_gold":29,"minecraft:stone_pickaxe":6,"minecraft:cooked_chicken":12,"minecraft:iron_sword":1,"minecraft:oak_planks":60,"minecraft:smooth_basalt":12,"minecraft:dandelion":2,"minecraft:dripstone_block":3,"minecraft:stone_axe":3,"minecraft:granite":63,"minecraft:gray_wool":2,"minecraft:black_wool":2,"minecraft:coal":91},"minecraft:dropped":{"minecraft:wheat_seeds":2,"minecraft:dripstone_block":2,"minecraft:dirt":1,"minecraft:wooden_hoe":1,"minecraft:wooden_axe":1,"minecraft:string":2,"minecraft:dandelion":2,"minecraft:stone_sword":1,"minecraft:pointed_dripstone":30,"minecraft:stone_shovel":1,"minecraft:rotten_flesh":5,"minecraft:arrow":1,"minecraft:wooden_pickaxe":1},"minecraft:used":{"minecraft:stone_sword":154,"minecraft:stone_shovel":179,"minecraft:chest":2,"minecraft:iron_sword":60,"minecraft:cooked_salmon":2,"minecraft:cooked_chicken":4,"minecraft:torch":87,"minecraft:dirt":131,"minecraft:granite":1,"minecraft:wooden_axe":16,"minecraft:light_gray_wool":2,"minecraft:furnace":2,"minecraft:golden_axe":6,"minecraft:wheat_seeds":53,"minecraft:cooked_mutton":8,"minecraft:stone_pickaxe":724,"minecraft:wooden_pickaxe":10,"minecraft:sugar_cane":14,"minecraft:salmon":8,"minecraft:crafting_table":7,"minecraft:wooden_hoe":87,"minecraft:bread":1,"minecraft:iron_pickaxe":70,"minecraft:stone_axe":21,"minecraft:cobblestone":145,"minecraft:cooked_porkchop":5,"minecraft:andesite":12,"minecraft:oak_boat":5},"minecraft:crafted":{"minecraft:cherry_planks":76,"minecraft:oak_planks":88,"minecraft:stone_shovel":4,"minecraft:cooked_chicken":8,"minecraft:furnace":2,"minecraft:cooked_mutton":8,"minecraft:iron_boots":1,"minecraft:stone_pickaxe":12,"minecraft:chest":2,"minecraft:cooked_beef":5,"minecraft:cooked_porkchop":12,"minecraft:crafting_table":5,"minecraft:wooden_pickaxe":1,"minecraft:iron_helmet":1,"minecraft:iron_sword":3,"minecraft:cooked_salmon":11,"minecraft:stone_axe":2,"minecraft:bread":4,"minecraft:air":0,"minecraft:oak_boat":2,"minecraft:wooden_hoe":1,"minecraft:iron_chestplate":1,"minecraft:stick":100,"minecraft:iron_ingot":91,"minecraft:iron_pickaxe":4,"minecraft:wooden_axe":1,"minecraft:stone_sword":2,"minecraft:iron_leggings":1,"minecraft:torch":132},"minecraft:custom":{"minecraft:mob_kills":78,"minecraft:interact_with_crafting_table":37,"minecraft:leave_game":6,"minecraft:time_since_death":15094,"minecraft:sprint_one_cm":229871,"minecraft:walk_one_cm":313525,"minecraft:drop":16,"minecraft:play_time":162790,"minecraft:deaths":5,"minecraft:sneak_time":8428,"minecraft:walk_under_water_one_cm":29346,"minecraft:boat_one_cm":568418,"minecraft:jump":1633,"minecraft:walk_on_water_one_cm":33702,"minecraft:total_world_time":162790,"minecraft:interact_with_furnace":47,"minecraft:time_since_rest":2556,"minecraft:damage_taken":2953,"minecraft:damage_dealt":7322,"minecraft:swim_one_cm":54840,"minecraft:fly_one_cm":204939,"minecraft:open_chest":97,"minecraft:crouch_one_cm":15733,"minecraft:fall_one_cm":58552},"minecraft:killed_by":{"minecraft:creeper":1,"minecraft:drowned":1,"minecraft:skeleton":3},"minecraft:killed":{"minecraft:spider":1,"minecraft:skeleton":3,"minecraft:chicken":8,"minecraft:drowned":1,"minecraft:pig":10,"minecraft:salmon":20,"minecraft:creeper":1,"minecraft:sheep":15,"minecraft:zombie":9,"minecraft:cow":8},"minecraft:mined":{"minecraft:tuff":9,"minecraft:cherry_log":19,"minecraft:glow_lichen":2,"minecraft:granite":29,"minecraft:grass_block":32,"minecraft:tall_seagrass":1,"minecraft:redstone_ore":8,"minecraft:iron_ore":91,"minecraft:andesite":44,"minecraft:pointed_dripstone":35,"minecraft:deepslate_iron_ore":1,"minecraft:stone":393,"minecraft:deepslate_redstone_ore":14,"minecraft:dandelion":2,"minecraft:crafting_table":2,"minecraft:torch":12,"minecraft:calcite":10,"minecraft:chest":1,"minecraft:tall_grass":86,"minecraft:copper_ore":37,"minecraft:cobblestone":7,"minecraft:lapis_ore":5,"minecraft:deepslate_gold_ore":1,"minecraft:sugar_cane":12,"minecraft:wall_torch":10,"minecraft:seagrass":2,"minecraft:wheat":13,"minecraft:grass":226,"minecraft:oak_log":22,"minecraft:coal_ore":66,"minecraft:cherry_leaves":2,"minecraft:dripstone_block":3,"minecraft:dirt":182,"minecraft:smooth_basalt":12,"minecraft:gold_ore":11,"minecraft:oak_leaves":1,"minecraft:deepslate":12}},"DataVersion":3465}