{"stats":{"minecraft:crafted":{"minecraft:cherry_planks":76,"minecraft:stone_shovel":2,"minecraft:crafting_table":2,"minecraft:stick":20,"minecraft:iron_ingot":6,"minecraft:wooden_pickaxe":1,"minecraft:stone_pickaxe":2,"minecraft:wooden_axe":1,"minecraft:stone_sword":1,"minecraft:chest":1,"minecraft:furnace":1,"minecraft:torch":8,"minecraft:stone_axe":2,"minecraft:cooked_mutton":1,"minecraft:air":0},"minecraft:used":{"minecraft:cooked_mutton":1,"minecraft:wooden_axe":16,"minecraft:stone_sword":5,"minecraft:stone_pickaxe":142,"minecraft:stone_shovel":67,"minecraft:chest":1,"minecraft:wooden_pickaxe":10,"minecraft:torch":8,"minecraft:dirt":66,"minecraft:crafting_table":3,"minecraft:furnace":1,"minecraft:granite":1},"minecraft:broken":{"minecraft:stone_pickaxe":1},"minecraft:mined":{"minecraft:iron_ore":11,"minecraft:cherry_log":19,"minecraft:torch":1,"minecraft:glow_lichen":1,"minecraft:crafting_table":1,"minecraft:granite":1,"minecraft:grass":3,"minecraft:grass_block":30,"minecraft:coal_ore":14,"minecraft:cherry_leaves":2,"minecraft:dirt":42,"minecraft:copper_ore":31,"minecraft:stone":95},"minecraft:custom":{"minecraft:time_since_rest":18825,"minecraft:interact_with_furnace":6,"minecraft:sprint_one_cm":8025,"minecraft:damage_taken":40,"minecraft:walk_one_cm":47111,"minecraft:mob_kills":2,"minecraft:damage_dealt":160,"minecraft:interact_with_crafting_table":6,"minecraft:fly_one_cm":4172,"minecraft:open_chest":6,"minecraft:crouch_one_cm":438,"minecraft:play_time":18825,"minecraft:sneak_time":283,"minecraft:jump":136,"minecraft:time_since_death":18825,"minecraft:total_world_time":18825,"minecraft:fall_one_cm":3712},"minecraft:killed":{"minecraft:sheep":2},"minecraft:picked_up":{"minecraft:crafting_table":1,"minecraft:raw_iron":11,"minecraft:torch":1,"minecraft:cherry_log":19,"minecraft:raw_copper":109,"minecraft:dirt":72,"minecraft:granite":1,"minecraft:black_wool":1,"minecraft:mutton":1,"minecraft:coal":14,"minecraft:white_wool":1,"minecraft:cobblestone":95}},"DataVersion":3465}