{"stats":{"minecraft:killed_by":{"minecraft:creeper":1,"minecraft:drowned":4,"minecraft:skeleton":3,"minecraft:zombie":1},"minecraft:dropped":{"minecraft:iron_sword":2,"minecraft:wheat_seeds":5,"minecraft:lapis_lazuli":5,"minecraft:golden_helmet":1,"minecraft:dripstone_block":2,"minecraft:cobblestone":18,"minecraft:copper_ingot":2,"minecraft:stick":3,"minecraft:dirt":4,"minecraft:diorite":8,"minecraft:wooden_hoe":1,"minecraft:wooden_axe":1,"minecraft:sand":18,"minecraft:string":2,"minecraft:fishing_rod":1,"minecraft:gold_ingot":9,"minecraft:dandelion":2,"minecraft:kelp":9,"minecraft:stone_sword":1,"minecraft:wheat":2,"minecraft:pointed_dripstone":30,"minecraft:stone_shovel":1,"minecraft:rotten_flesh":8,"minecraft:salmon":1,"minecraft:filled_map":9,"minecraft:oak_boat":1,"minecraft:bamboo":304,"minecraft:sandstone":20,"minecraft:wooden_pickaxe":2,"minecraft:arrow":1},"minecraft:broken":{"minecraft:wooden_shovel":1,"minecraft:stone_pickaxe":4},"minecraft:used":{"minecraft:stone_sword":154,"minecraft:stone_shovel":179,"minecraft:chest":5,"minecraft:shield":11,"minecraft:iron_sword":129,"minecraft:cooked_salmon":12,"minecraft:wooden_shovel":60,"minecraft:cooked_chicken":8,"minecraft:torch":87,"minecraft:dirt":223,"minecraft:granite":1,"minecraft:wooden_axe":16,"minecraft:golden_sword":2,"minecraft:light_gray_wool":2,"minecraft:furnace":3,"minecraft:cooked_cod":2,"minecraft:potato":8,"minecraft:golden_axe":6,"minecraft:wheat_seeds":56,"minecraft:cooked_mutton":8,"minecraft:glass_bottle":1,"minecraft:stone_pickaxe":724,"minecraft:wooden_pickaxe":33,"minecraft:sugar_cane":23,"minecraft:salmon":11,"minecraft:sand":18,"minecraft:crafting_table":10,"minecraft:wooden_hoe":87,"minecraft:bread":9,"minecraft:iron_pickaxe":70,"minecraft:stone_axe":44,"minecraft:fishing_rod":2,"minecraft:cobblestone":145,"minecraft:potion":1,"minecraft:cooked_porkchop":5,"minecraft:andesite":12,"minecraft:oak_boat":20,"minecraft:golden_pickaxe":6},"minecraft:custom":{"minecraft:mob_kills":98,"minecraft:interact_with_crafting_table":52,"minecraft:leave_game":22,"minecraft:time_since_death":53430,"minecraft:sprint_one_cm":312056,"minecraft:walk_one_cm":443478,"minecraft:damage_blocked_by_shield":1320,"minecraft:drop":82,"minecraft:play_time":280155,"minecraft:sneak_time":9112,"minecraft:deaths":10,"minecraft:walk_under_water_one_cm":123154,"minecraft:boat_one_cm":1657291,"minecraft:jump":2275,"minecraft:walk_on_water_one_cm":83703,"minecraft:total_world_time":280155,"minecraft:interact_with_furnace":65,"minecraft:time_since_rest":11708,"minecraft:damage_taken":5737,"minecraft:damage_dealt":10592,"minecraft:swim_one_cm":262366,"minecraft:fly_one_cm":292713,"minecraft:open_chest":186,"minecraft:crouch_one_cm":15963,"minecraft:fall_one_cm":76235},"minecraft:killed":{"minecraft:spider":2,"minecraft:horse":2,"minecraft:skeleton":3,"minecraft:chicken":8,"minecraft:drowned":10,"minecraft:pig":10,"minecraft:salmon":23,"minecraft:creeper":1,"minecraft:sheep":15,"minecraft:zombie":9,"minecraft:cow":13},"minecraft:picked_up":{"minecraft:fishing_rod":3,"minecraft:crafting_table":3,"minecraft:iron_chestplate":5,"minecraft:wheat":39,"minecraft:chicken":8,"minecraft:wooden_pickaxe":2,"minecraft:potion":3,"minecraft:shield":2,"minecraft:string":2,"minecraft:raw_copper":151,"minecraft:cooked_salmon":60,"minecraft:iron_leggings":5,"minecraft:gold_nugget":7,"minecraft:cobbled_deepslate":12,"minecraft:beef":29,"minecraft:oak_boat":20,"minecraft:calcite":10,"minecraft:wooden_shovel":1,"minecraft:iron_pickaxe":2,"minecraft:light_gray_wool":2,"minecraft:sugar_cane":23,"minecraft:chest":1,"minecraft:iron_boots":5,"minecraft:stick":12,"minecraft:raw_iron":147,"minecraft:sandstone":25,"minecraft:copper_ingot":2,"minecraft:torch":105,"minecraft:acacia_log":7,"minecraft:porkchop":52,"minecraft:cherry_log":19,"minecraft:pointed_dripstone":58,"minecraft:diorite":8,"minecraft:redstone":173,"minecraft:prismarine_crystals":4,"minecraft:orange_bed":1,"minecraft:stone_sword":3,"minecraft:arrow":1,"minecraft:rotten_flesh":7,"minecraft:hay_block":5,"minecraft:gold_ingot":11,"minecraft:mutton":20,"minecraft:white_wool":13,"minecraft:cobblestone":728,"minecraft:feather":7,"minecraft:cooked_beef":10,"minecraft:andesite":62,"minecraft:salmon":26,"minecraft:brown_wool":1,"minecraft:leather":16,"minecraft:filled_map":5,"minecraft:tuff":9,"minecraft:oak_log":35,"minecraft:gunpowder":1,"minecraft:lapis_lazuli":76,"minecraft:wooden_hoe":2,"minecraft:dirt":557,"minecraft:kelp":9,"minecraft:wheat_seeds":86,"minecraft:raw_gold":29,"minecraft:stone_pickaxe":9,"minecraft:heart_of_the_sea":2,"minecraft:iron_ingot":20,"minecraft:cooked_chicken":18,"minecraft:bamboo":495,"minecraft:iron_sword":6,"minecraft:oak_planks":66,"minecraft:smooth_basalt":12,"minecraft:dandelion":2,"minecraft:dripstone_block":3,"minecraft:sand":108,"minecraft:diamond":2,"minecraft:stone_axe":6,"minecraft:granite":63,"minecraft:gray_wool":2,"minecraft:emerald":8,"minecraft:bread":10,"minecraft:black_wool":2,"minecraft:coal":124},"minecraft:mined":{"minecraft:tuff":9,"minecraft:cherry_log":19,"minecraft:glow_lichen":2,"minecraft:granite":29,"minecraft:acacia_log":7,"minecraft:grass_block":35,"minecraft:sandstone":5,"minecraft:hay_block":5,"minecraft:tall_seagrass":2,"minecraft:redstone_ore":8,"minecraft:fire":6,"minecraft:iron_ore":91,"minecraft:andesite":44,"minecraft:pointed_dripstone":35,"minecraft:deepslate_iron_ore":1,"minecraft:bamboo":42,"minecraft:stone":406,"minecraft:orange_bed":1,"minecraft:deepslate_redstone_ore":14,"minecraft:dandelion":2,"minecraft:crafting_table":2,"minecraft:torch":14,"minecraft:calcite":10,"minecraft:chest":1,"minecraft:tall_grass":86,"minecraft:copper_ore":37,"minecraft:cobblestone":7,"minecraft:lapis_ore":5,"minecraft:deepslate_gold_ore":1,"minecraft:sugar_cane":16,"minecraft:diorite":4,"minecraft:wall_torch":11,"minecraft:seagrass":3,"minecraft:wheat":16,"minecraft:grass":242,"minecraft:oak_log":35,"minecraft:coal_ore":72,"minecraft:cherry_leaves":2,"minecraft:dripstone_block":3,"minecraft:gravel":2,"minecraft:sand":86,"minecraft:dirt":223,"minecraft:smooth_basalt":12,"minecraft:gold_ore":11,"minecraft:oak_leaves":1,"minecraft:deepslate":12},"minecraft:crafted":{"minecraft:cherry_planks":76,"minecraft:oak_planks":140,"minecraft:stone_shovel":4,"minecraft:cooked_chicken":8,"minecraft:furnace":3,"minecraft:cooked_mutton":8,"minecraft:iron_boots":1,"minecraft:stone_pickaxe":12,"minecraft:chest":4,"minecraft:wheat":45,"minecraft:cooked_beef":17,"minecraft:wooden_shovel":2,"minecraft:cooked_porkchop":22,"minecraft:crafting_table":8,"minecraft:iron_helmet":1,"minecraft:wooden_pickaxe":2,"minecraft:iron_sword":3,"minecraft:cooked_salmon":12,"minecraft:stone_axe":2,"minecraft:bread":44,"minecraft:air":0,"minecraft:oak_boat":4,"minecraft:iron_chestplate":1,"minecraft:wooden_hoe":1,"minecraft:shield":1,"minecraft:stick":108,"minecraft:iron_ingot":91,"minecraft:iron_pickaxe":4,"minecraft:wooden_axe":1,"minecraft:stone_sword":2,"minecraft:iron_leggings":1,"minecraft:torch":136}},"DataVersion":3465}