{"stats":{"minecraft:used":{"minecraft:wooden_axe":16,"minecraft:crafting_table":2,"minecraft:stone_shovel":3,"minecraft:stone_pickaxe":48,"minecraft:wooden_pickaxe":10,"minecraft:granite":1},"minecraft:crafted":{"minecraft:stone_sword":1,"minecraft:cherry_planks":76,"minecraft:stone_shovel":2,"minecraft:stone_axe":2,"minecraft:crafting_table":1,"minecraft:stick":20,"minecraft:wooden_pickaxe":1,"minecraft:stone_pickaxe":2,"minecraft:wooden_axe":1},"minecraft:mined":{"minecraft:granite":1,"minecraft:grass_block":1,"minecraft:cherry_leaves":2,"minecraft:dirt":2,"minecraft:iron_ore":6,"minecraft:cherry_log":19,"minecraft:stone":51,"minecraft:crafting_table":1},"minecraft:custom":{"minecraft:time_since_rest":6825,"minecraft:crouch_one_cm":35,"minecraft:play_time":6825,"minecraft:sprint_one_cm":2872,"minecraft:damage_taken":30,"minecraft:walk_one_cm":12078,"minecraft:sneak_time":11,"minecraft:jump":24,"minecraft:time_since_death":6825,"minecraft:total_world_time":6825,"minecraft:fall_one_cm":1525,"minecraft:interact_with_crafting_table":3,"minecraft:fly_one_cm":434},"minecraft:picked_up":{"minecraft:raw_iron":6,"minecraft:crafting_table":1,"minecraft:granite":1,"minecraft:cherry_log":19,"minecraft:dirt":2,"minecraft:cobblestone":51}},"DataVersion":3465}