{"stats":{"minecraft:killed_by":{"minecraft:creeper":1,"minecraft:drowned":2,"minecraft:skeleton":3},"minecraft:dropped":{"minecraft:wheat_seeds":2,"minecraft:dripstone_block":2,"minecraft:copper_ingot":2,"minecraft:dirt":1,"minecraft:diorite":4,"minecraft:wooden_hoe":1,"minecraft:wooden_axe":1,"minecraft:string":2,"minecraft:dandelion":2,"minecraft:stone_sword":1,"minecraft:wheat":1,"minecraft:pointed_dripstone":30,"minecraft:stone_shovel":1,"minecraft:rotten_flesh":5,"minecraft:salmon":1,"minecraft:filled_map":2,"minecraft:oak_boat":1,"minecraft:sandstone":5,"minecraft:arrow":1,"minecraft:wooden_pickaxe":1},"minecraft:broken":{"minecraft:wooden_shovel":1,"minecraft:stone_pickaxe":4},"minecraft:used":{"minecraft:stone_sword":154,"minecraft:stone_shovel":179,"minecraft:chest":3,"minecraft:iron_sword":75,"minecraft:cooked_salmon":6,"minecraft:wooden_shovel":60,"minecraft:cooked_chicken":5,"minecraft:torch":87,"minecraft:dirt":156,"minecraft:granite":1,"minecraft:wooden_axe":16,"minecraft:light_gray_wool":2,"minecraft:furnace":2,"minecraft:potato":8,"minecraft:golden_axe":6,"minecraft:wheat_seeds":53,"minecraft:cooked_mutton":8,"minecraft:stone_pickaxe":724,"minecraft:wooden_pickaxe":33,"minecraft:sugar_cane":14,"minecraft:salmon":11,"minecraft:sand":1,"minecraft:crafting_table":10,"minecraft:wooden_hoe":87,"minecraft:bread":6,"minecraft:iron_pickaxe":70,"minecraft:stone_axe":36,"minecraft:cobblestone":145,"minecraft:cooked_porkchop":5,"minecraft:andesite":12,"minecraft:oak_boat":14},"minecraft:custom":{"minecraft:mob_kills":85,"minecraft:interact_with_crafting_table":44,"minecraft:leave_game":20,"minecraft:time_since_death":35203,"minecraft:sprint_one_cm":267137,"minecraft:walk_one_cm":345886,"minecraft:drop":25,"minecraft:play_time":202312,"minecraft:deaths":6,"minecraft:sneak_time":8468,"minecraft:walk_under_water_one_cm":41238,"minecraft:boat_one_cm":1029857,"minecraft:jump":1887,"minecraft:walk_on_water_one_cm":45497,"minecraft:total_world_time":202312,"minecraft:interact_with_furnace":49,"minecraft:time_since_rest":14638,"minecraft:damage_taken":3852,"minecraft:damage_dealt":8114,"minecraft:swim_one_cm":94497,"minecraft:fly_one_cm":243047,"minecraft:open_chest":129,"minecraft:crouch_one_cm":15758,"minecraft:fall_one_cm":66920},"minecraft:killed":{"minecraft:spider":2,"minecraft:skeleton":3,"minecraft:chicken":8,"minecraft:drowned":2,"minecraft:pig":10,"minecraft:salmon":23,"minecraft:creeper":1,"minecraft:sheep":15,"minecraft:zombie":9,"minecraft:cow":10},"minecraft:picked_up":{"minecraft:crafting_table":3,"minecraft:iron_chestplate":2,"minecraft:wheat":12,"minecraft:chicken":8,"minecraft:string":2,"minecraft:raw_copper":151,"minecraft:cooked_salmon":34,"minecraft:iron_leggings":2,"minecraft:cobbled_deepslate":12,"minecraft:beef":25,"minecraft:oak_boat":13,"minecraft:calcite":10,"minecraft:iron_pickaxe":2,"minecraft:light_gray_wool":2,"minecraft:sugar_cane":14,"minecraft:chest":1,"minecraft:iron_boots":2,"minecraft:stick":12,"minecraft:raw_iron":147,"minecraft:sandstone":10,"minecraft:copper_ingot":2,"minecraft:torch":103,"minecraft:porkchop":32,"minecraft:diorite":4,"minecraft:cherry_log":19,"minecraft:pointed_dripstone":58,"minecraft:redstone":173,"minecraft:stone_sword":3,"minecraft:arrow":1,"minecraft:rotten_flesh":4,"minecraft:mutton":20,"minecraft:white_wool":13,"minecraft:cobblestone":651,"minecraft:feather":7,"minecraft:cooked_beef":10,"minecraft:andesite":62,"minecraft:salmon":23,"minecraft:brown_wool":1,"minecraft:leather":12,"minecraft:filled_map":1,"minecraft:tuff":9,"minecraft:oak_log":33,"minecraft:gunpowder":1,"minecraft:lapis_lazuli":76,"minecraft:wooden_hoe":2,"minecraft:dirt":392,"minecraft:wheat_seeds":73,"minecraft:raw_gold":29,"minecraft:stone_pickaxe":7,"minecraft:cooked_chicken":16,"minecraft:iron_sword":3,"minecraft:oak_planks":66,"minecraft:smooth_basalt":12,"minecraft:dandelion":2,"minecraft:dripstone_block":3,"minecraft:sand":25,"minecraft:stone_axe":3,"minecraft:granite":63,"minecraft:gray_wool":2,"minecraft:black_wool":2,"minecraft:coal":91},"minecraft:mined":{"minecraft:tuff":9,"minecraft:cherry_log":19,"minecraft:glow_lichen":2,"minecraft:granite":29,"minecraft:grass_block":32,"minecraft:sandstone":5,"minecraft:tall_seagrass":2,"minecraft:redstone_ore":8,"minecraft:iron_ore":91,"minecraft:andesite":44,"minecraft:pointed_dripstone":35,"minecraft:deepslate_iron_ore":1,"minecraft:stone":406,"minecraft:deepslate_redstone_ore":14,"minecraft:dandelion":2,"minecraft:crafting_table":2,"minecraft:torch":12,"minecraft:calcite":10,"minecraft:chest":1,"minecraft:tall_grass":86,"minecraft:copper_ore":37,"minecraft:cobblestone":7,"minecraft:lapis_ore":5,"minecraft:deepslate_gold_ore":1,"minecraft:sugar_cane":12,"minecraft:diorite":4,"minecraft:wall_torch":10,"minecraft:seagrass":2,"minecraft:wheat":13,"minecraft:grass":226,"minecraft:oak_log":33,"minecraft:coal_ore":66,"minecraft:cherry_leaves":2,"minecraft:dripstone_block":3,"minecraft:sand":59,"minecraft:dirt":187,"minecraft:smooth_basalt":12,"minecraft:gold_ore":11,"minecraft:oak_leaves":1,"minecraft:deepslate":12},"minecraft:crafted":{"minecraft:cherry_planks":76,"minecraft:oak_planks":132,"minecraft:stone_shovel":4,"minecraft:cooked_chicken":8,"minecraft:furnace":2,"minecraft:cooked_mutton":8,"minecraft:iron_boots":1,"minecraft:stone_pickaxe":12,"minecraft:chest":2,"minecraft:cooked_beef":5,"minecraft:wooden_shovel":2,"minecraft:cooked_porkchop":12,"minecraft:crafting_table":8,"minecraft:iron_helmet":1,"minecraft:wooden_pickaxe":2,"minecraft:iron_sword":3,"minecraft:cooked_salmon":11,"minecraft:stone_axe":2,"minecraft:bread":14,"minecraft:air":0,"minecraft:oak_boat":3,"minecraft:iron_chestplate":1,"minecraft:wooden_hoe":1,"minecraft:shield":1,"minecraft:stick":108,"minecraft:iron_ingot":91,"minecraft:iron_pickaxe":4,"minecraft:wooden_axe":1,"minecraft:stone_sword":2,"minecraft:iron_leggings":1,"minecraft:torch":132}},"DataVersion":3465}