{"stats":{"minecraft:picked_up":{"minecraft:crafting_table":3,"minecraft:wheat":12,"minecraft:feather":7,"minecraft:cooked_beef":10,"minecraft:chicken":8,"minecraft:andesite":62,"minecraft:salmon":11,"minecraft:brown_wool":1,"minecraft:leather":7,"minecraft:tuff":9,"minecraft:oak_log":17,"minecraft:gunpowder":1,"minecraft:lapis_lazuli":76,"minecraft:wooden_hoe":2,"minecraft:dirt":295,"minecraft:string":2,"minecraft:raw_copper":151,"minecraft:cooked_salmon":22,"minecraft:wheat_seeds":73,"minecraft:cobbled_deepslate":12,"minecraft:raw_gold":29,"minecraft:beef":13,"minecraft:stone_pickaxe":6,"minecraft:cooked_chicken":12,"minecraft:oak_boat":1,"minecraft:calcite":10,"minecraft:iron_pickaxe":2,"minecraft:light_gray_wool":2,"minecraft:sugar_cane":11,"minecraft:oak_planks":60,"minecraft:raw_iron":147,"minecraft:smooth_basalt":12,"minecraft:torch":103,"minecraft:dandelion":2,"minecraft:dripstone_block":3,"minecraft:porkchop":22,"minecraft:cherry_log":19,"minecraft:pointed_dripstone":58,"minecraft:redstone":173,"minecraft:stone_sword":3,"minecraft:arrow":1,"minecraft:rotten_flesh":4,"minecraft:stone_axe":3,"minecraft:granite":63,"minecraft:gray_wool":2,"minecraft:black_wool":2,"minecraft:mutton":20,"minecraft:coal":91,"minecraft:white_wool":7,"minecraft:cobblestone":510},"minecraft:broken":{"minecraft:stone_pickaxe":4},"minecraft:dropped":{"minecraft:wheat_seeds":2,"minecraft:stone_sword":1,"minecraft:dripstone_block":2,"minecraft:stone_shovel":1,"minecraft:pointed_dripstone":30,"minecraft:rotten_flesh":4,"minecraft:dirt":1,"minecraft:wooden_hoe":1,"minecraft:wooden_axe":1,"minecraft:arrow":1,"minecraft:wooden_pickaxe":1,"minecraft:string":2,"minecraft:dandelion":2},"minecraft:used":{"minecraft:cooked_mutton":8,"minecraft:wheat_seeds":53,"minecraft:stone_sword":154,"minecraft:stone_pickaxe":724,"minecraft:stone_shovel":179,"minecraft:iron_sword":41,"minecraft:sugar_cane":11,"minecraft:chest":2,"minecraft:wooden_pickaxe":10,"minecraft:cooked_chicken":4,"minecraft:torch":86,"minecraft:dirt":126,"minecraft:crafting_table":6,"minecraft:granite":1,"minecraft:wooden_axe":16,"minecraft:wooden_hoe":87,"minecraft:iron_pickaxe":70,"minecraft:light_gray_wool":2,"minecraft:stone_axe":21,"minecraft:cobblestone":145,"minecraft:furnace":2,"minecraft:cooked_porkchop":5,"minecraft:andesite":12,"minecraft:oak_boat":2},"minecraft:crafted":{"minecraft:cooked_beef":5,"minecraft:cherry_planks":76,"minecraft:oak_planks":68,"minecraft:stone_shovel":4,"minecraft:cooked_porkchop":12,"minecraft:iron_helmet":1,"minecraft:crafting_table":4,"minecraft:cooked_chicken":8,"minecraft:wooden_pickaxe":1,"minecraft:iron_sword":2,"minecraft:furnace":2,"minecraft:cooked_salmon":11,"minecraft:stone_axe":2,"minecraft:bread":4,"minecraft:cooked_mutton":8,"minecraft:air":0,"minecraft:oak_boat":1,"minecraft:iron_boots":1,"minecraft:iron_chestplate":1,"minecraft:wooden_hoe":1,"minecraft:stick":92,"minecraft:iron_ingot":91,"minecraft:iron_pickaxe":3,"minecraft:stone_pickaxe":10,"minecraft:wooden_axe":1,"minecraft:iron_leggings":1,"minecraft:stone_sword":2,"minecraft:chest":2,"minecraft:torch":132},"minecraft:custom":{"minecraft:interact_with_furnace":46,"minecraft:mob_kills":69,"minecraft:interact_with_crafting_table":32,"minecraft:leave_game":5,"minecraft:time_since_death":51768,"minecraft:time_since_rest":5450,"minecraft:sprint_one_cm":207088,"minecraft:damage_taken":2294,"minecraft:walk_one_cm":302781,"minecraft:drop":15,"minecraft:damage_dealt":6823,"minecraft:swim_one_cm":28201,"minecraft:fly_one_cm":181069,"minecraft:open_chest":87,"minecraft:crouch_one_cm":15524,"minecraft:play_time":140187,"minecraft:deaths":4,"minecraft:sneak_time":8305,"minecraft:walk_under_water_one_cm":10927,"minecraft:boat_one_cm":250102,"minecraft:jump":1535,"minecraft:walk_on_water_one_cm":27843,"minecraft:total_world_time":140187,"minecraft:fall_one_cm":54151},"minecraft:killed_by":{"minecraft:skeleton":3,"minecraft:creeper":1},"minecraft:killed":{"minecraft:pig":10,"minecraft:salmon":12,"minecraft:spider":1,"minecraft:creeper":1,"minecraft:sheep":15,"minecraft:skeleton":3,"minecraft:zombie":9,"minecraft:chicken":8,"minecraft:cow":8},"minecraft:mined":{"minecraft:deepslate_redstone_ore":14,"minecraft:tuff":9,"minecraft:cherry_log":19,"minecraft:dandelion":2,"minecraft:glow_lichen":2,"minecraft:crafting_table":2,"minecraft:torch":12,"minecraft:granite":29,"minecraft:calcite":10,"minecraft:grass_block":32,"minecraft:copper_ore":37,"minecraft:tall_grass":86,"minecraft:cobblestone":7,"minecraft:deepslate_gold_ore":1,"minecraft:lapis_ore":5,"minecraft:sugar_cane":9,"minecraft:wall_torch":10,"minecraft:seagrass":2,"minecraft:redstone_ore":8,"minecraft:wheat":13,"minecraft:iron_ore":91,"minecraft:andesite":44,"minecraft:grass":226,"minecraft:coal_ore":66,"minecraft:pointed_dripstone":35,"minecraft:oak_log":17,"minecraft:deepslate_iron_ore":1,"minecraft:cherry_leaves":2,"minecraft:dripstone_block":3,"minecraft:dirt":182,"minecraft:smooth_basalt":12,"minecraft:stone":393,"minecraft:gold_ore":11,"minecraft:oak_leaves":1,"minecraft:deepslate":12}},"DataVersion":3465}