{"stats":{"minecraft:broken":{"minecraft:stone_pickaxe":2},"minecraft:killed":{"minecraft:pig":6,"minecraft:salmon":12,"minecraft:spider":1,"minecraft:creeper":1,"minecraft:sheep":6,"minecraft:skeleton":3,"minecraft:zombie":2,"minecraft:chicken":8,"minecraft:cow":4},"minecraft:killed_by":{"minecraft:skeleton":1,"minecraft:creeper":1},"minecraft:custom":{"minecraft:interact_with_furnace":33,"minecraft:mob_kills":45,"minecraft:interact_with_crafting_table":23,"minecraft:leave_game":4,"minecraft:time_since_death":28167,"minecraft:time_since_rest":28198,"minecraft:sprint_one_cm":138135,"minecraft:damage_taken":1345,"minecraft:walk_one_cm":177444,"minecraft:drop":7,"minecraft:damage_dealt":3840,"minecraft:swim_one_cm":9485,"minecraft:fly_one_cm":108245,"minecraft:open_chest":36,"minecraft:crouch_one_cm":10050,"minecraft:play_time":75119,"minecraft:deaths":2,"minecraft:sneak_time":5712,"minecraft:walk_under_water_one_cm":8023,"minecraft:jump":798,"minecraft:walk_on_water_one_cm":6627,"minecraft:total_world_time":75119,"minecraft:fall_one_cm":27185},"minecraft:dropped":{"minecraft:wheat_seeds":2,"minecraft:pointed_dripstone":9,"minecraft:rotten_flesh":2,"minecraft:dirt":1,"minecraft:wooden_axe":1,"minecraft:arrow":1,"minecraft:wooden_pickaxe":1},"minecraft:mined":{"minecraft:deepslate_redstone_ore":14,"minecraft:tuff":9,"minecraft:cherry_log":19,"minecraft:dandelion":2,"minecraft:crafting_table":1,"minecraft:torch":3,"minecraft:glow_lichen":2,"minecraft:granite":18,"minecraft:grass_block":32,"minecraft:tall_grass":86,"minecraft:copper_ore":37,"minecraft:cobblestone":1,"minecraft:deepslate_gold_ore":1,"minecraft:sugar_cane":1,"minecraft:wall_torch":2,"minecraft:seagrass":2,"minecraft:redstone_ore":8,"minecraft:iron_ore":36,"minecraft:andesite":21,"minecraft:grass":222,"minecraft:oak_log":17,"minecraft:pointed_dripstone":12,"minecraft:coal_ore":59,"minecraft:cherry_leaves":2,"minecraft:dripstone_block":1,"minecraft:dirt":60,"minecraft:stone":158,"minecraft:oak_leaves":1,"minecraft:deepslate":12},"minecraft:used":{"minecraft:cooked_mutton":8,"minecraft:wheat_seeds":39,"minecraft:stone_sword":112,"minecraft:stone_pickaxe":360,"minecraft:stone_shovel":69,"minecraft:chest":1,"minecraft:wooden_pickaxe":10,"minecraft:cooked_chicken":1,"minecraft:sugar_cane":3,"minecraft:torch":28,"minecraft:dirt":84,"minecraft:crafting_table":4,"minecraft:granite":1,"minecraft:wooden_axe":16,"minecraft:wooden_hoe":87,"minecraft:iron_pickaxe":25,"minecraft:stone_axe":20,"minecraft:cobblestone":46,"minecraft:furnace":2,"minecraft:cooked_porkchop":2,"minecraft:andesite":10},"minecraft:picked_up":{"minecraft:crafting_table":1,"minecraft:feather":7,"minecraft:chicken":8,"minecraft:andesite":21,"minecraft:salmon":11,"minecraft:leather":3,"minecraft:tuff":9,"minecraft:oak_log":17,"minecraft:gunpowder":1,"minecraft:dirt":120,"minecraft:string":2,"minecraft:raw_copper":127,"minecraft:wheat_seeds":41,"minecraft:cobbled_deepslate":12,"minecraft:raw_gold":1,"minecraft:beef":5,"minecraft:light_gray_wool":2,"minecraft:sugar_cane":3,"minecraft:raw_iron":35,"minecraft:torch":5,"minecraft:dandelion":2,"minecraft:porkchop":12,"minecraft:cherry_log":19,"minecraft:pointed_dripstone":9,"minecraft:redstone":101,"minecraft:stone_sword":1,"minecraft:arrow":1,"minecraft:rotten_flesh":2,"minecraft:stone_axe":1,"minecraft:granite":18,"minecraft:gray_wool":1,"minecraft:black_wool":1,"minecraft:mutton":8,"minecraft:coal":59,"minecraft:white_wool":1,"minecraft:cobblestone":165},"minecraft:crafted":{"minecraft:cooked_beef":5,"minecraft:cherry_planks":76,"minecraft:oak_planks":68,"minecraft:stone_shovel":2,"minecraft:cooked_porkchop":12,"minecraft:crafting_table":3,"minecraft:cooked_chicken":8,"minecraft:wooden_pickaxe":1,"minecraft:furnace":2,"minecraft:cooked_salmon":11,"minecraft:stone_axe":2,"minecraft:cooked_mutton":8,"minecraft:air":0,"minecraft:wooden_hoe":1,"minecraft:stick":56,"minecraft:iron_ingot":23,"minecraft:iron_pickaxe":3,"minecraft:stone_pickaxe":8,"minecraft:wooden_axe":1,"minecraft:stone_sword":2,"minecraft:chest":1,"minecraft:torch":68}},"DataVersion":3465}