{"stats":{"minecraft:crafted":{"minecraft:cherry_planks":76,"minecraft:stone_shovel":2,"minecraft:cooked_porkchop":5,"minecraft:crafting_table":2,"minecraft:stick":32,"minecraft:iron_ingot":6,"minecraft:wooden_pickaxe":1,"minecraft:stone_pickaxe":4,"minecraft:wooden_axe":1,"minecraft:stone_sword":1,"minecraft:chest":1,"minecraft:furnace":1,"minecraft:torch":40,"minecraft:stone_axe":2,"minecraft:cooked_mutton":4,"minecraft:air":0},"minecraft:used":{"minecraft:cooked_mutton":4,"minecraft:wooden_axe":16,"minecraft:stone_sword":41,"minecraft:stone_pickaxe":175,"minecraft:stone_shovel":69,"minecraft:chest":1,"minecraft:wooden_pickaxe":10,"minecraft:torch":12,"minecraft:dirt":75,"minecraft:cobblestone":12,"minecraft:crafting_table":3,"minecraft:furnace":1,"minecraft:granite":1},"minecraft:broken":{"minecraft:stone_pickaxe":1},"minecraft:mined":{"minecraft:iron_ore":21,"minecraft:cherry_log":19,"minecraft:torch":3,"minecraft:glow_lichen":2,"minecraft:crafting_table":1,"minecraft:granite":1,"minecraft:grass":15,"minecraft:pointed_dripstone":7,"minecraft:grass_block":31,"minecraft:coal_ore":20,"minecraft:cherry_leaves":2,"minecraft:dripstone_block":1,"minecraft:dirt":48,"minecraft:copper_ore":34,"minecraft:stone":98},"minecraft:custom":{"minecraft:time_since_rest":30825,"minecraft:interact_with_furnace":12,"minecraft:sprint_one_cm":32102,"minecraft:damage_taken":340,"minecraft:walk_one_cm":86778,"minecraft:mob_kills":12,"minecraft:drop":2,"minecraft:damage_dealt":1629,"minecraft:interact_with_crafting_table":8,"minecraft:fly_one_cm":17310,"minecraft:open_chest":10,"minecraft:crouch_one_cm":3173,"minecraft:play_time":30825,"minecraft:sneak_time":1688,"minecraft:walk_under_water_one_cm":364,"minecraft:jump":290,"minecraft:walk_on_water_one_cm":494,"minecraft:time_since_death":30825,"minecraft:total_world_time":30825,"minecraft:fall_one_cm":6433},"minecraft:killed":{"minecraft:skeleton":2,"minecraft:sheep":4,"minecraft:zombie":1,"minecraft:pig":2,"minecraft:spider":1,"minecraft:creeper":1},"minecraft:dropped":{"minecraft:wooden_axe":1,"minecraft:wooden_pickaxe":1},"minecraft:picked_up":{"minecraft:crafting_table":1,"minecraft:raw_iron":20,"minecraft:torch":3,"minecraft:porkchop":5,"minecraft:cherry_log":19,"minecraft:gunpowder":1,"minecraft:raw_copper":115,"minecraft:dirt":89,"minecraft:arrow":1,"minecraft:rotten_flesh":1,"minecraft:wheat_seeds":2,"minecraft:granite":1,"minecraft:gray_wool":1,"minecraft:light_gray_wool":1,"minecraft:black_wool":1,"minecraft:mutton":4,"minecraft:coal":20,"minecraft:white_wool":1,"minecraft:cobblestone":98}},"DataVersion":3465}