{"stats":{"minecraft:killed_by":{"minecraft:skeleton":1},"minecraft:dropped":{"minecraft:iron_ingot":53,"minecraft:bread":66,"minecraft:wheat_seeds":7,"minecraft:lapis_lazuli":85,"minecraft:diamond":6,"minecraft:dripstone_block":17,"minecraft:crossbow":1,"minecraft:cobblestone":42,"minecraft:granite":12,"minecraft:grass_block":3,"minecraft:coal":9,"minecraft:emerald":1,"minecraft:stick":4,"minecraft:flint":5,"minecraft:dirt":31,"minecraft:diorite":7,"minecraft:torch":20,"minecraft:wooden_axe":1,"minecraft:cherry_planks":3,"minecraft:sunflower":3,"minecraft:amethyst_shard":20,"minecraft:pumpkin":2,"minecraft:iron_axe":1,"minecraft:sand":64,"minecraft:string":100,"minecraft:pink_petals":39,"minecraft:white_wool":4,"minecraft:dandelion":2,"minecraft:redstone":149,"minecraft:bone":8,"minecraft:gravel":44,"minecraft:sugar_cane":3,"minecraft:cobbled_deepslate":9,"minecraft:raw_copper":9,"minecraft:tuff":12,"minecraft:wheat":168,"minecraft:obsidian":6,"minecraft:pointed_dripstone":10,"minecraft:raw_iron":13,"minecraft:cherry_sapling":1,"minecraft:rotten_flesh":40,"minecraft:azure_bluet":2,"minecraft:hay_block":24,"minecraft:gunpowder":6,"minecraft:peony":1,"minecraft:andesite":8,"minecraft:spider_eye":3,"minecraft:bow":1,"minecraft:arrow":19,"minecraft:wooden_pickaxe":4,"minecraft:magma_block":1},"minecraft:broken":{"minecraft:stone_pickaxe":1,"minecraft:shield":2,"minecraft:iron_axe":1,"minecraft:iron_pickaxe":5,"minecraft:iron_helmet":1},"minecraft:used":{"minecraft:enchanting_table":2,"minecraft:iron_shovel":225,"minecraft:chest":6,"minecraft:shield":102,"minecraft:stone":9,"minecraft:iron_sword":149,"securitycraft:keypad_door_item":1,"minecraft:netherrack":1,"minecraft:iron_chestplate":1,"minecraft:torch":18,"minecraft:dirt":49,"minecraft:anvil":1,"securitycraft:keypad_item":2,"minecraft:tuff":3,"minecraft:granite":8,"minecraft:wooden_axe":3,"minecraft:iron_axe":199,"minecraft:iron_helmet":1,"minecraft:iron_boots":1,"minecraft:hay_block":1,"minecraft:furnace":15,"minecraft:cobbled_deepslate":415,"minecraft:iron_leggings":1,"minecraft:cooked_mutton":4,"minecraft:water_bucket":170,"minecraft:diorite":6,"minecraft:stone_pickaxe":131,"minecraft:wooden_pickaxe":39,"securitycraft:keypad_frame":1,"minecraft:diamond_axe":97,"minecraft:crafting_table":31,"securitycraft:universal_block_remover":19,"minecraft:white_bed":12,"minecraft:dripstone_block":2,"minecraft:diamond_pickaxe":989,"minecraft:string":1,"minecraft:iron_pickaxe":1251,"minecraft:bread":162,"minecraft:gravel":1,"minecraft:stone_axe":48,"minecraft:diamond_sword":203,"minecraft:cobblestone":723,"minecraft:andesite":9,"minecraft:cooked_porkchop":12,"minecraft:bucket":171,"minecraft:oak_boat":8},"minecraft:custom":{"minecraft:interact_with_anvil":2,"minecraft:mob_kills":188,"minecraft:interact_with_crafting_table":70,"minecraft:leave_game":13,"minecraft:time_since_death":238457,"minecraft:climb_one_cm":926,"minecraft:walk_one_cm":375905,"minecraft:sprint_one_cm":1413294,"minecraft:damage_blocked_by_shield":6125,"minecraft:drop":135,"minecraft:talked_to_villager":1,"minecraft:play_time":409452,"minecraft:sneak_time":36794,"minecraft:deaths":3,"minecraft:walk_under_water_one_cm":29582,"minecraft:boat_one_cm":49879,"minecraft:jump":9335,"minecraft:enchant_item":7,"minecraft:walk_on_water_one_cm":117844,"minecraft:total_world_time":409452,"minecraft:interact_with_furnace":143,"minecraft:sleep_in_bed":15,"minecraft:time_since_rest":10670,"minecraft:damage_taken":7971,"minecraft:damage_dealt":34095,"minecraft:swim_one_cm":152483,"minecraft:fly_one_cm":1517796,"minecraft:open_chest":81,"minecraft:crouch_one_cm":97208,"minecraft:fall_one_cm":286919},"minecraft:killed":{"minecraft:cave_spider":6,"minecraft:spider":18,"minecraft:skeleton":34,"minecraft:drowned":2,"minecraft:pig":9,"minecraft:zombie_villager":1,"minecraft:iron_golem":2,"minecraft:bat":1,"minecraft:creeper":3,"minecraft:sheep":13,"minecraft:pillager":3,"minecraft:zombie":67,"minecraft:enderman":3,"minecraft:cow":22},"minecraft:picked_up":{"minecraft:iron_chestplate":2,"minecraft:crafting_table":30,"minecraft:wheat":151,"minecraft:azure_bluet":3,"minecraft:wooden_pickaxe":2,"minecraft:shield":2,"minecraft:amethyst_block":1,"minecraft:string":156,"minecraft:raw_copper":80,"minecraft:iron_axe":2,"minecraft:iron_leggings":2,"minecraft:iron_shovel":1,"minecraft:cobbled_deepslate":465,"minecraft:beef":40,"minecraft:oak_boat":8,"minecraft:iron_pickaxe":2,"minecraft:sugar_cane":43,"minecraft:chest":2,"minecraft:iron_boots":2,"minecraft:furnace":14,"minecraft:raw_iron":392,"minecraft:stick":20,"minecraft:stone":9,"securitycraft:reinforced_cobblestone":9,"minecraft:torch":9,"minecraft:porkchop":28,"minecraft:cherry_log":10,"minecraft:pointed_dripstone":15,"minecraft:diorite":18,"minecraft:carrot":6,"minecraft:redstone":711,"minecraft:arrow":23,"minecraft:rotten_flesh":52,"minecraft:peony":3,"minecraft:hay_block":136,"minecraft:white_wool":14,"minecraft:obsidian":17,"minecraft:mutton":25,"minecraft:rail":1,"minecraft:cobblestone":919,"minecraft:enchanting_table":1,"minecraft:pink_petals":46,"minecraft:magma_block":1,"minecraft:water_bucket":2,"minecraft:andesite":23,"minecraft:leather":17,"minecraft:potato":2,"minecraft:flint":14,"minecraft:tuff":15,"minecraft:oak_log":36,"minecraft:gunpowder":9,"minecraft:lapis_lazuli":438,"minecraft:dirt":125,"minecraft:cooked_mutton":1,"securitycraft:reinforced_stone_button":17,"minecraft:bone":10,"minecraft:bow":2,"minecraft:wheat_seeds":9,"minecraft:raw_gold":99,"minecraft:iron_ingot":75,"minecraft:iron_sword":1,"minecraft:oak_planks":26,"minecraft:book":36,"minecraft:cooked_porkchop":2,"minecraft:pumpkin":6,"minecraft:dandelion":2,"minecraft:dripstone_block":24,"minecraft:gravel":122,"minecraft:sand":152,"minecraft:amethyst_shard":56,"minecraft:white_bed":12,"minecraft:grass_block":3,"securitycraft:reinforced_stone":9,"minecraft:spider_eye":4,"minecraft:diamond":57,"minecraft:stone_axe":1,"minecraft:iron_helmet":2,"minecraft:crossbow":1,"minecraft:granite":21,"minecraft:cherry_sapling":1,"minecraft:bread":178,"minecraft:emerald":2,"securitycraft:keypad":1,"minecraft:oak_sapling":1,"minecraft:netherrack":1,"minecraft:coal":296,"minecraft:sunflower":2,"minecraft:ender_pearl":3,"minecraft:diamond_pickaxe":1},"minecraft:mined":{"minecraft:tuff":9,"minecraft:white_bed":11,"minecraft:deepslate_diamond_ore":47,"minecraft:cherry_log":10,"minecraft:obsidian":5,"minecraft:granite":31,"minecraft:grass_block":13,"minecraft:spawner":2,"minecraft:hay_block":94,"minecraft:redstone_ore":2,"minecraft:magma_block":1,"minecraft:furnace":12,"minecraft:carrots":5,"minecraft:iron_ore":251,"minecraft:fire":2,"minecraft:cobbled_deepslate":7,"minecraft:andesite":48,"minecraft:pumpkin":2,"minecraft:deepslate_lapis_ore":50,"minecraft:peony":1,"minecraft:gold_block":1,"minecraft:azure_bluet":1,"minecraft:enchanting_table":1,"minecraft:sculk_shrieker":1,"minecraft:potatoes":2,"minecraft:dirt_path":1,"minecraft:bookshelf":12,"minecraft:pointed_dripstone":7,"minecraft:deepslate_iron_ore":139,"minecraft:rail":1,"minecraft:stone":791,"minecraft:tripwire":1,"minecraft:deepslate_redstone_ore":105,"minecraft:amethyst_cluster":5,"minecraft:crafting_table":29,"minecraft:torch":5,"minecraft:emerald_ore":1,"minecraft:chest":2,"minecraft:copper_ore":22,"minecraft:tall_grass":3,"minecraft:cobblestone":40,"minecraft:deepslate_gold_ore":82,"minecraft:lapis_ore":3,"minecraft:oak_planks":2,"minecraft:sugar_cane":14,"minecraft:sculk":2,"minecraft:diorite":10,"minecraft:wall_torch":4,"minecraft:amethyst_block":1,"minecraft:pink_petals":9,"minecraft:wheat":1,"minecraft:grass":56,"minecraft:coal_ore":181,"minecraft:oak_log":36,"minecraft:gravel":98,"minecraft:dirt":80,"minecraft:sunflower":3,"minecraft:sand":88,"minecraft:dripstone_block":19,"minecraft:cobweb":69,"minecraft:netherrack":2,"minecraft:gold_ore":7,"minecraft:deepslate":482,"minecraft:oak_leaves":15},"minecraft:crafted":{"minecraft:cherry_planks":40,"minecraft:oak_planks":144,"minecraft:furnace":4,"minecraft:stone_button":17,"minecraft:stone":44,"securitycraft:keypad_item":2,"securitycraft:keypad_frame":1,"minecraft:heavy_weighted_pressure_plate":2,"minecraft:cooked_mutton":8,"minecraft:glass_pane":16,"securitycraft:laser_block":1,"minecraft:glass":24,"minecraft:iron_boots":1,"minecraft:iron_axe":2,"securitycraft:universal_block_remover":1,"minecraft:stone_pickaxe":1,"minecraft:chest":4,"minecraft:iron_door":3,"minecraft:redstone_block":1,"securitycraft:keypad_door_item":1,"minecraft:wheat":777,"minecraft:cooked_beef":4,"minecraft:diamond_sword":1,"minecraft:cooked_porkchop":20,"minecraft:diamond_axe":1,"minecraft:crafting_table":3,"minecraft:enchanting_table":1,"minecraft:wooden_pickaxe":2,"minecraft:iron_helmet":2,"minecraft:iron_sword":1,"minecraft:bucket":1,"minecraft:stone_axe":1,"minecraft:bread":261,"minecraft:air":0,"minecraft:oak_boat":1,"securitycraft:door_indestructible_iron_item":1,"minecraft:book":1,"minecraft:iron_chestplate":1,"minecraft:paper":3,"minecraft:diamond_pickaxe":1,"minecraft:shield":2,"minecraft:stick":72,"minecraft:iron_ingot":127,"minecraft:iron_pickaxe":6,"minecraft:wooden_axe":1,"minecraft:iron_block":3,"minecraft:iron_shovel":1,"minecraft:iron_leggings":1,"minecraft:anvil":1,"minecraft:white_bed":2,"minecraft:torch":40,"minecraft:shears":1,"securitycraft:universal_block_reinforcer_lvl1":1}},"DataVersion":3465}