{"stats":{"minecraft:killed_by":{"minecraft:skeleton":1},"minecraft:dropped":{"minecraft:iron_ingot":53,"minecraft:bread":66,"minecraft:wheat_seeds":7,"minecraft:lapis_lazuli":85,"minecraft:diamond":6,"minecraft:dripstone_block":17,"minecraft:crossbow":1,"minecraft:cobblestone":42,"minecraft:granite":12,"minecraft:grass_block":3,"minecraft:coal":9,"minecraft:emerald":1,"minecraft:stick":4,"minecraft:flint":5,"minecraft:dirt":31,"minecraft:diorite":7,"minecraft:torch":20,"minecraft:wooden_axe":1,"minecraft:cherry_planks":3,"minecraft:sunflower":3,"minecraft:amethyst_shard":20,"minecraft:pumpkin":2,"minecraft:iron_axe":1,"minecraft:sand":64,"minecraft:string":100,"minecraft:pink_petals":39,"minecraft:white_wool":4,"minecraft:dandelion":2,"minecraft:redstone":149,"minecraft:bone":8,"minecraft:gravel":44,"minecraft:sugar_cane":3,"minecraft:cobbled_deepslate":9,"minecraft:raw_copper":9,"minecraft:tuff":12,"minecraft:wheat":168,"minecraft:obsidian":6,"minecraft:pointed_dripstone":10,"minecraft:raw_iron":13,"minecraft:cherry_sapling":1,"minecraft:rotten_flesh":40,"minecraft:cooked_mutton":5,"minecraft:azure_bluet":2,"minecraft:hay_block":24,"minecraft:gunpowder":6,"minecraft:peony":1,"minecraft:andesite":8,"minecraft:spider_eye":3,"minecraft:bow":1,"minecraft:arrow":19,"minecraft:wooden_pickaxe":4,"minecraft:magma_block":1},"minecraft:broken":{"minecraft:stone_pickaxe":1,"minecraft:shield":2,"minecraft:iron_axe":1,"minecraft:iron_pickaxe":5,"minecraft:iron_helmet":1},"minecraft:used":{"minecraft:enchanting_table":2,"minecraft:iron_shovel":273,"minecraft:chest":6,"minecraft:shield":121,"minecraft:stone":9,"minecraft:iron_sword":149,"securitycraft:keypad_door_item":1,"minecraft:netherrack":1,"minecraft:iron_chestplate":1,"minecraft:torch":18,"minecraft:dirt":62,"minecraft:anvil":1,"securitycraft:keypad_item":2,"minecraft:tuff":3,"minecraft:granite":8,"minecraft:wooden_axe":3,"minecraft:bookshelf":16,"minecraft:iron_axe":199,"minecraft:iron_helmet":1,"minecraft:iron_boots":1,"minecraft:hay_block":1,"minecraft:furnace":15,"minecraft:cobbled_deepslate":415,"minecraft:iron_leggings":1,"minecraft:cooked_mutton":4,"minecraft:water_bucket":195,"minecraft:diorite":6,"minecraft:stone_pickaxe":131,"minecraft:sugar_cane":15,"minecraft:wooden_pickaxe":39,"securitycraft:keypad_frame":1,"minecraft:diamond_axe":166,"minecraft:sand":16,"minecraft:crafting_table":32,"minecraft:blast_furnace":6,"securitycraft:universal_block_remover":19,"minecraft:white_bed":13,"minecraft:dripstone_block":2,"minecraft:diamond_pickaxe":1039,"minecraft:string":1,"minecraft:iron_pickaxe":1251,"minecraft:bread":179,"minecraft:gravel":1,"minecraft:stone_axe":48,"minecraft:diamond_sword":223,"minecraft:cobblestone":723,"minecraft:andesite":9,"minecraft:cooked_porkchop":12,"minecraft:bucket":196,"minecraft:oak_boat":11},"minecraft:custom":{"minecraft:interact_with_anvil":5,"minecraft:mob_kills":204,"minecraft:interact_with_crafting_table":86,"minecraft:leave_game":13,"minecraft:time_since_death":286457,"minecraft:climb_one_cm":926,"minecraft:walk_one_cm":421417,"minecraft:sprint_one_cm":1560168,"minecraft:damage_blocked_by_shield":7295,"minecraft:drop":136,"minecraft:talked_to_villager":1,"minecraft:play_time":457452,"minecraft:sneak_time":37220,"minecraft:deaths":3,"minecraft:walk_under_water_one_cm":30075,"minecraft:boat_one_cm":189456,"minecraft:jump":10180,"minecraft:interact_with_blast_furnace":27,"minecraft:enchant_item":7,"minecraft:walk_on_water_one_cm":121653,"minecraft:total_world_time":457452,"minecraft:interact_with_furnace":187,"minecraft:sleep_in_bed":22,"minecraft:time_since_rest":1944,"minecraft:damage_taken":8507,"minecraft:damage_dealt":36818,"minecraft:swim_one_cm":159450,"minecraft:fly_one_cm":1664894,"minecraft:open_chest":102,"minecraft:crouch_one_cm":98668,"minecraft:fall_one_cm":306774},"minecraft:killed":{"minecraft:cave_spider":6,"minecraft:spider":21,"minecraft:skeleton":38,"minecraft:drowned":2,"minecraft:pig":9,"minecraft:zombie_villager":1,"minecraft:iron_golem":2,"minecraft:bat":1,"minecraft:creeper":4,"minecraft:sheep":13,"minecraft:pillager":3,"minecraft:zombie":72,"minecraft:enderman":3,"minecraft:cow":22},"minecraft:picked_up":{"minecraft:iron_chestplate":2,"minecraft:crafting_table":31,"minecraft:wheat":152,"minecraft:azure_bluet":3,"minecraft:wooden_pickaxe":2,"minecraft:shield":2,"minecraft:amethyst_block":1,"minecraft:string":157,"minecraft:raw_copper":80,"minecraft:iron_axe":2,"minecraft:iron_leggings":2,"minecraft:iron_shovel":1,"minecraft:cobbled_deepslate":465,"minecraft:beef":40,"minecraft:oak_boat":11,"minecraft:iron_pickaxe":2,"minecraft:sugar_cane":73,"minecraft:chest":2,"minecraft:iron_boots":2,"minecraft:furnace":14,"minecraft:raw_iron":399,"minecraft:stick":20,"minecraft:stone":9,"securitycraft:reinforced_cobblestone":9,"minecraft:torch":9,"minecraft:porkchop":28,"minecraft:cherry_log":10,"minecraft:pointed_dripstone":16,"minecraft:diorite":18,"minecraft:carrot":6,"minecraft:redstone":711,"minecraft:arrow":26,"minecraft:rotten_flesh":63,"minecraft:peony":3,"minecraft:hay_block":136,"minecraft:white_wool":15,"minecraft:obsidian":17,"minecraft:mutton":27,"minecraft:rail":1,"minecraft:cobblestone":963,"minecraft:enchanting_table":1,"minecraft:pink_petals":50,"minecraft:magma_block":1,"minecraft:water_bucket":2,"minecraft:andesite":23,"minecraft:leather":22,"minecraft:potato":2,"minecraft:flint":14,"minecraft:tuff":15,"minecraft:oak_log":82,"minecraft:gunpowder":10,"minecraft:lapis_lazuli":438,"minecraft:dirt":163,"minecraft:cooked_mutton":1,"securitycraft:reinforced_stone_button":17,"minecraft:bone":13,"minecraft:bow":2,"minecraft:wheat_seeds":9,"minecraft:raw_gold":99,"minecraft:iron_ingot":75,"minecraft:iron_sword":1,"minecraft:oak_planks":26,"minecraft:book":36,"minecraft:cooked_porkchop":2,"minecraft:pumpkin":6,"minecraft:dandelion":2,"minecraft:dripstone_block":24,"minecraft:gravel":122,"minecraft:sand":168,"minecraft:amethyst_shard":56,"minecraft:white_bed":13,"minecraft:grass_block":3,"securitycraft:reinforced_stone":9,"minecraft:spider_eye":6,"minecraft:diamond":57,"minecraft:stone_axe":1,"minecraft:iron_helmet":2,"minecraft:crossbow":1,"minecraft:granite":21,"minecraft:cherry_sapling":1,"minecraft:bread":178,"minecraft:emerald":2,"securitycraft:keypad":1,"minecraft:oak_sapling":2,"minecraft:netherrack":1,"minecraft:coal":296,"minecraft:sunflower":2,"minecraft:ender_pearl":3,"minecraft:diamond_pickaxe":1},"minecraft:mined":{"minecraft:tuff":9,"minecraft:white_bed":12,"minecraft:deepslate_diamond_ore":47,"minecraft:cherry_log":10,"minecraft:obsidian":5,"minecraft:granite":31,"minecraft:grass_block":46,"minecraft:spawner":2,"minecraft:tall_seagrass":1,"minecraft:hay_block":94,"minecraft:redstone_ore":2,"minecraft:magma_block":1,"minecraft:furnace":12,"minecraft:carrots":5,"minecraft:iron_ore":258,"minecraft:fire":2,"minecraft:cobbled_deepslate":7,"minecraft:andesite":48,"minecraft:pumpkin":2,"minecraft:deepslate_lapis_ore":50,"minecraft:peony":1,"minecraft:gold_block":1,"minecraft:azure_bluet":1,"minecraft:enchanting_table":1,"minecraft:sculk_shrieker":1,"minecraft:potatoes":2,"minecraft:dirt_path":1,"minecraft:bookshelf":12,"minecraft:pointed_dripstone":7,"minecraft:deepslate_iron_ore":139,"minecraft:rail":1,"minecraft:stone":834,"minecraft:tripwire":1,"minecraft:deepslate_redstone_ore":105,"minecraft:amethyst_cluster":5,"minecraft:crafting_table":30,"minecraft:torch":5,"minecraft:emerald_ore":1,"minecraft:chest":2,"minecraft:copper_ore":22,"minecraft:tall_grass":3,"minecraft:cobblestone":40,"minecraft:deepslate_gold_ore":82,"minecraft:lapis_ore":3,"minecraft:oak_planks":2,"minecraft:sugar_cane":28,"minecraft:sculk":2,"minecraft:diorite":10,"minecraft:wall_torch":4,"minecraft:amethyst_block":1,"minecraft:pink_petals":9,"minecraft:wheat":1,"minecraft:grass":61,"minecraft:coal_ore":181,"minecraft:oak_log":82,"minecraft:gravel":98,"minecraft:dirt":85,"minecraft:sunflower":3,"minecraft:sand":104,"minecraft:dripstone_block":19,"minecraft:cobweb":69,"minecraft:netherrack":2,"minecraft:gold_ore":7,"minecraft:deepslate":482,"minecraft:oak_leaves":19},"minecraft:crafted":{"minecraft:cherry_planks":40,"minecraft:smooth_stone":33,"minecraft:oak_planks":192,"minecraft:furnace":9,"minecraft:stone_button":17,"minecraft:blast_furnace":6,"minecraft:stone":50,"securitycraft:keypad_item":2,"minecraft:bookshelf":16,"securitycraft:keypad_frame":1,"minecraft:heavy_weighted_pressure_plate":2,"minecraft:cooked_mutton":8,"minecraft:glass_pane":16,"securitycraft:laser_block":1,"minecraft:glass":24,"minecraft:iron_boots":2,"minecraft:iron_axe":2,"securitycraft:universal_block_remover":1,"minecraft:stone_pickaxe":1,"minecraft:chest":4,"minecraft:iron_door":3,"minecraft:redstone_block":1,"securitycraft:keypad_door_item":1,"minecraft:wheat":777,"minecraft:cooked_beef":4,"minecraft:diamond_sword":1,"minecraft:cooked_porkchop":20,"minecraft:diamond_axe":1,"minecraft:crafting_table":3,"minecraft:enchanting_table":1,"minecraft:wooden_pickaxe":2,"minecraft:iron_helmet":2,"minecraft:iron_sword":1,"minecraft:bucket":2,"minecraft:stone_axe":1,"minecraft:bread":261,"minecraft:air":0,"minecraft:oak_boat":1,"securitycraft:door_indestructible_iron_item":1,"minecraft:book":13,"minecraft:iron_chestplate":2,"minecraft:paper":39,"minecraft:diamond_pickaxe":1,"minecraft:shield":3,"minecraft:stick":72,"minecraft:iron_ingot":351,"minecraft:iron_pickaxe":6,"minecraft:wooden_axe":1,"minecraft:iron_block":3,"minecraft:gold_ingot":90,"minecraft:iron_shovel":1,"minecraft:iron_leggings":2,"minecraft:anvil":1,"minecraft:white_bed":2,"minecraft:torch":40,"minecraft:shears":1,"securitycraft:universal_block_reinforcer_lvl1":1}},"DataVersion":3465}