{"stats":{"minecraft:broken":{"minecraft:stone_pickaxe":1,"minecraft:iron_axe":1,"minecraft:iron_pickaxe":5},"minecraft:killed":{"minecraft:cave_spider":6,"minecraft:spider":10,"minecraft:skeleton":13,"minecraft:drowned":2,"minecraft:pig":9,"minecraft:zombie_villager":1,"minecraft:iron_golem":1,"minecraft:creeper":3,"minecraft:sheep":6,"minecraft:zombie":35,"minecraft:cow":2},"minecraft:killed_by":{"minecraft:skeleton":1},"minecraft:custom":{"minecraft:mob_kills":91,"minecraft:interact_with_crafting_table":52,"minecraft:leave_game":7,"minecraft:time_since_death":78422,"minecraft:climb_one_cm":424,"minecraft:walk_one_cm":217597,"minecraft:sprint_one_cm":836206,"minecraft:damage_blocked_by_shield":2690,"minecraft:drop":100,"minecraft:play_time":249417,"minecraft:sneak_time":30076,"minecraft:deaths":3,"minecraft:walk_under_water_one_cm":17789,"minecraft:jump":5173,"minecraft:walk_on_water_one_cm":74358,"minecraft:total_world_time":249417,"minecraft:interact_with_furnace":101,"minecraft:sleep_in_bed":8,"minecraft:time_since_rest":2323,"minecraft:damage_taken":4582,"minecraft:damage_dealt":17152,"minecraft:swim_one_cm":99244,"minecraft:fly_one_cm":744489,"minecraft:open_chest":31,"minecraft:crouch_one_cm":79315,"minecraft:fall_one_cm":153900},"minecraft:dropped":{"minecraft:iron_ingot":53,"minecraft:bread":65,"minecraft:wheat_seeds":4,"minecraft:lapis_lazuli":85,"minecraft:diamond":6,"minecraft:dripstone_block":14,"minecraft:cobblestone":42,"minecraft:granite":12,"minecraft:coal":9,"minecraft:flint":5,"minecraft:emerald":1,"minecraft:dirt":12,"minecraft:diorite":7,"minecraft:torch":4,"minecraft:wooden_axe":1,"minecraft:cherry_planks":3,"minecraft:sunflower":2,"minecraft:amethyst_shard":20,"minecraft:pumpkin":2,"minecraft:iron_axe":1,"minecraft:sand":64,"minecraft:string":98,"minecraft:pink_petals":37,"minecraft:redstone":144,"minecraft:bone":6,"minecraft:gravel":44,"minecraft:cobbled_deepslate":8,"minecraft:raw_copper":9,"minecraft:tuff":12,"minecraft:obsidian":6,"minecraft:raw_iron":13,"minecraft:pointed_dripstone":4,"minecraft:cherry_sapling":1,"minecraft:rotten_flesh":30,"minecraft:azure_bluet":2,"minecraft:gunpowder":6,"minecraft:peony":1,"minecraft:andesite":8,"minecraft:spider_eye":3,"minecraft:bow":1,"minecraft:arrow":10,"minecraft:wooden_pickaxe":4,"minecraft:magma_block":1},"minecraft:used":{"minecraft:iron_shovel":195,"minecraft:chest":6,"minecraft:shield":44,"minecraft:stone":9,"minecraft:iron_sword":149,"securitycraft:keypad_door_item":1,"minecraft:netherrack":1,"minecraft:iron_chestplate":1,"minecraft:torch":10,"minecraft:dirt":49,"securitycraft:keypad_item":2,"minecraft:tuff":3,"minecraft:granite":7,"minecraft:wooden_axe":3,"minecraft:iron_axe":199,"minecraft:iron_helmet":1,"minecraft:iron_boots":1,"minecraft:hay_block":1,"minecraft:furnace":12,"minecraft:cobbled_deepslate":271,"minecraft:iron_leggings":1,"minecraft:cooked_mutton":4,"minecraft:water_bucket":84,"minecraft:diorite":6,"minecraft:stone_pickaxe":131,"minecraft:wooden_pickaxe":39,"securitycraft:keypad_frame":1,"minecraft:crafting_table":24,"securitycraft:universal_block_remover":1,"minecraft:white_bed":7,"minecraft:dripstone_block":2,"minecraft:diamond_pickaxe":200,"minecraft:string":1,"minecraft:bread":75,"minecraft:iron_pickaxe":1251,"minecraft:gravel":1,"minecraft:stone_axe":48,"minecraft:cobblestone":377,"minecraft:cooked_porkchop":12,"minecraft:andesite":9,"minecraft:bucket":85},"minecraft:mined":{"minecraft:tuff":8,"minecraft:white_bed":6,"minecraft:deepslate_diamond_ore":31,"minecraft:cherry_log":10,"minecraft:obsidian":5,"minecraft:granite":22,"minecraft:grass_block":11,"minecraft:spawner":2,"minecraft:hay_block":16,"minecraft:redstone_ore":2,"minecraft:magma_block":1,"minecraft:furnace":10,"minecraft:iron_ore":103,"minecraft:cobbled_deepslate":6,"minecraft:fire":1,"minecraft:andesite":41,"minecraft:pumpkin":2,"minecraft:deepslate_lapis_ore":38,"minecraft:peony":1,"minecraft:azure_bluet":1,"minecraft:gold_block":1,"minecraft:sculk_shrieker":1,"minecraft:pointed_dripstone":6,"minecraft:deepslate_iron_ore":62,"minecraft:rail":1,"minecraft:stone":584,"minecraft:tripwire":1,"minecraft:deepslate_redstone_ore":88,"minecraft:amethyst_cluster":5,"minecraft:crafting_table":22,"minecraft:emerald_ore":1,"minecraft:chest":2,"minecraft:copper_ore":20,"minecraft:tall_grass":2,"minecraft:cobblestone":18,"minecraft:deepslate_gold_ore":36,"minecraft:oak_planks":2,"minecraft:sugar_cane":12,"minecraft:sculk":2,"minecraft:diorite":8,"minecraft:wall_torch":1,"minecraft:amethyst_block":1,"minecraft:pink_petals":8,"minecraft:grass":30,"minecraft:oak_log":20,"minecraft:coal_ore":137,"minecraft:gravel":80,"minecraft:dirt":69,"minecraft:sunflower":3,"minecraft:sand":88,"minecraft:dripstone_block":19,"minecraft:cobweb":69,"minecraft:netherrack":2,"minecraft:gold_ore":7,"minecraft:oak_leaves":5,"minecraft:deepslate":320},"minecraft:picked_up":{"minecraft:iron_chestplate":2,"minecraft:crafting_table":23,"minecraft:azure_bluet":3,"minecraft:wooden_pickaxe":2,"minecraft:shield":2,"minecraft:amethyst_block":1,"minecraft:string":154,"minecraft:raw_copper":74,"minecraft:iron_axe":2,"minecraft:iron_leggings":2,"minecraft:iron_shovel":1,"minecraft:cobbled_deepslate":327,"minecraft:beef":4,"minecraft:iron_pickaxe":2,"minecraft:sugar_cane":37,"minecraft:chest":2,"minecraft:iron_boots":2,"minecraft:furnace":12,"minecraft:stick":20,"minecraft:raw_iron":168,"minecraft:stone":9,"minecraft:torch":1,"minecraft:porkchop":28,"minecraft:cherry_log":10,"minecraft:pointed_dripstone":9,"minecraft:diorite":18,"minecraft:redstone":644,"minecraft:arrow":14,"minecraft:rotten_flesh":40,"minecraft:peony":3,"minecraft:hay_block":34,"minecraft:obsidian":17,"minecraft:mutton":14,"minecraft:rail":1,"minecraft:white_wool":7,"minecraft:cobblestone":694,"minecraft:pink_petals":44,"minecraft:magma_block":1,"minecraft:water_bucket":2,"minecraft:andesite":23,"minecraft:leather":2,"minecraft:flint":13,"minecraft:tuff":15,"minecraft:oak_log":20,"minecraft:gunpowder":9,"minecraft:lapis_lazuli":375,"minecraft:dirt":105,"minecraft:cooked_mutton":1,"securitycraft:reinforced_stone_button":17,"minecraft:bone":8,"minecraft:bow":2,"minecraft:wheat_seeds":6,"minecraft:raw_gold":53,"minecraft:iron_ingot":72,"minecraft:iron_sword":1,"minecraft:oak_planks":26,"minecraft:cooked_porkchop":2,"minecraft:pumpkin":6,"minecraft:dripstone_block":21,"minecraft:gravel":105,"minecraft:sand":152,"minecraft:amethyst_shard":56,"minecraft:white_bed":7,"minecraft:spider_eye":4,"minecraft:diamond":41,"minecraft:stone_axe":1,"minecraft:iron_helmet":2,"minecraft:granite":20,"minecraft:cherry_sapling":1,"minecraft:bread":177,"minecraft:emerald":2,"securitycraft:keypad":1,"minecraft:oak_sapling":1,"minecraft:netherrack":1,"minecraft:coal":233,"minecraft:sunflower":2,"minecraft:diamond_pickaxe":1},"minecraft:crafted":{"minecraft:cherry_planks":40,"minecraft:oak_planks":80,"minecraft:furnace":3,"minecraft:stone_button":17,"minecraft:stone":17,"securitycraft:keypad_item":2,"securitycraft:keypad_frame":1,"minecraft:heavy_weighted_pressure_plate":2,"minecraft:cooked_mutton":3,"minecraft:glass_pane":16,"securitycraft:laser_block":1,"minecraft:glass":24,"minecraft:iron_boots":1,"minecraft:iron_axe":2,"securitycraft:universal_block_remover":1,"minecraft:stone_pickaxe":1,"minecraft:chest":4,"minecraft:iron_door":3,"minecraft:redstone_block":1,"securitycraft:keypad_door_item":1,"minecraft:wheat":297,"minecraft:cooked_porkchop":12,"minecraft:crafting_table":3,"minecraft:wooden_pickaxe":2,"minecraft:iron_helmet":1,"minecraft:iron_sword":1,"minecraft:bucket":1,"minecraft:stone_axe":1,"minecraft:bread":99,"minecraft:air":0,"securitycraft:door_indestructible_iron_item":1,"minecraft:iron_chestplate":1,"minecraft:diamond_pickaxe":1,"minecraft:shield":1,"minecraft:stick":68,"minecraft:iron_ingot":111,"minecraft:iron_pickaxe":6,"minecraft:wooden_axe":1,"minecraft:iron_shovel":1,"minecraft:iron_leggings":1,"minecraft:white_bed":1,"minecraft:torch":24,"minecraft:shears":1,"securitycraft:universal_block_reinforcer_lvl1":1}},"DataVersion":3465}