{"stats":{"minecraft:used":{"minecraft:cooked_mutton":4,"minecraft:water_bucket":15,"minecraft:stone_pickaxe":131,"minecraft:shield":9,"minecraft:wooden_pickaxe":18,"minecraft:dirt":18,"minecraft:crafting_table":15,"minecraft:white_bed":4,"minecraft:granite":6,"minecraft:wooden_axe":3,"minecraft:iron_axe":7,"minecraft:iron_pickaxe":348,"minecraft:stone_axe":48,"minecraft:cobblestone":202,"minecraft:hay_block":1,"minecraft:furnace":6,"minecraft:cooked_porkchop":10,"minecraft:andesite":3,"minecraft:bucket":16,"minecraft:cobbled_deepslate":18},"minecraft:crafted":{"minecraft:cherry_planks":40,"minecraft:cooked_porkchop":12,"minecraft:crafting_table":2,"minecraft:iron_helmet":1,"minecraft:wooden_pickaxe":1,"minecraft:furnace":2,"minecraft:bucket":1,"minecraft:stone_axe":1,"minecraft:bread":45,"minecraft:cooked_mutton":3,"minecraft:air":0,"minecraft:iron_boots":1,"minecraft:iron_chestplate":1,"minecraft:shield":1,"minecraft:iron_axe":1,"minecraft:stick":12,"minecraft:iron_ingot":50,"minecraft:iron_pickaxe":2,"minecraft:stone_pickaxe":1,"minecraft:wooden_axe":1,"minecraft:iron_leggings":1,"minecraft:white_bed":1,"minecraft:wheat":135},"minecraft:broken":{"minecraft:stone_pickaxe":1,"minecraft:iron_pickaxe":1},"minecraft:mined":{"minecraft:deepslate_redstone_ore":22,"minecraft:white_bed":4,"minecraft:deepslate_diamond_ore":4,"minecraft:cherry_log":10,"minecraft:amethyst_cluster":4,"minecraft:crafting_table":15,"minecraft:granite":7,"minecraft:emerald_ore":1,"minecraft:grass_block":5,"minecraft:tall_grass":2,"minecraft:copper_ore":4,"minecraft:cobblestone":1,"minecraft:deepslate_gold_ore":10,"minecraft:sugar_cane":7,"minecraft:diorite":5,"minecraft:pink_petals":7,"minecraft:hay_block":16,"minecraft:furnace":6,"minecraft:iron_ore":66,"minecraft:cobbled_deepslate":1,"minecraft:andesite":9,"minecraft:pumpkin":2,"minecraft:deepslate_lapis_ore":8,"minecraft:grass":17,"minecraft:pointed_dripstone":3,"minecraft:coal_ore":80,"minecraft:deepslate_iron_ore":10,"minecraft:dripstone_block":5,"minecraft:sunflower":3,"minecraft:gravel":5,"minecraft:dirt":13,"minecraft:stone":223,"minecraft:deepslate":14},"minecraft:killed_by":{"minecraft:skeleton":1},"minecraft:custom":{"minecraft:interact_with_furnace":59,"minecraft:mob_kills":17,"minecraft:interact_with_crafting_table":20,"minecraft:leave_game":1,"minecraft:time_since_death":1033,"minecraft:sleep_in_bed":4,"minecraft:climb_one_cm":424,"minecraft:time_since_rest":1058,"minecraft:sprint_one_cm":211661,"minecraft:damage_taken":1508,"minecraft:walk_one_cm":52795,"minecraft:damage_blocked_by_shield":630,"minecraft:drop":14,"minecraft:damage_dealt":2814,"minecraft:swim_one_cm":10882,"minecraft:fly_one_cm":233647,"minecraft:deaths":2,"minecraft:crouch_one_cm":16241,"minecraft:play_time":76547,"minecraft:sneak_time":6888,"minecraft:walk_under_water_one_cm":1897,"minecraft:jump":1576,"minecraft:walk_on_water_one_cm":18113,"minecraft:total_world_time":76547,"minecraft:fall_one_cm":55068},"minecraft:killed":{"minecraft:pig":5,"minecraft:spider":3,"minecraft:creeper":1,"minecraft:skeleton":1,"minecraft:sheep":3,"minecraft:zombie":4},"minecraft:dropped":{"minecraft:wheat_seeds":1,"minecraft:cherry_sapling":1,"minecraft:wooden_axe":1,"minecraft:spider_eye":1,"minecraft:sunflower":2,"minecraft:wooden_pickaxe":2,"minecraft:string":3,"minecraft:pink_petals":17},"minecraft:picked_up":{"minecraft:pink_petals":25,"minecraft:crafting_table":15,"minecraft:andesite":9,"minecraft:wooden_pickaxe":1,"minecraft:flint":1,"minecraft:gunpowder":1,"minecraft:lapis_lazuli":42,"minecraft:string":3,"minecraft:dirt":18,"minecraft:raw_copper":13,"minecraft:cooked_mutton":1,"minecraft:wheat_seeds":4,"minecraft:cobbled_deepslate":18,"minecraft:raw_gold":10,"minecraft:iron_ingot":3,"minecraft:sugar_cane":13,"minecraft:furnace":6,"minecraft:stick":2,"minecraft:raw_iron":76,"minecraft:pumpkin":2,"minecraft:dripstone_block":5,"minecraft:gravel":4,"minecraft:porkchop":12,"minecraft:amethyst_shard":16,"minecraft:cherry_log":10,"minecraft:pointed_dripstone":5,"minecraft:diorite":5,"minecraft:white_bed":4,"minecraft:redstone":99,"minecraft:spider_eye":1,"minecraft:arrow":1,"minecraft:rotten_flesh":2,"minecraft:diamond":4,"minecraft:hay_block":16,"minecraft:granite":7,"minecraft:cherry_sapling":1,"minecraft:emerald":1,"minecraft:mutton":4,"minecraft:coal":107,"minecraft:white_wool":3,"minecraft:cobblestone":224,"minecraft:sunflower":2}},"DataVersion":3465}