{"stats":{"minecraft:used":{"minecraft:cooked_mutton":4,"minecraft:water_bucket":4,"minecraft:stone_pickaxe":131,"minecraft:shield":3,"minecraft:wooden_pickaxe":18,"minecraft:crafting_table":11,"minecraft:white_bed":2,"minecraft:granite":6,"minecraft:wooden_axe":3,"minecraft:iron_pickaxe":144,"minecraft:stone_axe":42,"minecraft:cobblestone":135,"minecraft:furnace":5,"minecraft:cooked_porkchop":3,"minecraft:andesite":3,"minecraft:bucket":5,"minecraft:cobbled_deepslate":1},"minecraft:crafted":{"minecraft:cherry_planks":28,"minecraft:cooked_porkchop":11,"minecraft:crafting_table":1,"minecraft:iron_helmet":1,"minecraft:wooden_pickaxe":1,"minecraft:furnace":2,"minecraft:bucket":1,"minecraft:stone_axe":1,"minecraft:cooked_mutton":3,"minecraft:air":0,"minecraft:iron_boots":1,"minecraft:iron_chestplate":1,"minecraft:shield":1,"minecraft:stick":8,"minecraft:iron_ingot":30,"minecraft:iron_pickaxe":1,"minecraft:stone_pickaxe":1,"minecraft:wooden_axe":1,"minecraft:iron_leggings":1,"minecraft:white_bed":1},"minecraft:broken":{"minecraft:stone_pickaxe":1},"minecraft:mined":{"minecraft:white_bed":2,"minecraft:cherry_log":7,"minecraft:crafting_table":11,"minecraft:granite":6,"minecraft:emerald_ore":1,"minecraft:grass_block":2,"minecraft:tall_grass":1,"minecraft:copper_ore":2,"minecraft:cobblestone":1,"minecraft:sugar_cane":6,"minecraft:pink_petals":2,"minecraft:furnace":4,"minecraft:iron_ore":29,"minecraft:andesite":3,"minecraft:pumpkin":2,"minecraft:grass":7,"minecraft:coal_ore":72,"minecraft:deepslate_iron_ore":4,"minecraft:dirt":5,"minecraft:stone":162,"minecraft:deepslate":2},"minecraft:custom":{"minecraft:interact_with_furnace":35,"minecraft:mob_kills":15,"minecraft:interact_with_crafting_table":15,"minecraft:leave_game":1,"minecraft:time_since_death":40547,"minecraft:sleep_in_bed":2,"minecraft:time_since_rest":10232,"minecraft:sprint_one_cm":94361,"minecraft:damage_taken":456,"minecraft:walk_one_cm":27090,"minecraft:damage_blocked_by_shield":270,"minecraft:drop":8,"minecraft:damage_dealt":2164,"minecraft:swim_one_cm":4868,"minecraft:fly_one_cm":97953,"minecraft:crouch_one_cm":10338,"minecraft:play_time":40547,"minecraft:sneak_time":3881,"minecraft:walk_under_water_one_cm":593,"minecraft:jump":687,"minecraft:walk_on_water_one_cm":4969,"minecraft:total_world_time":40547,"minecraft:fall_one_cm":23150},"minecraft:killed":{"minecraft:pig":5,"minecraft:spider":3,"minecraft:creeper":1,"minecraft:skeleton":1,"minecraft:sheep":3,"minecraft:zombie":2},"minecraft:dropped":{"minecraft:wheat_seeds":1,"minecraft:cherry_sapling":1,"minecraft:wooden_axe":1,"minecraft:spider_eye":1,"minecraft:wooden_pickaxe":2,"minecraft:string":3,"minecraft:pink_petals":13},"minecraft:picked_up":{"minecraft:pink_petals":17,"minecraft:crafting_table":11,"minecraft:andesite":3,"minecraft:wooden_pickaxe":1,"minecraft:gunpowder":1,"minecraft:string":3,"minecraft:dirt":7,"minecraft:raw_copper":7,"minecraft:cooked_mutton":1,"minecraft:wheat_seeds":2,"minecraft:cobbled_deepslate":2,"minecraft:iron_ingot":3,"minecraft:sugar_cane":10,"minecraft:furnace":4,"minecraft:stick":2,"minecraft:raw_iron":33,"minecraft:pumpkin":2,"minecraft:porkchop":12,"minecraft:cherry_log":7,"minecraft:white_bed":2,"minecraft:spider_eye":1,"minecraft:arrow":1,"minecraft:rotten_flesh":1,"minecraft:granite":6,"minecraft:cherry_sapling":1,"minecraft:emerald":1,"minecraft:mutton":4,"minecraft:coal":87,"minecraft:white_wool":3,"minecraft:cobblestone":163}},"DataVersion":3465}