{"stats":{"minecraft:used":{"minecraft:wooden_axe":3,"minecraft:crafting_table":2},"minecraft:crafted":{"minecraft:cherry_planks":28,"minecraft:crafting_table":1,"minecraft:stick":4,"minecraft:wooden_pickaxe":1,"minecraft:wooden_axe":1},"minecraft:mined":{"minecraft:pink_petals":1,"minecraft:grass":1,"minecraft:cherry_log":7,"minecraft:crafting_table":2},"minecraft:custom":{"minecraft:time_since_rest":5358,"minecraft:crouch_one_cm":395,"minecraft:play_time":5358,"minecraft:sprint_one_cm":10777,"minecraft:damage_taken":65,"minecraft:walk_one_cm":4279,"minecraft:sneak_time":333,"minecraft:jump":50,"minecraft:damage_dealt":70,"minecraft:time_since_death":5358,"minecraft:total_world_time":5358,"minecraft:fall_one_cm":1596,"minecraft:interact_with_crafting_table":2,"minecraft:fly_one_cm":9009},"minecraft:picked_up":{"minecraft:stick":2,"minecraft:pink_petals":2,"minecraft:crafting_table":2,"minecraft:wheat_seeds":1,"minecraft:cherry_log":7}},"DataVersion":3465}