{"stats":{"minecraft:used":{"minecraft:iron_shovel":176,"minecraft:chest":6,"minecraft:shield":21,"minecraft:stone":9,"minecraft:iron_sword":106,"securitycraft:keypad_door_item":1,"minecraft:netherrack":1,"minecraft:iron_chestplate":1,"minecraft:torch":10,"minecraft:dirt":49,"securitycraft:keypad_item":2,"minecraft:tuff":2,"minecraft:granite":7,"minecraft:wooden_axe":3,"minecraft:iron_axe":144,"minecraft:iron_helmet":1,"minecraft:iron_boots":1,"minecraft:hay_block":1,"minecraft:furnace":11,"minecraft:cobbled_deepslate":27,"minecraft:iron_leggings":1,"minecraft:cooked_mutton":4,"minecraft:water_bucket":35,"minecraft:diorite":6,"minecraft:stone_pickaxe":131,"minecraft:wooden_pickaxe":39,"securitycraft:keypad_frame":1,"minecraft:crafting_table":23,"securitycraft:universal_block_remover":1,"minecraft:white_bed":7,"minecraft:dripstone_block":2,"minecraft:diamond_pickaxe":18,"minecraft:string":1,"minecraft:bread":38,"minecraft:iron_pickaxe":768,"minecraft:gravel":1,"minecraft:stone_axe":48,"minecraft:cobblestone":337,"minecraft:cooked_porkchop":12,"minecraft:andesite":9,"minecraft:bucket":36},"minecraft:killed":{"minecraft:cave_spider":6,"minecraft:spider":5,"minecraft:skeleton":4,"minecraft:drowned":1,"minecraft:pig":9,"minecraft:zombie_villager":1,"minecraft:iron_golem":1,"minecraft:creeper":2,"minecraft:sheep":6,"minecraft:zombie":23},"minecraft:crafted":{"minecraft:cherry_planks":40,"minecraft:oak_planks":80,"minecraft:furnace":2,"minecraft:stone_button":17,"minecraft:stone":17,"securitycraft:keypad_item":2,"securitycraft:keypad_frame":1,"minecraft:heavy_weighted_pressure_plate":2,"minecraft:cooked_mutton":3,"minecraft:glass_pane":16,"securitycraft:laser_block":1,"minecraft:glass":24,"minecraft:iron_boots":1,"minecraft:iron_axe":1,"securitycraft:universal_block_remover":1,"minecraft:stone_pickaxe":1,"minecraft:chest":4,"minecraft:iron_door":3,"minecraft:redstone_block":1,"securitycraft:keypad_door_item":1,"minecraft:wheat":297,"minecraft:cooked_porkchop":12,"minecraft:crafting_table":2,"minecraft:wooden_pickaxe":2,"minecraft:iron_helmet":1,"minecraft:iron_sword":1,"minecraft:bucket":1,"minecraft:stone_axe":1,"minecraft:bread":99,"minecraft:air":0,"securitycraft:door_indestructible_iron_item":1,"minecraft:iron_chestplate":1,"minecraft:diamond_pickaxe":1,"minecraft:shield":1,"minecraft:stick":68,"minecraft:iron_ingot":93,"minecraft:iron_pickaxe":5,"minecraft:wooden_axe":1,"minecraft:iron_shovel":1,"minecraft:iron_leggings":1,"minecraft:white_bed":1,"minecraft:torch":24,"minecraft:shears":1,"securitycraft:universal_block_reinforcer_lvl1":1},"minecraft:mined":{"minecraft:tuff":2,"minecraft:white_bed":6,"minecraft:deepslate_diamond_ore":9,"minecraft:cherry_log":10,"minecraft:obsidian":5,"minecraft:granite":19,"minecraft:grass_block":10,"minecraft:spawner":2,"minecraft:hay_block":16,"minecraft:magma_block":1,"minecraft:redstone_ore":2,"minecraft:furnace":9,"minecraft:iron_ore":98,"minecraft:cobbled_deepslate":1,"minecraft:fire":1,"minecraft:andesite":11,"minecraft:pumpkin":2,"minecraft:deepslate_lapis_ore":14,"minecraft:azure_bluet":1,"minecraft:peony":1,"minecraft:gold_block":1,"minecraft:pointed_dripstone":6,"minecraft:deepslate_iron_ore":34,"minecraft:rail":1,"minecraft:stone":430,"minecraft:tripwire":1,"minecraft:deepslate_redstone_ore":44,"minecraft:amethyst_cluster":5,"minecraft:crafting_table":21,"minecraft:emerald_ore":1,"minecraft:chest":2,"minecraft:copper_ore":8,"minecraft:tall_grass":2,"minecraft:cobblestone":13,"minecraft:deepslate_gold_ore":14,"minecraft:oak_planks":2,"minecraft:sugar_cane":12,"minecraft:diorite":6,"minecraft:wall_torch":1,"minecraft:amethyst_block":1,"minecraft:pink_petals":8,"minecraft:grass":30,"minecraft:oak_log":20,"minecraft:coal_ore":135,"minecraft:gravel":66,"minecraft:dirt":60,"minecraft:sunflower":3,"minecraft:dripstone_block":18,"minecraft:sand":88,"minecraft:cobweb":69,"minecraft:netherrack":2,"minecraft:gold_ore":7,"minecraft:oak_leaves":5,"minecraft:deepslate":26},"minecraft:picked_up":{"minecraft:iron_chestplate":2,"minecraft:crafting_table":22,"minecraft:azure_bluet":2,"minecraft:wooden_pickaxe":2,"minecraft:shield":2,"minecraft:amethyst_block":1,"minecraft:string":148,"minecraft:raw_copper":43,"minecraft:iron_axe":1,"minecraft:iron_leggings":2,"minecraft:iron_shovel":1,"minecraft:cobbled_deepslate":30,"minecraft:iron_pickaxe":2,"minecraft:sugar_cane":37,"minecraft:chest":2,"minecraft:iron_boots":2,"minecraft:furnace":11,"minecraft:stick":20,"minecraft:raw_iron":132,"minecraft:stone":9,"minecraft:torch":1,"minecraft:porkchop":28,"minecraft:cherry_log":10,"minecraft:pointed_dripstone":9,"minecraft:diorite":16,"minecraft:redstone":451,"minecraft:arrow":9,"minecraft:rotten_flesh":23,"minecraft:peony":3,"minecraft:hay_block":34,"minecraft:obsidian":17,"minecraft:mutton":14,"minecraft:rail":1,"minecraft:white_wool":7,"minecraft:cobblestone":543,"minecraft:pink_petals":36,"minecraft:magma_block":1,"minecraft:water_bucket":2,"minecraft:andesite":17,"minecraft:flint":13,"minecraft:tuff":2,"minecraft:oak_log":20,"minecraft:gunpowder":7,"minecraft:lapis_lazuli":212,"minecraft:dirt":95,"minecraft:cooked_mutton":1,"securitycraft:reinforced_stone_button":17,"minecraft:bone":3,"minecraft:wheat_seeds":6,"minecraft:raw_gold":31,"minecraft:iron_ingot":72,"minecraft:iron_sword":1,"minecraft:oak_planks":26,"minecraft:cooked_porkchop":2,"minecraft:pumpkin":6,"minecraft:dripstone_block":21,"minecraft:gravel":89,"minecraft:sand":152,"minecraft:amethyst_shard":56,"minecraft:white_bed":7,"minecraft:spider_eye":2,"minecraft:diamond":19,"minecraft:stone_axe":1,"minecraft:iron_helmet":2,"minecraft:granite":20,"minecraft:cherry_sapling":1,"minecraft:bread":177,"minecraft:emerald":2,"securitycraft:keypad":1,"minecraft:oak_sapling":1,"minecraft:netherrack":1,"minecraft:coal":213,"minecraft:diamond_pickaxe":1,"minecraft:sunflower":2},"minecraft:killed_by":{"minecraft:skeleton":1},"minecraft:dropped":{"minecraft:iron_ingot":53,"minecraft:bread":65,"minecraft:wheat_seeds":4,"minecraft:lapis_lazuli":85,"minecraft:diamond":6,"minecraft:dripstone_block":12,"minecraft:cobblestone":42,"minecraft:granite":12,"minecraft:flint":5,"minecraft:emerald":1,"minecraft:dirt":12,"minecraft:diorite":5,"minecraft:torch":4,"minecraft:wooden_axe":1,"minecraft:cherry_planks":3,"minecraft:sunflower":2,"minecraft:amethyst_shard":20,"minecraft:pumpkin":2,"minecraft:sand":64,"minecraft:string":92,"minecraft:pink_petals":25,"minecraft:redstone":144,"minecraft:bone":1,"minecraft:gravel":4,"minecraft:raw_copper":9,"minecraft:obsidian":6,"minecraft:raw_iron":13,"minecraft:pointed_dripstone":2,"minecraft:cherry_sapling":1,"minecraft:rotten_flesh":9,"minecraft:gunpowder":4,"minecraft:peony":1,"minecraft:andesite":2,"minecraft:spider_eye":1,"minecraft:arrow":2,"minecraft:wooden_pickaxe":4,"minecraft:magma_block":1},"minecraft:broken":{"minecraft:stone_pickaxe":1,"minecraft:iron_axe":1,"minecraft:iron_pickaxe":3},"minecraft:custom":{"minecraft:mob_kills":60,"minecraft:interact_with_crafting_table":48,"minecraft:leave_game":4,"minecraft:time_since_death":6682,"minecraft:climb_one_cm":424,"minecraft:walk_one_cm":153586,"minecraft:sprint_one_cm":610266,"minecraft:damage_blocked_by_shield":1235,"minecraft:drop":61,"minecraft:play_time":177677,"minecraft:sneak_time":14998,"minecraft:deaths":3,"minecraft:walk_under_water_one_cm":4084,"minecraft:jump":3655,"minecraft:walk_on_water_one_cm":39162,"minecraft:total_world_time":177677,"minecraft:interact_with_furnace":91,"minecraft:sleep_in_bed":8,"minecraft:time_since_rest":6710,"minecraft:damage_taken":3223,"minecraft:damage_dealt":11298,"minecraft:swim_one_cm":36932,"minecraft:fly_one_cm":564795,"minecraft:open_chest":31,"minecraft:crouch_one_cm":39355,"minecraft:fall_one_cm":118747}},"DataVersion":3465}