{"stats":{"minecraft:used":{"minecraft:wooden_axe":3,"minecraft:stone_pickaxe":28,"minecraft:wooden_pickaxe":18,"minecraft:stone_axe":23,"minecraft:cobblestone":12,"minecraft:crafting_table":6,"minecraft:furnace":2,"minecraft:white_bed":1,"minecraft:cooked_mutton":4},"minecraft:crafted":{"minecraft:cherry_planks":28,"minecraft:shield":1,"minecraft:crafting_table":1,"minecraft:stick":8,"minecraft:iron_ingot":1,"minecraft:wooden_pickaxe":1,"minecraft:stone_pickaxe":1,"minecraft:wooden_axe":1,"minecraft:furnace":1,"minecraft:white_bed":1,"minecraft:stone_axe":1,"minecraft:air":0,"minecraft:cooked_mutton":3},"minecraft:mined":{"minecraft:pink_petals":1,"minecraft:white_bed":1,"minecraft:furnace":1,"minecraft:iron_ore":4,"minecraft:cherry_log":7,"minecraft:pumpkin":2,"minecraft:crafting_table":6,"minecraft:grass":4,"minecraft:coal_ore":6,"minecraft:dirt":1,"minecraft:stone":34,"minecraft:sugar_cane":6},"minecraft:custom":{"minecraft:time_since_rest":4263,"minecraft:interact_with_furnace":7,"minecraft:sprint_one_cm":53008,"minecraft:damage_taken":185,"minecraft:walk_one_cm":17387,"minecraft:mob_kills":9,"minecraft:damage_dealt":1289,"minecraft:swim_one_cm":4868,"minecraft:interact_with_crafting_table":7,"minecraft:fly_one_cm":73811,"minecraft:crouch_one_cm":2424,"minecraft:play_time":19453,"minecraft:sneak_time":1115,"minecraft:walk_under_water_one_cm":593,"minecraft:jump":387,"minecraft:leave_game":1,"minecraft:walk_on_water_one_cm":3098,"minecraft:time_since_death":19453,"minecraft:sleep_in_bed":1,"minecraft:total_world_time":19453,"minecraft:fall_one_cm":14918},"minecraft:killed":{"minecraft:sheep":3,"minecraft:zombie":2,"minecraft:pig":1,"minecraft:spider":3},"minecraft:picked_up":{"minecraft:raw_iron":4,"minecraft:pink_petals":13,"minecraft:stick":2,"minecraft:crafting_table":6,"minecraft:pumpkin":2,"minecraft:porkchop":2,"minecraft:cherry_log":7,"minecraft:white_bed":1,"minecraft:string":3,"minecraft:spider_eye":1,"minecraft:dirt":1,"minecraft:cooked_mutton":1,"minecraft:rotten_flesh":1,"minecraft:wheat_seeds":1,"minecraft:cherry_sapling":1,"minecraft:sugar_cane":10,"minecraft:coal":6,"minecraft:mutton":4,"minecraft:furnace":1,"minecraft:white_wool":3,"minecraft:cobblestone":34}},"DataVersion":3465}