{"stats":{"minecraft:used":{"minecraft:iron_shovel":152,"minecraft:chest":6,"minecraft:shield":13,"minecraft:iron_sword":87,"minecraft:netherrack":1,"minecraft:torch":5,"minecraft:dirt":49,"minecraft:tuff":2,"minecraft:granite":7,"minecraft:wooden_axe":3,"minecraft:iron_axe":123,"minecraft:hay_block":1,"minecraft:furnace":8,"minecraft:cobbled_deepslate":27,"minecraft:cooked_mutton":4,"minecraft:water_bucket":27,"minecraft:diorite":6,"minecraft:stone_pickaxe":131,"minecraft:wooden_pickaxe":39,"minecraft:crafting_table":22,"minecraft:white_bed":7,"minecraft:dripstone_block":2,"minecraft:diamond_pickaxe":18,"minecraft:bread":24,"minecraft:string":1,"minecraft:iron_pickaxe":634,"minecraft:gravel":1,"minecraft:stone_axe":48,"minecraft:cobblestone":284,"minecraft:cooked_porkchop":12,"minecraft:andesite":9,"minecraft:bucket":28},"minecraft:crafted":{"minecraft:cherry_planks":40,"minecraft:oak_planks":80,"minecraft:furnace":2,"minecraft:stone_button":8,"minecraft:stone":10,"minecraft:glass_pane":16,"minecraft:cooked_mutton":3,"securitycraft:laser_block":1,"minecraft:glass":24,"minecraft:iron_boots":1,"minecraft:iron_axe":1,"minecraft:stone_pickaxe":1,"minecraft:chest":4,"minecraft:redstone_block":1,"minecraft:wheat":297,"minecraft:cooked_porkchop":12,"minecraft:crafting_table":2,"minecraft:wooden_pickaxe":2,"minecraft:iron_helmet":1,"minecraft:iron_sword":1,"minecraft:bucket":1,"minecraft:stone_axe":1,"minecraft:bread":99,"minecraft:air":0,"minecraft:iron_chestplate":1,"minecraft:diamond_pickaxe":1,"minecraft:shield":1,"minecraft:stick":68,"minecraft:iron_ingot":93,"minecraft:iron_pickaxe":3,"minecraft:wooden_axe":1,"minecraft:iron_shovel":1,"minecraft:iron_leggings":1,"minecraft:white_bed":1,"minecraft:torch":24,"securitycraft:universal_block_reinforcer_lvl1":1},"minecraft:broken":{"minecraft:stone_pickaxe":1,"minecraft:iron_pickaxe":2},"minecraft:mined":{"minecraft:tuff":2,"minecraft:white_bed":6,"minecraft:deepslate_diamond_ore":9,"minecraft:cherry_log":10,"minecraft:obsidian":5,"minecraft:granite":19,"minecraft:grass_block":10,"minecraft:spawner":2,"minecraft:hay_block":16,"minecraft:magma_block":1,"minecraft:redstone_ore":2,"minecraft:furnace":6,"minecraft:fire":1,"minecraft:iron_ore":98,"minecraft:cobbled_deepslate":1,"minecraft:andesite":11,"minecraft:pumpkin":2,"minecraft:deepslate_lapis_ore":14,"minecraft:peony":1,"minecraft:gold_block":1,"minecraft:pointed_dripstone":5,"minecraft:deepslate_iron_ore":34,"minecraft:rail":1,"minecraft:stone":351,"minecraft:tripwire":1,"minecraft:deepslate_redstone_ore":44,"minecraft:amethyst_cluster":5,"minecraft:crafting_table":20,"minecraft:emerald_ore":1,"minecraft:chest":2,"minecraft:tall_grass":2,"minecraft:copper_ore":7,"minecraft:cobblestone":1,"minecraft:deepslate_gold_ore":14,"minecraft:oak_planks":2,"minecraft:sugar_cane":12,"minecraft:diorite":6,"minecraft:wall_torch":1,"minecraft:amethyst_block":1,"minecraft:pink_petals":8,"minecraft:grass":28,"minecraft:oak_log":20,"minecraft:coal_ore":108,"minecraft:sand":88,"minecraft:sunflower":3,"minecraft:gravel":42,"minecraft:dripstone_block":16,"minecraft:dirt":43,"minecraft:cobweb":69,"minecraft:netherrack":2,"minecraft:gold_ore":7,"minecraft:oak_leaves":5,"minecraft:deepslate":26},"minecraft:killed_by":{"minecraft:skeleton":1},"minecraft:custom":{"minecraft:mob_kills":49,"minecraft:interact_with_crafting_table":39,"minecraft:leave_game":2,"minecraft:time_since_death":66459,"minecraft:climb_one_cm":424,"minecraft:sprint_one_cm":484427,"minecraft:walk_one_cm":117822,"minecraft:damage_blocked_by_shield":930,"minecraft:drop":61,"minecraft:play_time":141973,"minecraft:deaths":2,"minecraft:sneak_time":12691,"minecraft:walk_under_water_one_cm":3750,"minecraft:jump":2758,"minecraft:walk_on_water_one_cm":36218,"minecraft:total_world_time":141973,"minecraft:interact_with_furnace":76,"minecraft:sleep_in_bed":7,"minecraft:time_since_rest":6101,"minecraft:damage_taken":2396,"minecraft:damage_dealt":9247,"minecraft:swim_one_cm":35237,"minecraft:fly_one_cm":431925,"minecraft:open_chest":18,"minecraft:crouch_one_cm":31346,"minecraft:fall_one_cm":87940},"minecraft:killed":{"minecraft:cave_spider":6,"minecraft:spider":4,"minecraft:skeleton":2,"minecraft:pig":9,"minecraft:zombie_villager":1,"minecraft:iron_golem":1,"minecraft:creeper":2,"minecraft:sheep":3,"minecraft:zombie":20},"minecraft:picked_up":{"minecraft:crafting_table":21,"minecraft:iron_chestplate":1,"minecraft:wooden_pickaxe":2,"minecraft:shield":1,"minecraft:amethyst_block":1,"minecraft:string":146,"minecraft:raw_copper":38,"minecraft:iron_axe":1,"minecraft:iron_leggings":1,"minecraft:cobbled_deepslate":30,"minecraft:iron_pickaxe":1,"minecraft:sugar_cane":37,"minecraft:chest":2,"minecraft:furnace":8,"minecraft:iron_boots":1,"minecraft:stick":2,"minecraft:raw_iron":132,"minecraft:torch":1,"minecraft:porkchop":20,"minecraft:cherry_log":10,"minecraft:pointed_dripstone":7,"minecraft:diorite":16,"minecraft:redstone":451,"minecraft:rotten_flesh":17,"minecraft:arrow":3,"minecraft:peony":1,"minecraft:hay_block":34,"minecraft:obsidian":11,"minecraft:mutton":4,"minecraft:cobblestone":394,"minecraft:white_wool":3,"minecraft:rail":1,"minecraft:magma_block":1,"minecraft:pink_petals":32,"minecraft:water_bucket":1,"minecraft:andesite":17,"minecraft:flint":12,"minecraft:tuff":2,"minecraft:oak_log":20,"minecraft:gunpowder":7,"minecraft:lapis_lazuli":212,"minecraft:dirt":61,"minecraft:cooked_mutton":1,"minecraft:bone":1,"minecraft:wheat_seeds":6,"minecraft:raw_gold":31,"minecraft:iron_ingot":72,"minecraft:oak_planks":2,"minecraft:cooked_porkchop":2,"minecraft:pumpkin":6,"minecraft:sand":152,"minecraft:gravel":41,"minecraft:dripstone_block":19,"minecraft:amethyst_shard":56,"minecraft:white_bed":7,"minecraft:spider_eye":2,"minecraft:diamond":19,"minecraft:stone_axe":1,"minecraft:iron_helmet":1,"minecraft:granite":20,"minecraft:cherry_sapling":1,"minecraft:emerald":2,"minecraft:bread":110,"minecraft:oak_sapling":1,"minecraft:netherrack":1,"minecraft:coal":140,"minecraft:sunflower":2},"minecraft:dropped":{"minecraft:iron_ingot":53,"minecraft:bread":65,"minecraft:wheat_seeds":4,"minecraft:lapis_lazuli":85,"minecraft:diamond":6,"minecraft:dripstone_block":12,"minecraft:cobblestone":42,"minecraft:granite":12,"minecraft:emerald":1,"minecraft:flint":5,"minecraft:dirt":12,"minecraft:diorite":5,"minecraft:torch":4,"minecraft:wooden_axe":1,"minecraft:cherry_planks":3,"minecraft:amethyst_shard":20,"minecraft:pumpkin":2,"minecraft:sunflower":2,"minecraft:sand":64,"minecraft:string":92,"minecraft:pink_petals":25,"minecraft:redstone":144,"minecraft:bone":1,"minecraft:gravel":4,"minecraft:raw_copper":9,"minecraft:obsidian":6,"minecraft:raw_iron":13,"minecraft:pointed_dripstone":2,"minecraft:cherry_sapling":1,"minecraft:rotten_flesh":9,"minecraft:gunpowder":4,"minecraft:peony":1,"minecraft:andesite":2,"minecraft:spider_eye":1,"minecraft:wooden_pickaxe":4,"minecraft:arrow":2,"minecraft:magma_block":1}},"DataVersion":3465}