{"stats":{"minecraft:crafted":{"minecraft:cherry_planks":40,"minecraft:cooked_porkchop":12,"minecraft:crafting_table":2,"minecraft:iron_helmet":1,"minecraft:wooden_pickaxe":2,"minecraft:furnace":2,"minecraft:bucket":1,"minecraft:stone_axe":1,"minecraft:bread":45,"minecraft:cooked_mutton":3,"minecraft:air":0,"minecraft:iron_boots":1,"minecraft:iron_chestplate":1,"minecraft:shield":1,"minecraft:iron_axe":1,"minecraft:stick":16,"minecraft:iron_ingot":50,"minecraft:iron_pickaxe":2,"minecraft:stone_pickaxe":1,"minecraft:wooden_axe":1,"minecraft:iron_leggings":1,"minecraft:white_bed":1,"minecraft:wheat":135},"minecraft:used":{"minecraft:cooked_mutton":4,"minecraft:water_bucket":15,"minecraft:stone_pickaxe":131,"minecraft:wooden_pickaxe":39,"minecraft:shield":12,"minecraft:dirt":18,"minecraft:crafting_table":16,"minecraft:tuff":1,"minecraft:white_bed":4,"minecraft:dripstone_block":2,"minecraft:granite":6,"minecraft:wooden_axe":3,"minecraft:iron_axe":32,"minecraft:bread":2,"minecraft:iron_pickaxe":413,"minecraft:stone_axe":48,"minecraft:cobblestone":213,"minecraft:hay_block":1,"minecraft:furnace":6,"minecraft:cooked_porkchop":12,"minecraft:bucket":16,"minecraft:andesite":9,"minecraft:cobbled_deepslate":18},"minecraft:broken":{"minecraft:stone_pickaxe":1,"minecraft:iron_pickaxe":1},"minecraft:mined":{"minecraft:deepslate_redstone_ore":30,"minecraft:tuff":1,"minecraft:white_bed":4,"minecraft:deepslate_diamond_ore":9,"minecraft:cherry_log":10,"minecraft:amethyst_cluster":4,"minecraft:crafting_table":15,"minecraft:granite":7,"minecraft:emerald_ore":1,"minecraft:grass_block":5,"minecraft:copper_ore":4,"minecraft:tall_grass":2,"minecraft:cobblestone":1,"minecraft:deepslate_gold_ore":10,"minecraft:sugar_cane":7,"minecraft:diorite":6,"minecraft:pink_petals":7,"minecraft:hay_block":16,"minecraft:redstone_ore":2,"minecraft:furnace":6,"minecraft:iron_ore":93,"minecraft:cobbled_deepslate":1,"minecraft:andesite":9,"minecraft:pumpkin":2,"minecraft:deepslate_lapis_ore":9,"minecraft:grass":17,"minecraft:pointed_dripstone":3,"minecraft:coal_ore":80,"minecraft:deepslate_iron_ore":16,"minecraft:sunflower":3,"minecraft:gravel":5,"minecraft:dripstone_block":16,"minecraft:dirt":13,"minecraft:stone":237,"minecraft:gold_ore":7,"minecraft:deepslate":16},"minecraft:killed_by":{"minecraft:skeleton":1},"minecraft:custom":{"minecraft:interact_with_furnace":59,"minecraft:mob_kills":26,"minecraft:interact_with_crafting_table":22,"minecraft:leave_game":2,"minecraft:time_since_death":12459,"minecraft:sleep_in_bed":4,"minecraft:climb_one_cm":424,"minecraft:time_since_rest":12484,"minecraft:sprint_one_cm":260148,"minecraft:damage_taken":1662,"minecraft:walk_one_cm":68821,"minecraft:damage_blocked_by_shield":795,"minecraft:drop":29,"minecraft:damage_dealt":4563,"minecraft:swim_one_cm":11247,"minecraft:fly_one_cm":259829,"minecraft:play_time":87973,"minecraft:crouch_one_cm":18542,"minecraft:sneak_time":8123,"minecraft:deaths":2,"minecraft:walk_under_water_one_cm":1982,"minecraft:jump":1753,"minecraft:walk_on_water_one_cm":20431,"minecraft:total_world_time":87973,"minecraft:fall_one_cm":62596},"minecraft:killed":{"minecraft:pig":5,"minecraft:zombie_villager":1,"minecraft:spider":3,"minecraft:creeper":2,"minecraft:sheep":3,"minecraft:skeleton":2,"minecraft:zombie":10},"minecraft:picked_up":{"minecraft:pink_petals":29,"minecraft:iron_chestplate":1,"minecraft:crafting_table":16,"minecraft:water_bucket":1,"minecraft:andesite":15,"minecraft:wooden_pickaxe":2,"minecraft:flint":2,"minecraft:tuff":1,"minecraft:shield":1,"minecraft:gunpowder":3,"minecraft:lapis_lazuli":93,"minecraft:string":3,"minecraft:dirt":29,"minecraft:raw_copper":26,"minecraft:iron_axe":1,"minecraft:iron_leggings":1,"minecraft:cooked_mutton":1,"minecraft:bone":1,"minecraft:wheat_seeds":6,"minecraft:cobbled_deepslate":20,"minecraft:raw_gold":27,"minecraft:iron_ingot":19,"minecraft:iron_pickaxe":1,"minecraft:sugar_cane":26,"minecraft:iron_boots":1,"minecraft:furnace":8,"minecraft:raw_iron":109,"minecraft:stick":2,"minecraft:cooked_porkchop":2,"minecraft:pumpkin":4,"minecraft:dripstone_block":19,"minecraft:gravel":8,"minecraft:porkchop":12,"minecraft:amethyst_shard":32,"minecraft:cherry_log":10,"minecraft:pointed_dripstone":5,"minecraft:diorite":16,"minecraft:white_bed":5,"minecraft:redstone":244,"minecraft:spider_eye":1,"minecraft:arrow":3,"minecraft:rotten_flesh":8,"minecraft:diamond":13,"minecraft:stone_axe":1,"minecraft:hay_block":16,"minecraft:iron_helmet":1,"minecraft:granite":8,"minecraft:cherry_sapling":1,"minecraft:bread":45,"minecraft:emerald":2,"minecraft:mutton":4,"minecraft:coal":112,"minecraft:white_wool":3,"minecraft:cobblestone":244,"minecraft:sunflower":2},"minecraft:dropped":{"minecraft:gravel":4,"minecraft:wheat_seeds":4,"minecraft:dripstone_block":12,"minecraft:cherry_sapling":1,"minecraft:cobblestone":6,"minecraft:rotten_flesh":5,"minecraft:flint":1,"minecraft:dirt":11,"minecraft:diorite":5,"minecraft:wooden_axe":1,"minecraft:cherry_planks":3,"minecraft:arrow":2,"minecraft:spider_eye":1,"minecraft:sunflower":2,"minecraft:wooden_pickaxe":4,"minecraft:string":3,"minecraft:pink_petals":22,"minecraft:bone":1}},"DataVersion":3465}