{"stats":{"minecraft:used":{"minecraft:cooked_mutton":4,"minecraft:water_bucket":4,"minecraft:stone_pickaxe":131,"minecraft:shield":4,"minecraft:wooden_pickaxe":18,"minecraft:crafting_table":14,"minecraft:white_bed":3,"minecraft:granite":6,"minecraft:wooden_axe":3,"minecraft:iron_pickaxe":187,"minecraft:stone_axe":48,"minecraft:cobblestone":140,"minecraft:hay_block":1,"minecraft:furnace":5,"minecraft:cooked_porkchop":4,"minecraft:andesite":3,"minecraft:bucket":5,"minecraft:cobbled_deepslate":1},"minecraft:crafted":{"minecraft:cherry_planks":28,"minecraft:cooked_porkchop":12,"minecraft:crafting_table":1,"minecraft:iron_helmet":1,"minecraft:wooden_pickaxe":1,"minecraft:furnace":2,"minecraft:bucket":1,"minecraft:stone_axe":1,"minecraft:bread":45,"minecraft:cooked_mutton":3,"minecraft:air":0,"minecraft:iron_boots":1,"minecraft:iron_chestplate":1,"minecraft:shield":1,"minecraft:stick":8,"minecraft:iron_ingot":30,"minecraft:iron_pickaxe":1,"minecraft:stone_pickaxe":1,"minecraft:wooden_axe":1,"minecraft:iron_leggings":1,"minecraft:white_bed":1,"minecraft:wheat":135},"minecraft:broken":{"minecraft:stone_pickaxe":1},"minecraft:mined":{"minecraft:white_bed":3,"minecraft:cherry_log":7,"minecraft:crafting_table":14,"minecraft:granite":6,"minecraft:emerald_ore":1,"minecraft:grass_block":5,"minecraft:tall_grass":2,"minecraft:copper_ore":2,"minecraft:cobblestone":1,"minecraft:sugar_cane":7,"minecraft:pink_petals":2,"minecraft:hay_block":16,"minecraft:furnace":5,"minecraft:iron_ore":44,"minecraft:andesite":3,"minecraft:pumpkin":2,"minecraft:grass":10,"minecraft:coal_ore":80,"minecraft:deepslate_iron_ore":4,"minecraft:sunflower":1,"minecraft:dirt":8,"minecraft:stone":181,"minecraft:deepslate":2},"minecraft:custom":{"minecraft:interact_with_furnace":36,"minecraft:mob_kills":15,"minecraft:interact_with_crafting_table":18,"minecraft:leave_game":1,"minecraft:time_since_death":52547,"minecraft:sleep_in_bed":3,"minecraft:climb_one_cm":424,"minecraft:time_since_rest":9411,"minecraft:sprint_one_cm":140226,"minecraft:damage_taken":526,"minecraft:walk_one_cm":34702,"minecraft:damage_blocked_by_shield":285,"minecraft:drop":8,"minecraft:damage_dealt":2316,"minecraft:swim_one_cm":6252,"minecraft:fly_one_cm":168101,"minecraft:crouch_one_cm":10816,"minecraft:play_time":52547,"minecraft:sneak_time":4035,"minecraft:walk_under_water_one_cm":1443,"minecraft:jump":989,"minecraft:walk_on_water_one_cm":8755,"minecraft:total_world_time":52547,"minecraft:fall_one_cm":31888},"minecraft:killed":{"minecraft:pig":5,"minecraft:spider":3,"minecraft:creeper":1,"minecraft:skeleton":1,"minecraft:sheep":3,"minecraft:zombie":2},"minecraft:dropped":{"minecraft:wheat_seeds":1,"minecraft:cherry_sapling":1,"minecraft:wooden_axe":1,"minecraft:spider_eye":1,"minecraft:wooden_pickaxe":2,"minecraft:string":3,"minecraft:pink_petals":13},"minecraft:picked_up":{"minecraft:pink_petals":17,"minecraft:crafting_table":14,"minecraft:andesite":3,"minecraft:wooden_pickaxe":1,"minecraft:gunpowder":1,"minecraft:string":3,"minecraft:dirt":13,"minecraft:raw_copper":7,"minecraft:cooked_mutton":1,"minecraft:wheat_seeds":3,"minecraft:cobbled_deepslate":2,"minecraft:iron_ingot":3,"minecraft:sugar_cane":13,"minecraft:furnace":5,"minecraft:stick":2,"minecraft:raw_iron":48,"minecraft:pumpkin":2,"minecraft:porkchop":12,"minecraft:cherry_log":7,"minecraft:white_bed":3,"minecraft:spider_eye":1,"minecraft:arrow":1,"minecraft:rotten_flesh":1,"minecraft:hay_block":16,"minecraft:granite":6,"minecraft:cherry_sapling":1,"minecraft:emerald":1,"minecraft:mutton":4,"minecraft:coal":102,"minecraft:white_wool":3,"minecraft:cobblestone":182}},"DataVersion":3465}