{"stats":{"minecraft:used":{"minecraft:cooked_chicken":1,"minecraft:torch":12,"minecraft:dirt":12,"minecraft:mutton":9,"minecraft:carrot":13,"minecraft:wooden_axe":157,"minecraft:furnace":2,"minecraft:egg":1,"minecraft:potato":4,"minecraft:cooked_mutton":6,"minecraft:rabbit":3,"minecraft:stone_pickaxe":294,"minecraft:wooden_pickaxe":136,"minecraft:cherry_planks":78,"minecraft:glow_berries":2,"minecraft:crafting_table":16,"minecraft:spider_eye":1,"minecraft:white_bed":6,"minecraft:bread":3,"minecraft:iron_pickaxe":57,"minecraft:stone_axe":140,"minecraft:pink_petals":3,"minecraft:cobblestone":4,"minecraft:porkchop":9,"minecraft:yellow_bed":2},"minecraft:killed":{"minecraft:spider":3,"minecraft:skeleton":6,"minecraft:chicken":4,"minecraft:cat":1,"minecraft:pig":7,"minecraft:rabbit":3,"minecraft:creeper":4,"minecraft:sheep":23,"minecraft:zombie":21,"minecraft:villager":1,"minecraft:cow":8},"minecraft:crafted":{"minecraft:cherry_planks":392,"minecraft:cooked_chicken":1,"minecraft:furnace":1,"minecraft:pink_dye":3,"minecraft:cooked_mutton":6,"minecraft:stone_pickaxe":5,"minecraft:crafting_table":7,"minecraft:wooden_pickaxe":6,"minecraft:stone_axe":4,"minecraft:air":0,"minecraft:iron_chestplate":1,"minecraft:stick":48,"minecraft:iron_pickaxe":1,"minecraft:iron_ingot":11,"minecraft:wooden_axe":6,"minecraft:white_bed":1,"minecraft:torch":8},"minecraft:mined":{"minecraft:tuff":5,"minecraft:white_bed":6,"minecraft:cherry_log":107,"minecraft:glow_lichen":2,"minecraft:granite":1,"minecraft:dark_oak_fence":1,"minecraft:grass_block":28,"minecraft:furnace":2,"minecraft:carrots":8,"minecraft:iron_ore":61,"minecraft:andesite":22,"minecraft:deepslate_lapis_ore":3,"minecraft:pointed_dripstone":12,"minecraft:potatoes":2,"minecraft:deepslate_iron_ore":7,"minecraft:small_amethyst_bud":1,"minecraft:stone":161,"minecraft:cherry_planks":3,"minecraft:crafting_table":14,"minecraft:torch":6,"minecraft:calcite":1,"minecraft:chest":1,"minecraft:tall_grass":1,"minecraft:copper_ore":4,"minecraft:cobblestone":5,"minecraft:wall_torch":8,"minecraft:amethyst_block":2,"minecraft:pink_petals":16,"minecraft:wheat":17,"minecraft:yellow_bed":3,"minecraft:grass":24,"minecraft:coal_ore":123,"minecraft:beetroots":1,"minecraft:cherry_leaves":13,"minecraft:dripstone_block":3,"minecraft:dirt":13,"minecraft:smooth_basalt":1,"minecraft:deepslate":34},"minecraft:picked_up":{"minecraft:wooden_axe":13,"minecraft:crafting_table":25,"minecraft:wheat":14,"minecraft:chicken":3,"minecraft:chest_minecart":1,"minecraft:wooden_pickaxe":8,"minecraft:amethyst_block":2,"minecraft:string":10,"minecraft:raw_copper":14,"minecraft:cobbled_deepslate":30,"minecraft:beef":14,"minecraft:calcite":1,"minecraft:iron_pickaxe":1,"minecraft:chest":1,"minecraft:egg":2,"minecraft:furnace":2,"minecraft:stick":6,"minecraft:raw_iron":95,"minecraft:torch":38,"minecraft:porkchop":13,"minecraft:cherry_log":104,"minecraft:pointed_dripstone":23,"minecraft:carrot":53,"minecraft:rabbit_foot":3,"minecraft:arrow":14,"minecraft:rotten_flesh":28,"minecraft:mutton":54,"minecraft:rail":1,"minecraft:white_wool":26,"minecraft:cobblestone":302,"minecraft:pink_petals":183,"minecraft:feather":3,"minecraft:cherry_planks":725,"minecraft:andesite":22,"minecraft:brown_wool":1,"minecraft:leather":5,"minecraft:potato":10,"minecraft:tuff":5,"minecraft:yellow_bed":4,"minecraft:gunpowder":6,"minecraft:lapis_lazuli":24,"minecraft:dirt":197,"minecraft:cooked_mutton":3,"minecraft:bone":9,"minecraft:bow":2,"minecraft:wheat_seeds":58,"minecraft:rabbit_hide":6,"minecraft:cooked_chicken":2,"minecraft:stone_pickaxe":4,"minecraft:rabbit":6,"minecraft:smooth_basalt":1,"securitycraft:mine":3,"minecraft:dripstone_block":4,"minecraft:white_bed":11,"minecraft:spider_eye":6,"minecraft:stone_axe":5,"minecraft:granite":1,"minecraft:cherry_sapling":2,"minecraft:gray_wool":1,"minecraft:coal":223,"minecraft:dark_oak_fence":1,"minecraft:pink_dye":6},"minecraft:killed_by":{"minecraft:creeper":2,"minecraft:spider":1,"minecraft:skeleton":7,"minecraft:zombie":1},"minecraft:dropped":{"minecraft:wheat_seeds":4,"minecraft:dripstone_block":2,"minecraft:feather":3,"minecraft:flint":1,"minecraft:dark_oak_fence":1,"minecraft:wooden_axe":3,"minecraft:brown_wool":1,"minecraft:iron_pickaxe":1,"minecraft:string":4,"minecraft:pink_petals":41,"minecraft:bone":4,"minecraft:stone_axe":1,"minecraft:pointed_dripstone":1,"minecraft:cherry_sapling":2,"minecraft:rotten_flesh":3,"minecraft:rabbit_hide":1},"minecraft:broken":{"minecraft:wooden_axe":1},"minecraft:custom":{"minecraft:mob_kills":83,"minecraft:interact_with_crafting_table":21,"minecraft:bell_ring":99,"minecraft:leave_game":3,"minecraft:time_since_death":4877,"minecraft:climb_one_cm":880,"minecraft:sprint_one_cm":400486,"minecraft:walk_one_cm":490686,"minecraft:drop":63,"minecraft:talked_to_villager":10,"minecraft:play_time":166004,"minecraft:deaths":20,"minecraft:sneak_time":568,"minecraft:walk_under_water_one_cm":18257,"minecraft:jump":3544,"minecraft:walk_on_water_one_cm":65429,"minecraft:total_world_time":166004,"minecraft:interact_with_furnace":20,"minecraft:sleep_in_bed":9,"minecraft:time_since_rest":398,"minecraft:damage_taken":7097,"minecraft:damage_dealt":10943,"minecraft:swim_one_cm":65930,"minecraft:fly_one_cm":613937,"minecraft:player_kills":1,"minecraft:open_chest":4,"minecraft:crouch_one_cm":1000,"minecraft:fall_one_cm":157537}},"DataVersion":3465}