{"stats":{"minecraft:broken":{"minecraft:iron_shovel":1,"minecraft:stone_pickaxe":2,"minecraft:iron_axe":1,"minecraft:stone_axe":1,"minecraft:iron_pickaxe":2,"minecraft:wooden_axe":1,"securitycraft:universal_block_reinforcer_lvl1":2,"minecraft:stone_shovel":1},"minecraft:picked_up":{"minecraft:wooden_axe":18,"minecraft:crafting_table":35,"minecraft:wheat":35,"securitycraft:keypad_item":1,"minecraft:chicken":3,"minecraft:chest_minecart":1,"minecraft:wooden_pickaxe":12,"minecraft:oak_stairs":2,"minecraft:stripped_cherry_log":1,"minecraft:amethyst_block":2,"minecraft:heavy_weighted_pressure_plate":1,"minecraft:string":25,"minecraft:raw_copper":14,"minecraft:iron_axe":2,"minecraft:iron_shovel":1,"minecraft:glass_pane":4,"minecraft:cobbled_deepslate":503,"securitycraft:keypad_frame":2,"minecraft:beef":14,"minecraft:calcite":1,"minecraft:iron_pickaxe":4,"minecraft:sugar_cane":6,"minecraft:chest":1,"minecraft:furnace":5,"minecraft:egg":2,"minecraft:stick":13,"minecraft:raw_iron":273,"securitycraft:reinforced_cherry_planks":2,"minecraft:torch":48,"minecraft:porkchop":13,"minecraft:cherry_log":309,"minecraft:pointed_dripstone":103,"minecraft:diorite":7,"minecraft:carrot":143,"minecraft:redstone":79,"minecraft:rabbit_foot":3,"minecraft:arrow":15,"minecraft:rotten_flesh":76,"minecraft:gold_ingot":10,"minecraft:mutton":60,"minecraft:rail":1,"minecraft:white_wool":28,"minecraft:cobblestone":632,"minecraft:pink_petals":199,"minecraft:feather":3,"minecraft:cherry_planks":865,"minecraft:iron_door":2,"minecraft:andesite":32,"minecraft:brown_wool":1,"minecraft:leather":5,"minecraft:potato":22,"minecraft:flint":2,"minecraft:tuff":55,"minecraft:oak_log":10,"minecraft:yellow_bed":4,"minecraft:gunpowder":22,"minecraft:lapis_lazuli":247,"minecraft:dirt":898,"minecraft:cooked_mutton":3,"minecraft:glass":55,"minecraft:bone":11,"minecraft:bow":2,"minecraft:wheat_seeds":161,"minecraft:raw_gold":20,"minecraft:rabbit_hide":6,"minecraft:iron_ingot":44,"minecraft:stone_pickaxe":6,"minecraft:cooked_chicken":2,"securitycraft:universal_block_reinforcer_lvl1":1,"minecraft:rabbit":7,"minecraft:oak_planks":24,"minecraft:smooth_basalt":1,"securitycraft:mine":3,"minecraft:raw_iron_block":1,"minecraft:dripstone_block":43,"minecraft:gravel":14,"minecraft:sand":64,"minecraft:white_bed":16,"securitycraft:reinforced_stone":19,"minecraft:spider_eye":7,"minecraft:mossy_cobblestone":2,"securitycraft:universal_block_remover":1,"minecraft:diamond":112,"minecraft:stone_axe":9,"minecraft:granite":15,"minecraft:cherry_sapling":4,"minecraft:gray_wool":2,"minecraft:bread":1,"securitycraft:door_indestructible_iron_item":4,"minecraft:dark_oak_fence":1,"minecraft:coal":319,"minecraft:pink_dye":6,"minecraft:sunflower":1},"minecraft:dropped":{"minecraft:wheat_seeds":24,"minecraft:lapis_lazuli":12,"minecraft:mossy_cobblestone":2,"minecraft:dripstone_block":13,"minecraft:feather":3,"minecraft:granite":14,"minecraft:flint":1,"minecraft:dark_oak_fence":1,"minecraft:wooden_axe":3,"minecraft:brown_wool":1,"minecraft:sunflower":1,"minecraft:iron_axe":1,"minecraft:iron_pickaxe":2,"minecraft:string":4,"minecraft:pink_petals":41,"minecraft:bone":8,"minecraft:stone_axe":1,"minecraft:pointed_dripstone":1,"minecraft:cherry_sapling":2,"minecraft:rotten_flesh":3,"minecraft:white_bed":1,"minecraft:rabbit_hide":1,"minecraft:spider_eye":1},"minecraft:used":{"minecraft:iron_shovel":497,"minecraft:stone_shovel":159,"minecraft:chest":1,"minecraft:cooked_chicken":1,"minecraft:torch":29,"minecraft:dirt":196,"minecraft:mutton":9,"securitycraft:keypad_item":3,"minecraft:carrot":50,"minecraft:wooden_axe":157,"minecraft:iron_axe":340,"minecraft:furnace":6,"minecraft:egg":1,"minecraft:potato":10,"minecraft:cobbled_deepslate":83,"minecraft:cooked_mutton":6,"securitycraft:door_indestructible_iron_item":4,"minecraft:rabbit":3,"minecraft:stone_pickaxe":600,"minecraft:wooden_pickaxe":136,"securitycraft:keypad_frame":2,"minecraft:cherry_planks":889,"minecraft:glow_berries":2,"minecraft:crafting_table":21,"minecraft:spider_eye":1,"securitycraft:universal_block_remover":3,"minecraft:white_bed":10,"minecraft:dripstone_block":13,"minecraft:bread":6,"minecraft:iron_pickaxe":557,"minecraft:stone_axe":218,"minecraft:pink_petals":3,"minecraft:cobblestone":58,"minecraft:cherry_stairs":4,"minecraft:porkchop":9,"minecraft:cooked_rabbit":1,"minecraft:yellow_bed":2},"minecraft:crafted":{"minecraft:cherry_planks":1216,"minecraft:oak_planks":40,"minecraft:stone_shovel":1,"minecraft:cooked_chicken":1,"minecraft:furnace":3,"minecraft:stone":34,"securitycraft:keypad_item":2,"minecraft:pink_dye":3,"securitycraft:keypad_frame":2,"minecraft:heavy_weighted_pressure_plate":3,"minecraft:cooked_mutton":6,"minecraft:glass_pane":16,"securitycraft:laser_block":3,"minecraft:glass":64,"minecraft:iron_axe":2,"securitycraft:universal_block_remover":1,"minecraft:cherry_stairs":4,"minecraft:stone_pickaxe":7,"minecraft:chest":2,"minecraft:iron_door":6,"minecraft:redstone_block":3,"minecraft:cooked_rabbit":1,"minecraft:crafting_table":8,"securitycraft:reinforced_stone_button":18,"minecraft:wooden_pickaxe":6,"minecraft:stone_axe":4,"minecraft:bread":2,"minecraft:air":0,"securitycraft:door_indestructible_iron_item":4,"minecraft:iron_chestplate":1,"minecraft:stick":76,"minecraft:iron_ingot":135,"minecraft:iron_pickaxe":4,"minecraft:wooden_axe":6,"minecraft:iron_shovel":2,"minecraft:gold_ingot":10,"minecraft:white_bed":1,"minecraft:torch":24,"minecraft:shears":1,"securitycraft:universal_block_reinforcer_lvl1":3},"minecraft:custom":{"minecraft:mob_kills":128,"minecraft:interact_with_crafting_table":75,"minecraft:bell_ring":99,"minecraft:leave_game":7,"minecraft:time_since_death":7272,"minecraft:climb_one_cm":1708,"minecraft:sprint_one_cm":595440,"minecraft:walk_one_cm":1133484,"minecraft:drop":100,"minecraft:talked_to_villager":10,"minecraft:play_time":325893,"minecraft:sneak_time":2373,"minecraft:deaths":26,"minecraft:walk_under_water_one_cm":27524,"minecraft:jump":5525,"minecraft:walk_on_water_one_cm":117474,"minecraft:total_world_time":325893,"minecraft:interact_with_furnace":85,"minecraft:sleep_in_bed":18,"minecraft:time_since_rest":7364,"minecraft:damage_taken":9507,"minecraft:damage_dealt":17997,"minecraft:player_kills":1,"minecraft:swim_one_cm":135348,"minecraft:fly_one_cm":807230,"minecraft:open_chest":36,"minecraft:crouch_one_cm":3626,"minecraft:fall_one_cm":198607},"minecraft:killed":{"minecraft:spider":12,"minecraft:skeleton":8,"minecraft:chicken":4,"minecraft:cat":1,"minecraft:pig":7,"minecraft:rabbit":5,"minecraft:bat":1,"minecraft:creeper":7,"minecraft:sheep":25,"minecraft:zombie":46,"minecraft:villager":1,"minecraft:cow":8},"minecraft:killed_by":{"minecraft:player":1,"minecraft:creeper":3,"minecraft:spider":1,"minecraft:skeleton":11,"minecraft:zombie":1},"minecraft:mined":{"minecraft:tuff":30,"minecraft:white_bed":10,"minecraft:mossy_cobblestone":2,"minecraft:deepslate_diamond_ore":59,"minecraft:cherry_log":321,"minecraft:stripped_cherry_log":1,"minecraft:glow_lichen":2,"minecraft:dark_oak_fence":1,"minecraft:granite":16,"minecraft:grass_block":379,"minecraft:oak_pressure_plate":1,"minecraft:spawner":1,"minecraft:raw_iron_block":1,"minecraft:redstone_ore":1,"minecraft:furnace":4,"minecraft:carrots":8,"minecraft:iron_ore":92,"minecraft:andesite":31,"minecraft:deepslate_lapis_ore":15,"minecraft:potatoes":2,"minecraft:pointed_dripstone":29,"minecraft:dirt_path":18,"minecraft:deepslate_iron_ore":100,"minecraft:small_amethyst_bud":1,"minecraft:oak_stairs":1,"minecraft:stone":277,"minecraft:deepslate_redstone_ore":10,"minecraft:cherry_planks":28,"minecraft:crafting_table":18,"minecraft:torch":8,"minecraft:calcite":1,"minecraft:chest":1,"minecraft:copper_ore":4,"minecraft:tall_grass":17,"minecraft:cobblestone":6,"minecraft:deepslate_gold_ore":10,"minecraft:diorite":6,"minecraft:wall_torch":12,"minecraft:amethyst_block":2,"minecraft:pink_petals":21,"minecraft:wheat":18,"minecraft:yellow_bed":3,"minecraft:grass":122,"minecraft:oak_log":10,"minecraft:coal_ore":161,"minecraft:beetroots":1,"minecraft:gravel":8,"minecraft:cherry_leaves":24,"minecraft:sand":64,"minecraft:dripstone_block":11,"minecraft:dirt":106,"minecraft:smooth_basalt":1,"minecraft:deepslate":366,"minecraft:oak_leaves":1,"minecraft:infested_deepslate":2}},"DataVersion":3465}