{"stats":{"minecraft:killed_by":{"minecraft:player":2,"minecraft:creeper":5,"minecraft:spider":1,"minecraft:skeleton":19,"minecraft:zombie":1},"minecraft:dropped":{"securitycraft:reinforced_stone_button":10,"minecraft:wheat_seeds":24,"minecraft:lapis_lazuli":12,"minecraft:mossy_cobblestone":2,"minecraft:dripstone_block":13,"minecraft:feather":3,"minecraft:iron_helmet":1,"minecraft:granite":14,"minecraft:flint":1,"minecraft:dark_oak_fence":1,"minecraft:wooden_axe":3,"minecraft:brown_wool":1,"minecraft:sunflower":1,"minecraft:iron_axe":1,"minecraft:iron_pickaxe":3,"minecraft:string":4,"minecraft:pink_petals":41,"minecraft:bone":8,"minecraft:stone_axe":1,"minecraft:pointed_dripstone":1,"minecraft:cherry_sapling":3,"minecraft:rotten_flesh":3,"minecraft:white_bed":1,"minecraft:rabbit_hide":1,"minecraft:iron_chestplate":1,"minecraft:spider_eye":1},"minecraft:broken":{"minecraft:iron_shovel":1,"minecraft:stone_pickaxe":2,"minecraft:iron_axe":2,"minecraft:stone_axe":1,"minecraft:iron_pickaxe":2,"minecraft:wooden_axe":1,"securitycraft:universal_block_reinforcer_lvl1":2,"minecraft:stone_shovel":1},"minecraft:used":{"minecraft:iron_shovel":530,"minecraft:flint_and_steel":19,"minecraft:stone_shovel":159,"minecraft:ladder":1,"minecraft:chest":3,"minecraft:cooked_chicken":3,"minecraft:torch":51,"minecraft:dirt":281,"minecraft:mutton":18,"securitycraft:keypad_item":4,"minecraft:carrot":50,"minecraft:glass":24,"minecraft:wooden_axe":157,"minecraft:iron_axe":454,"minecraft:furnace":12,"minecraft:egg":1,"minecraft:potato":10,"minecraft:cobbled_deepslate":83,"minecraft:cherry_fence":16,"minecraft:cooked_mutton":6,"minecraft:wheat_seeds":93,"minecraft:rabbit":3,"securitycraft:door_indestructible_iron_item":4,"minecraft:stone_pickaxe":600,"minecraft:baked_potato":5,"minecraft:wooden_pickaxe":136,"minecraft:cherry_planks":889,"securitycraft:keypad_frame":2,"minecraft:fletching_table":1,"minecraft:glow_berries":2,"minecraft:crafting_table":24,"minecraft:spider_eye":1,"securitycraft:universal_block_remover":3,"minecraft:white_bed":16,"minecraft:dripstone_block":16,"minecraft:bread":10,"minecraft:iron_pickaxe":620,"minecraft:stone_axe":218,"minecraft:pink_petals":3,"minecraft:cobblestone":58,"minecraft:cherry_stairs":4,"minecraft:porkchop":9,"minecraft:cooked_rabbit":1,"minecraft:yellow_bed":2,"minecraft:bone_meal":15},"minecraft:custom":{"minecraft:mob_kills":171,"minecraft:interact_with_crafting_table":93,"minecraft:bell_ring":99,"minecraft:leave_game":22,"minecraft:time_since_death":34820,"minecraft:climb_one_cm":9821,"minecraft:walk_one_cm":1511993,"minecraft:sprint_one_cm":813755,"minecraft:drop":105,"minecraft:talked_to_villager":13,"minecraft:play_time":440026,"minecraft:sneak_time":2467,"minecraft:deaths":37,"minecraft:walk_under_water_one_cm":52269,"minecraft:jump":7159,"minecraft:walk_on_water_one_cm":160796,"minecraft:total_world_time":440026,"minecraft:interact_with_furnace":126,"minecraft:sleep_in_bed":30,"minecraft:time_since_rest":10670,"minecraft:damage_taken":12912,"minecraft:damage_dealt":22742,"minecraft:player_kills":1,"minecraft:swim_one_cm":161128,"minecraft:fly_one_cm":1082859,"minecraft:open_chest":78,"minecraft:crouch_one_cm":4178,"minecraft:fall_one_cm":250172},"minecraft:killed":{"minecraft:spider":16,"minecraft:skeleton":14,"minecraft:chicken":6,"minecraft:cat":1,"minecraft:pig":7,"minecraft:salmon":9,"minecraft:rabbit":8,"minecraft:bat":1,"minecraft:creeper":9,"minecraft:sheep":33,"minecraft:zombie":49,"minecraft:villager":1,"minecraft:cow":12,"minecraft:enderman":1},"minecraft:picked_up":{"minecraft:wooden_axe":18,"minecraft:iron_chestplate":1,"minecraft:crafting_table":38,"minecraft:wheat":47,"securitycraft:keypad_item":1,"minecraft:chicken":5,"minecraft:ladder":1,"minecraft:chest_minecart":1,"minecraft:wooden_pickaxe":12,"minecraft:oak_stairs":2,"minecraft:stripped_cherry_log":1,"minecraft:amethyst_block":2,"minecraft:heavy_weighted_pressure_plate":1,"minecraft:string":33,"minecraft:raw_copper":14,"minecraft:iron_axe":16,"minecraft:iron_shovel":7,"minecraft:glass_pane":4,"minecraft:cobbled_deepslate":567,"securitycraft:keypad_frame":2,"minecraft:beef":23,"minecraft:calcite":1,"minecraft:iron_pickaxe":20,"minecraft:sugar_cane":6,"minecraft:chest":4,"minecraft:furnace":12,"minecraft:egg":2,"minecraft:stick":13,"minecraft:raw_iron":274,"minecraft:stone":31,"securitycraft:reinforced_cherry_planks":2,"minecraft:torch":79,"minecraft:porkchop":13,"minecraft:cherry_log":311,"minecraft:pointed_dripstone":111,"minecraft:diorite":8,"minecraft:carrot":143,"minecraft:redstone":79,"minecraft:rabbit_foot":3,"minecraft:arrow":24,"minecraft:rotten_flesh":83,"minecraft:gold_ingot":10,"minecraft:mutton":72,"minecraft:rail":1,"minecraft:white_wool":34,"minecraft:cobblestone":669,"minecraft:pink_petals":199,"minecraft:feather":7,"minecraft:cherry_planks":879,"minecraft:iron_door":2,"minecraft:salmon":7,"minecraft:andesite":32,"minecraft:brown_wool":2,"minecraft:leather":10,"minecraft:potato":34,"minecraft:flint":2,"minecraft:tuff":55,"minecraft:oak_log":87,"minecraft:yellow_bed":4,"minecraft:gunpowder":25,"minecraft:lapis_lazuli":247,"minecraft:dirt":1553,"minecraft:cooked_mutton":6,"minecraft:glass":55,"minecraft:bone":26,"minecraft:bow":2,"minecraft:wheat_seeds":238,"minecraft:raw_gold":20,"minecraft:rabbit_hide":8,"minecraft:iron_ingot":44,"minecraft:stone_pickaxe":6,"minecraft:cooked_chicken":2,"securitycraft:universal_block_reinforcer_lvl1":3,"minecraft:fletching_table":1,"minecraft:rabbit":10,"minecraft:oak_planks":48,"minecraft:smooth_basalt":1,"securitycraft:mine":3,"minecraft:raw_iron_block":1,"minecraft:dripstone_block":70,"minecraft:gravel":14,"minecraft:sand":64,"minecraft:white_bed":22,"securitycraft:reinforced_stone":35,"minecraft:spider_eye":8,"minecraft:mossy_cobblestone":2,"securitycraft:universal_block_remover":1,"minecraft:diamond":112,"minecraft:stone_axe":9,"minecraft:iron_helmet":1,"minecraft:bone_meal":1,"minecraft:granite":15,"minecraft:cherry_sapling":4,"minecraft:gray_wool":3,"minecraft:bread":1,"minecraft:baked_potato":20,"securitycraft:door_indestructible_iron_item":4,"minecraft:dark_oak_fence":1,"minecraft:coal":403,"minecraft:pink_dye":6,"minecraft:sunflower":2},"minecraft:mined":{"securitycraft:mine":1,"minecraft:tuff":30,"minecraft:white_bed":13,"minecraft:mossy_cobblestone":2,"minecraft:deepslate_diamond_ore":59,"minecraft:cherry_log":321,"minecraft:stripped_cherry_log":1,"minecraft:glow_lichen":2,"minecraft:dark_oak_fence":1,"minecraft:granite":16,"minecraft:grass_block":389,"minecraft:oak_pressure_plate":1,"minecraft:spawner":1,"minecraft:raw_iron_block":1,"minecraft:redstone_ore":1,"minecraft:furnace":9,"minecraft:carrots":8,"minecraft:iron_ore":93,"minecraft:fire":19,"minecraft:andesite":31,"minecraft:fletching_table":1,"minecraft:deepslate_lapis_ore":15,"minecraft:potatoes":7,"minecraft:pointed_dripstone":30,"minecraft:dirt_path":18,"minecraft:deepslate_iron_ore":100,"minecraft:small_amethyst_bud":1,"minecraft:oak_stairs":1,"minecraft:stone":290,"minecraft:deepslate_redstone_ore":10,"minecraft:cherry_planks":28,"minecraft:crafting_table":20,"minecraft:torch":9,"minecraft:calcite":1,"minecraft:chest":2,"minecraft:copper_ore":4,"minecraft:tall_grass":31,"minecraft:cobblestone":6,"minecraft:deepslate_gold_ore":10,"minecraft:diorite":7,"minecraft:wall_torch":19,"minecraft:amethyst_block":2,"minecraft:pink_petals":22,"minecraft:wheat":66,"minecraft:yellow_bed":3,"minecraft:grass":132,"minecraft:coal_ore":199,"minecraft:oak_log":24,"minecraft:beetroots":1,"minecraft:gravel":8,"minecraft:cherry_leaves":24,"minecraft:sand":64,"minecraft:dripstone_block":12,"minecraft:dirt":115,"minecraft:smooth_basalt":1,"minecraft:deepslate":366,"minecraft:oak_leaves":4,"minecraft:infested_deepslate":2},"minecraft:crafted":{"minecraft:cherry_planks":1224,"minecraft:oak_planks":40,"minecraft:stone_shovel":1,"minecraft:cooked_chicken":3,"minecraft:furnace":4,"minecraft:stone":34,"minecraft:bone_meal":15,"securitycraft:keypad_item":3,"securitycraft:keypad_frame":2,"minecraft:pink_dye":3,"minecraft:heavy_weighted_pressure_plate":3,"minecraft:cooked_mutton":9,"minecraft:flint_and_steel":1,"minecraft:glass_pane":16,"securitycraft:laser_block":3,"minecraft:glass":64,"minecraft:iron_axe":3,"securitycraft:universal_block_remover":1,"minecraft:cherry_stairs":4,"minecraft:stone_pickaxe":7,"minecraft:chest":3,"minecraft:iron_door":6,"minecraft:redstone_block":3,"minecraft:cherry_fence":18,"minecraft:cooked_rabbit":1,"minecraft:crafting_table":9,"securitycraft:reinforced_stone_button":34,"minecraft:wooden_pickaxe":6,"minecraft:baked_potato":19,"minecraft:stone_axe":4,"minecraft:bread":5,"minecraft:air":0,"securitycraft:door_indestructible_iron_item":4,"minecraft:iron_chestplate":1,"minecraft:stick":96,"minecraft:iron_ingot":135,"minecraft:iron_pickaxe":5,"minecraft:wooden_axe":6,"minecraft:iron_shovel":2,"minecraft:gold_ingot":10,"minecraft:white_bed":1,"minecraft:torch":48,"minecraft:shears":1,"securitycraft:universal_block_reinforcer_lvl1":3}},"DataVersion":3465}