{"stats":{"minecraft:used":{"minecraft:rabbit":3,"minecraft:stone_pickaxe":62,"minecraft:wooden_pickaxe":25,"minecraft:cherry_planks":16,"minecraft:torch":3,"minecraft:dirt":1,"minecraft:mutton":8,"minecraft:crafting_table":5,"minecraft:carrot":5,"minecraft:white_bed":2,"minecraft:wooden_axe":58,"minecraft:stone_axe":38,"minecraft:pink_petals":3,"minecraft:furnace":1},"minecraft:crafted":{"minecraft:cherry_planks":140,"minecraft:crafting_table":1,"minecraft:wooden_pickaxe":1,"minecraft:furnace":1,"minecraft:stone_axe":1,"minecraft:air":0,"minecraft:stick":12,"minecraft:iron_ingot":9,"minecraft:stone_pickaxe":1,"minecraft:wooden_axe":1,"minecraft:white_bed":1,"minecraft:torch":8},"minecraft:broken":{"minecraft:wooden_axe":1},"minecraft:mined":{"minecraft:white_bed":1,"minecraft:cherry_planks":2,"minecraft:cherry_log":35,"minecraft:crafting_table":4,"minecraft:glow_lichen":1,"minecraft:dark_oak_fence":1,"minecraft:grass_block":5,"minecraft:chest":1,"minecraft:copper_ore":3,"minecraft:wall_torch":1,"minecraft:pink_petals":11,"minecraft:iron_ore":10,"minecraft:grass":14,"minecraft:pointed_dripstone":1,"minecraft:coal_ore":35,"minecraft:cherry_leaves":11,"minecraft:dripstone_block":2,"minecraft:dirt":3,"minecraft:stone":32},"minecraft:killed_by":{"minecraft:skeleton":4,"minecraft:creeper":1,"minecraft:zombie":1},"minecraft:custom":{"minecraft:interact_with_furnace":6,"minecraft:mob_kills":24,"minecraft:interact_with_crafting_table":6,"minecraft:leave_game":1,"minecraft:time_since_death":13194,"minecraft:sleep_in_bed":2,"minecraft:time_since_rest":10232,"minecraft:sprint_one_cm":78780,"minecraft:damage_taken":2130,"minecraft:walk_one_cm":101489,"minecraft:drop":45,"minecraft:damage_dealt":2751,"minecraft:fly_one_cm":171761,"minecraft:open_chest":2,"minecraft:crouch_one_cm":203,"minecraft:play_time":39329,"minecraft:deaths":6,"minecraft:sneak_time":33,"minecraft:walk_under_water_one_cm":484,"minecraft:jump":790,"minecraft:walk_on_water_one_cm":400,"minecraft:total_world_time":39329,"minecraft:fall_one_cm":30099},"minecraft:killed":{"minecraft:rabbit":2,"minecraft:creeper":2,"minecraft:sheep":8,"minecraft:skeleton":2,"minecraft:zombie":3,"minecraft:chicken":3,"minecraft:cow":4},"minecraft:dropped":{"minecraft:wheat_seeds":4,"minecraft:dripstone_block":2,"minecraft:pointed_dripstone":1,"minecraft:feather":3,"minecraft:rotten_flesh":3,"minecraft:dark_oak_fence":1,"minecraft:pink_petals":38,"minecraft:bone":3},"minecraft:picked_up":{"minecraft:wooden_axe":4,"minecraft:pink_petals":177,"minecraft:crafting_table":8,"minecraft:feather":3,"minecraft:chicken":2,"minecraft:cherry_planks":578,"minecraft:leather":1,"minecraft:wooden_pickaxe":5,"minecraft:gunpowder":5,"minecraft:dirt":138,"minecraft:raw_copper":9,"minecraft:bone":6,"minecraft:bow":2,"minecraft:wheat_seeds":21,"minecraft:rabbit_hide":4,"minecraft:beef":7,"minecraft:stone_pickaxe":2,"minecraft:rabbit":5,"minecraft:chest":1,"minecraft:stick":6,"minecraft:raw_iron":30,"minecraft:torch":25,"minecraft:dripstone_block":2,"minecraft:cherry_log":35,"minecraft:pointed_dripstone":1,"minecraft:white_bed":6,"minecraft:carrot":5,"minecraft:arrow":8,"minecraft:rotten_flesh":15,"minecraft:stone_axe":2,"minecraft:mutton":33,"minecraft:dark_oak_fence":1,"minecraft:coal":107,"minecraft:white_wool":10,"minecraft:cobblestone":161}},"DataVersion":3465}