{"stats":{"minecraft:used":{"minecraft:rabbit":3,"minecraft:stone_pickaxe":74,"minecraft:wooden_pickaxe":25,"minecraft:cherry_planks":31,"minecraft:torch":8,"minecraft:dirt":1,"minecraft:mutton":8,"minecraft:crafting_table":6,"minecraft:carrot":13,"minecraft:white_bed":4,"minecraft:wooden_axe":58,"minecraft:bread":2,"minecraft:iron_pickaxe":41,"minecraft:stone_axe":70,"minecraft:pink_petals":3,"minecraft:furnace":2,"minecraft:porkchop":3},"minecraft:crafted":{"minecraft:cherry_planks":140,"minecraft:crafting_table":1,"minecraft:wooden_pickaxe":1,"minecraft:furnace":1,"minecraft:stone_axe":1,"minecraft:air":0,"minecraft:iron_chestplate":1,"minecraft:stick":12,"minecraft:iron_ingot":11,"minecraft:iron_pickaxe":1,"minecraft:stone_pickaxe":1,"minecraft:wooden_axe":1,"minecraft:white_bed":1,"minecraft:torch":8},"minecraft:broken":{"minecraft:wooden_axe":1},"minecraft:mined":{"minecraft:tuff":5,"minecraft:white_bed":3,"minecraft:cherry_planks":2,"minecraft:cherry_log":42,"minecraft:crafting_table":6,"minecraft:torch":1,"minecraft:glow_lichen":1,"minecraft:dark_oak_fence":1,"minecraft:grass_block":9,"minecraft:chest":1,"minecraft:cobblestone":2,"minecraft:copper_ore":3,"minecraft:wall_torch":4,"minecraft:pink_petals":11,"minecraft:furnace":2,"minecraft:wheat":4,"minecraft:iron_ore":11,"minecraft:grass":14,"minecraft:deepslate_iron_ore":3,"minecraft:pointed_dripstone":1,"minecraft:coal_ore":42,"minecraft:beetroots":1,"minecraft:cherry_leaves":12,"minecraft:dripstone_block":2,"minecraft:dirt":3,"minecraft:stone":32,"minecraft:deepslate":27},"minecraft:killed_by":{"minecraft:skeleton":4,"minecraft:creeper":1,"minecraft:zombie":1},"minecraft:custom":{"minecraft:interact_with_furnace":10,"minecraft:mob_kills":37,"minecraft:interact_with_crafting_table":9,"minecraft:bell_ring":1,"minecraft:leave_game":1,"minecraft:time_since_death":37194,"minecraft:sleep_in_bed":4,"minecraft:time_since_rest":7577,"minecraft:sprint_one_cm":129614,"minecraft:damage_taken":2336,"minecraft:walk_one_cm":154604,"minecraft:drop":48,"minecraft:damage_dealt":3959,"minecraft:swim_one_cm":5348,"minecraft:fly_one_cm":265028,"minecraft:open_chest":4,"minecraft:crouch_one_cm":268,"minecraft:play_time":63329,"minecraft:deaths":6,"minecraft:sneak_time":131,"minecraft:walk_under_water_one_cm":7768,"minecraft:jump":1386,"minecraft:walk_on_water_one_cm":27450,"minecraft:total_world_time":63329,"minecraft:fall_one_cm":50117},"minecraft:killed":{"minecraft:pig":2,"minecraft:rabbit":3,"minecraft:creeper":2,"minecraft:sheep":13,"minecraft:skeleton":2,"minecraft:zombie":4,"minecraft:chicken":3,"minecraft:cow":8},"minecraft:dropped":{"minecraft:stone_axe":1,"minecraft:wheat_seeds":4,"minecraft:dripstone_block":2,"minecraft:pointed_dripstone":1,"minecraft:feather":3,"minecraft:rotten_flesh":3,"minecraft:flint":1,"minecraft:dark_oak_fence":1,"minecraft:brown_wool":1,"minecraft:pink_petals":38,"minecraft:bone":3},"minecraft:picked_up":{"minecraft:wooden_axe":4,"minecraft:pink_petals":177,"minecraft:crafting_table":10,"minecraft:wheat":4,"minecraft:feather":3,"minecraft:chicken":2,"minecraft:cherry_planks":578,"minecraft:brown_wool":1,"minecraft:leather":5,"minecraft:wooden_pickaxe":5,"minecraft:tuff":5,"minecraft:gunpowder":5,"minecraft:dirt":142,"minecraft:raw_copper":9,"minecraft:bone":6,"minecraft:bow":2,"minecraft:wheat_seeds":21,"minecraft:cobbled_deepslate":23,"minecraft:rabbit_hide":5,"minecraft:beef":14,"minecraft:stone_pickaxe":2,"minecraft:rabbit":6,"minecraft:chest":1,"minecraft:furnace":2,"minecraft:stick":6,"minecraft:raw_iron":34,"minecraft:torch":29,"minecraft:dripstone_block":2,"minecraft:porkchop":3,"minecraft:cherry_log":41,"minecraft:pointed_dripstone":1,"minecraft:white_bed":8,"minecraft:carrot":5,"minecraft:arrow":8,"minecraft:rotten_flesh":15,"minecraft:stone_axe":3,"minecraft:mutton":40,"minecraft:dark_oak_fence":1,"minecraft:coal":113,"minecraft:white_wool":13,"minecraft:cobblestone":163}},"DataVersion":3465}