{"stats":{"minecraft:used":{"minecraft:rabbit":3,"minecraft:stone_pickaxe":72,"minecraft:wooden_pickaxe":25,"minecraft:cherry_planks":16,"minecraft:torch":4,"minecraft:dirt":1,"minecraft:mutton":8,"minecraft:crafting_table":5,"minecraft:carrot":9,"minecraft:white_bed":3,"minecraft:wooden_axe":58,"minecraft:bread":2,"minecraft:stone_axe":65,"minecraft:pink_petals":3,"minecraft:furnace":1,"minecraft:porkchop":3},"minecraft:crafted":{"minecraft:cherry_planks":140,"minecraft:crafting_table":1,"minecraft:wooden_pickaxe":1,"minecraft:furnace":1,"minecraft:stone_axe":1,"minecraft:air":0,"minecraft:iron_chestplate":1,"minecraft:stick":12,"minecraft:iron_ingot":10,"minecraft:stone_pickaxe":1,"minecraft:wooden_axe":1,"minecraft:white_bed":1,"minecraft:torch":8},"minecraft:broken":{"minecraft:wooden_axe":1},"minecraft:mined":{"minecraft:white_bed":2,"minecraft:cherry_planks":2,"minecraft:cherry_log":42,"minecraft:crafting_table":5,"minecraft:glow_lichen":1,"minecraft:dark_oak_fence":1,"minecraft:grass_block":8,"minecraft:chest":1,"minecraft:copper_ore":3,"minecraft:wall_torch":1,"minecraft:pink_petals":11,"minecraft:furnace":1,"minecraft:wheat":4,"minecraft:iron_ore":10,"minecraft:grass":14,"minecraft:pointed_dripstone":1,"minecraft:coal_ore":41,"minecraft:beetroots":1,"minecraft:cherry_leaves":12,"minecraft:dripstone_block":2,"minecraft:dirt":3,"minecraft:stone":32},"minecraft:killed_by":{"minecraft:skeleton":4,"minecraft:creeper":1,"minecraft:zombie":1},"minecraft:custom":{"minecraft:interact_with_furnace":7,"minecraft:mob_kills":36,"minecraft:interact_with_crafting_table":6,"minecraft:bell_ring":1,"minecraft:leave_game":1,"minecraft:time_since_death":25194,"minecraft:sleep_in_bed":3,"minecraft:time_since_rest":9411,"minecraft:sprint_one_cm":116575,"minecraft:damage_taken":2198,"minecraft:walk_one_cm":129921,"minecraft:drop":46,"minecraft:damage_dealt":3843,"minecraft:swim_one_cm":4314,"minecraft:fly_one_cm":240213,"minecraft:open_chest":4,"minecraft:crouch_one_cm":203,"minecraft:play_time":51329,"minecraft:deaths":6,"minecraft:sneak_time":43,"minecraft:walk_under_water_one_cm":2823,"minecraft:jump":1162,"minecraft:walk_on_water_one_cm":3620,"minecraft:total_world_time":51329,"minecraft:fall_one_cm":41891},"minecraft:killed":{"minecraft:pig":2,"minecraft:rabbit":3,"minecraft:creeper":2,"minecraft:sheep":13,"minecraft:skeleton":2,"minecraft:zombie":3,"minecraft:chicken":3,"minecraft:cow":8},"minecraft:dropped":{"minecraft:wheat_seeds":4,"minecraft:dripstone_block":2,"minecraft:pointed_dripstone":1,"minecraft:feather":3,"minecraft:rotten_flesh":3,"minecraft:dark_oak_fence":1,"minecraft:brown_wool":1,"minecraft:pink_petals":38,"minecraft:bone":3},"minecraft:picked_up":{"minecraft:wooden_axe":4,"minecraft:pink_petals":177,"minecraft:crafting_table":9,"minecraft:wheat":4,"minecraft:feather":3,"minecraft:chicken":2,"minecraft:cherry_planks":578,"minecraft:brown_wool":1,"minecraft:leather":5,"minecraft:wooden_pickaxe":5,"minecraft:gunpowder":5,"minecraft:dirt":141,"minecraft:raw_copper":9,"minecraft:bone":6,"minecraft:bow":2,"minecraft:wheat_seeds":21,"minecraft:rabbit_hide":5,"minecraft:beef":14,"minecraft:stone_pickaxe":2,"minecraft:rabbit":6,"minecraft:chest":1,"minecraft:furnace":1,"minecraft:stick":6,"minecraft:raw_iron":30,"minecraft:torch":25,"minecraft:dripstone_block":2,"minecraft:porkchop":3,"minecraft:cherry_log":41,"minecraft:pointed_dripstone":1,"minecraft:white_bed":7,"minecraft:carrot":5,"minecraft:arrow":8,"minecraft:rotten_flesh":15,"minecraft:stone_axe":2,"minecraft:mutton":40,"minecraft:dark_oak_fence":1,"minecraft:coal":113,"minecraft:white_wool":13,"minecraft:cobblestone":161}},"DataVersion":3465}