{"stats":{"minecraft:used":{"minecraft:cooked_chicken":1,"minecraft:torch":12,"minecraft:dirt":12,"minecraft:mutton":9,"minecraft:carrot":13,"minecraft:wooden_axe":130,"minecraft:furnace":2,"minecraft:egg":1,"minecraft:potato":1,"minecraft:cooked_mutton":6,"minecraft:rabbit":3,"minecraft:stone_pickaxe":276,"minecraft:wooden_pickaxe":87,"minecraft:cherry_planks":78,"minecraft:glow_berries":2,"minecraft:crafting_table":14,"minecraft:spider_eye":1,"minecraft:white_bed":4,"minecraft:bread":3,"minecraft:iron_pickaxe":57,"minecraft:stone_axe":139,"minecraft:pink_petals":3,"minecraft:cobblestone":4,"minecraft:porkchop":9,"minecraft:yellow_bed":2},"minecraft:crafted":{"minecraft:cherry_planks":392,"minecraft:cooked_chicken":1,"minecraft:furnace":1,"minecraft:pink_dye":3,"minecraft:cooked_mutton":6,"minecraft:stone_pickaxe":4,"minecraft:crafting_table":6,"minecraft:wooden_pickaxe":5,"minecraft:stone_axe":3,"minecraft:air":0,"minecraft:iron_chestplate":1,"minecraft:stick":40,"minecraft:iron_pickaxe":1,"minecraft:iron_ingot":11,"minecraft:wooden_axe":5,"minecraft:white_bed":1,"minecraft:torch":8},"minecraft:broken":{"minecraft:wooden_axe":1},"minecraft:mined":{"minecraft:tuff":5,"minecraft:white_bed":3,"minecraft:cherry_log":107,"minecraft:granite":1,"minecraft:glow_lichen":2,"minecraft:dark_oak_fence":1,"minecraft:grass_block":28,"minecraft:furnace":2,"minecraft:iron_ore":61,"minecraft:andesite":22,"minecraft:deepslate_lapis_ore":3,"minecraft:pointed_dripstone":12,"minecraft:deepslate_iron_ore":7,"minecraft:small_amethyst_bud":1,"minecraft:stone":130,"minecraft:cherry_planks":3,"minecraft:crafting_table":12,"minecraft:torch":6,"minecraft:calcite":1,"minecraft:chest":1,"minecraft:copper_ore":4,"minecraft:tall_grass":1,"minecraft:cobblestone":5,"minecraft:wall_torch":8,"minecraft:amethyst_block":2,"minecraft:pink_petals":16,"minecraft:wheat":6,"minecraft:yellow_bed":3,"minecraft:grass":20,"minecraft:coal_ore":109,"minecraft:beetroots":1,"minecraft:cherry_leaves":13,"minecraft:dripstone_block":3,"minecraft:dirt":13,"minecraft:smooth_basalt":1,"minecraft:deepslate":34},"minecraft:killed_by":{"minecraft:creeper":2,"minecraft:spider":1,"minecraft:skeleton":6,"minecraft:zombie":1},"minecraft:custom":{"minecraft:mob_kills":79,"minecraft:interact_with_crafting_table":19,"minecraft:bell_ring":99,"minecraft:leave_game":1,"minecraft:time_since_death":874,"minecraft:sprint_one_cm":372415,"minecraft:walk_one_cm":454618,"minecraft:drop":62,"minecraft:talked_to_villager":10,"minecraft:play_time":153329,"minecraft:deaths":19,"minecraft:sneak_time":561,"minecraft:walk_under_water_one_cm":18061,"minecraft:jump":3306,"minecraft:walk_on_water_one_cm":64701,"minecraft:total_world_time":153329,"minecraft:interact_with_furnace":20,"minecraft:sleep_in_bed":5,"minecraft:time_since_rest":902,"minecraft:damage_taken":6792,"minecraft:damage_dealt":10029,"minecraft:swim_one_cm":42504,"minecraft:fly_one_cm":557108,"minecraft:player_kills":1,"minecraft:open_chest":4,"minecraft:crouch_one_cm":923,"minecraft:fall_one_cm":147509},"minecraft:killed":{"minecraft:spider":2,"minecraft:skeleton":6,"minecraft:chicken":4,"minecraft:cat":1,"minecraft:pig":7,"minecraft:rabbit":3,"minecraft:creeper":4,"minecraft:sheep":23,"minecraft:zombie":18,"minecraft:villager":1,"minecraft:cow":8},"minecraft:dropped":{"minecraft:wheat_seeds":4,"minecraft:dripstone_block":2,"minecraft:feather":3,"minecraft:flint":1,"minecraft:dark_oak_fence":1,"minecraft:wooden_axe":2,"minecraft:brown_wool":1,"minecraft:iron_pickaxe":1,"minecraft:string":4,"minecraft:pink_petals":41,"minecraft:bone":4,"minecraft:stone_axe":1,"minecraft:pointed_dripstone":1,"minecraft:cherry_sapling":2,"minecraft:rotten_flesh":3,"minecraft:rabbit_hide":1},"minecraft:picked_up":{"minecraft:wooden_axe":11,"minecraft:crafting_table":22,"minecraft:wheat":4,"minecraft:chicken":3,"minecraft:chest_minecart":1,"minecraft:wooden_pickaxe":7,"minecraft:amethyst_block":2,"minecraft:string":6,"minecraft:raw_copper":14,"minecraft:cobbled_deepslate":30,"minecraft:beef":14,"minecraft:calcite":1,"minecraft:iron_pickaxe":1,"minecraft:chest":1,"minecraft:furnace":2,"minecraft:egg":2,"minecraft:stick":6,"minecraft:raw_iron":95,"minecraft:torch":38,"minecraft:porkchop":13,"minecraft:cherry_log":104,"minecraft:pointed_dripstone":23,"minecraft:carrot":5,"minecraft:rabbit_foot":3,"minecraft:arrow":14,"minecraft:rotten_flesh":22,"minecraft:mutton":54,"minecraft:white_wool":26,"minecraft:rail":1,"minecraft:cobblestone":264,"minecraft:pink_petals":183,"minecraft:feather":3,"minecraft:cherry_planks":705,"minecraft:andesite":22,"minecraft:leather":5,"minecraft:brown_wool":1,"minecraft:potato":1,"minecraft:tuff":5,"minecraft:yellow_bed":4,"minecraft:gunpowder":6,"minecraft:lapis_lazuli":24,"minecraft:dirt":175,"minecraft:cooked_mutton":3,"minecraft:bone":9,"minecraft:bow":2,"minecraft:wheat_seeds":21,"minecraft:rabbit_hide":6,"minecraft:stone_pickaxe":4,"minecraft:cooked_chicken":2,"minecraft:rabbit":6,"minecraft:smooth_basalt":1,"securitycraft:mine":3,"minecraft:dripstone_block":4,"minecraft:white_bed":8,"minecraft:spider_eye":4,"minecraft:stone_axe":5,"minecraft:granite":1,"minecraft:cherry_sapling":2,"minecraft:gray_wool":1,"minecraft:dark_oak_fence":1,"minecraft:coal":209,"minecraft:pink_dye":6}},"DataVersion":3465}