{"stats":{"minecraft:killed_by":{"minecraft:player":2,"minecraft:creeper":5,"minecraft:spider":1,"minecraft:skeleton":19,"minecraft:zombie":1},"minecraft:dropped":{"securitycraft:reinforced_stone_button":10,"minecraft:wheat_seeds":24,"minecraft:lapis_lazuli":12,"minecraft:mossy_cobblestone":2,"minecraft:dripstone_block":13,"minecraft:feather":3,"minecraft:iron_helmet":1,"minecraft:leather":5,"minecraft:granite":14,"minecraft:flint":1,"minecraft:dark_oak_fence":1,"minecraft:wooden_axe":3,"minecraft:brown_wool":1,"minecraft:sunflower":1,"minecraft:iron_axe":2,"minecraft:iron_pickaxe":3,"minecraft:string":4,"minecraft:pink_petals":41,"minecraft:bone":8,"minecraft:stone_axe":1,"minecraft:wheat":1,"minecraft:pointed_dripstone":1,"minecraft:cherry_sapling":3,"minecraft:rotten_flesh":3,"minecraft:white_bed":1,"minecraft:rabbit_hide":1,"minecraft:iron_chestplate":1,"minecraft:spider_eye":1},"minecraft:broken":{"minecraft:iron_shovel":1,"minecraft:stone_pickaxe":2,"minecraft:iron_axe":2,"minecraft:stone_axe":1,"minecraft:iron_pickaxe":6,"minecraft:wooden_axe":1,"securitycraft:universal_block_reinforcer_lvl1":2,"minecraft:stone_shovel":1},"minecraft:used":{"minecraft:iron_shovel":530,"minecraft:flint_and_steel":19,"minecraft:stone_shovel":159,"minecraft:ladder":1,"minecraft:chest":4,"minecraft:cooked_salmon":3,"minecraft:cooked_chicken":3,"minecraft:torch":68,"minecraft:dirt":331,"minecraft:mutton":18,"securitycraft:keypad_item":4,"minecraft:carrot":50,"minecraft:glass":24,"minecraft:wooden_axe":157,"minecraft:iron_axe":508,"minecraft:furnace":12,"minecraft:egg":1,"minecraft:potato":10,"minecraft:cobbled_deepslate":83,"minecraft:cherry_fence":16,"minecraft:cooked_mutton":7,"minecraft:wheat_seeds":93,"minecraft:rabbit":3,"securitycraft:door_indestructible_iron_item":4,"minecraft:stone_pickaxe":600,"minecraft:baked_potato":5,"minecraft:wooden_pickaxe":136,"minecraft:cherry_planks":889,"securitycraft:keypad_frame":2,"minecraft:fletching_table":1,"minecraft:glow_berries":2,"minecraft:crafting_table":27,"minecraft:spider_eye":1,"securitycraft:universal_block_remover":3,"minecraft:white_bed":16,"minecraft:dripstone_block":16,"minecraft:diamond_pickaxe":82,"minecraft:bread":10,"minecraft:iron_pickaxe":1563,"minecraft:pink_bed":1,"minecraft:stone_axe":218,"minecraft:pink_petals":23,"minecraft:cobblestone":58,"minecraft:cherry_stairs":4,"minecraft:porkchop":9,"minecraft:cooked_rabbit":4,"minecraft:yellow_bed":2,"minecraft:bone_meal":15},"minecraft:custom":{"minecraft:interact_with_anvil":1,"minecraft:mob_kills":184,"minecraft:interact_with_crafting_table":98,"minecraft:bell_ring":99,"minecraft:leave_game":22,"minecraft:time_since_death":94820,"minecraft:climb_one_cm":9821,"minecraft:walk_one_cm":1682066,"minecraft:sprint_one_cm":872244,"minecraft:drop":108,"minecraft:talked_to_villager":13,"minecraft:play_time":500026,"minecraft:sneak_time":3831,"minecraft:deaths":37,"minecraft:walk_under_water_one_cm":56156,"minecraft:jump":7933,"minecraft:interact_with_blast_furnace":2,"minecraft:walk_on_water_one_cm":169724,"minecraft:total_world_time":500026,"minecraft:interact_with_furnace":165,"minecraft:sleep_in_bed":31,"minecraft:time_since_rest":13944,"minecraft:damage_taken":13122,"minecraft:damage_dealt":23902,"minecraft:player_kills":1,"minecraft:swim_one_cm":170753,"minecraft:fly_one_cm":1173043,"minecraft:open_chest":92,"minecraft:crouch_one_cm":5374,"minecraft:fall_one_cm":263668},"minecraft:killed":{"minecraft:spider":16,"minecraft:skeleton":14,"minecraft:chicken":6,"minecraft:cat":1,"minecraft:pig":9,"minecraft:salmon":9,"minecraft:rabbit":8,"minecraft:bat":1,"minecraft:creeper":9,"minecraft:sheep":40,"minecraft:zombie":49,"minecraft:villager":1,"minecraft:cow":16,"minecraft:enderman":1},"minecraft:picked_up":{"minecraft:wooden_axe":18,"minecraft:iron_chestplate":1,"minecraft:crafting_table":41,"minecraft:wheat":47,"securitycraft:keypad_item":1,"minecraft:chicken":5,"minecraft:ladder":1,"minecraft:chest_minecart":1,"minecraft:wooden_pickaxe":12,"minecraft:pink_wool":1,"minecraft:oak_stairs":2,"minecraft:stripped_cherry_log":1,"minecraft:amethyst_block":2,"minecraft:heavy_weighted_pressure_plate":1,"minecraft:string":33,"minecraft:raw_copper":14,"minecraft:iron_axe":17,"minecraft:iron_shovel":7,"minecraft:glass_pane":4,"minecraft:cobbled_deepslate":1078,"securitycraft:keypad_frame":2,"minecraft:beef":31,"minecraft:calcite":1,"minecraft:iron_pickaxe":20,"minecraft:sugar_cane":6,"minecraft:chest":4,"minecraft:furnace":12,"minecraft:egg":2,"minecraft:stick":13,"minecraft:raw_iron":395,"minecraft:stone":31,"securitycraft:reinforced_cherry_planks":2,"minecraft:torch":94,"minecraft:porkchop":17,"minecraft:cherry_log":336,"minecraft:pointed_dripstone":111,"minecraft:diorite":21,"minecraft:carrot":143,"minecraft:redstone":244,"minecraft:rabbit_foot":3,"minecraft:arrow":24,"minecraft:rotten_flesh":83,"minecraft:gold_ingot":10,"minecraft:mutton":84,"minecraft:rail":1,"minecraft:white_wool":38,"minecraft:cobblestone":732,"minecraft:pink_petals":206,"minecraft:feather":7,"minecraft:cherry_planks":879,"minecraft:iron_door":2,"minecraft:salmon":7,"minecraft:andesite":34,"minecraft:brown_wool":2,"minecraft:leather":14,"minecraft:potato":34,"minecraft:flint":2,"minecraft:tuff":134,"minecraft:oak_log":87,"minecraft:yellow_bed":4,"minecraft:gunpowder":25,"minecraft:lapis_lazuli":336,"minecraft:dirt":1556,"minecraft:cooked_mutton":11,"minecraft:glass":55,"minecraft:bone":26,"minecraft:bow":2,"minecraft:wheat_seeds":238,"minecraft:raw_gold":34,"minecraft:rabbit_hide":8,"minecraft:iron_ingot":44,"minecraft:stone_pickaxe":6,"minecraft:cooked_chicken":2,"securitycraft:universal_block_reinforcer_lvl1":3,"minecraft:fletching_table":1,"minecraft:rabbit":10,"minecraft:oak_planks":48,"minecraft:smooth_basalt":1,"securitycraft:mine":3,"minecraft:raw_iron_block":4,"minecraft:dripstone_block":70,"minecraft:gravel":37,"minecraft:sand":64,"minecraft:white_bed":23,"securitycraft:reinforced_stone":35,"minecraft:spider_eye":8,"minecraft:mossy_cobblestone":2,"securitycraft:universal_block_remover":1,"minecraft:diamond":213,"minecraft:stone_axe":9,"minecraft:iron_helmet":1,"minecraft:bone_meal":1,"minecraft:granite":35,"minecraft:cherry_sapling":4,"minecraft:gray_wool":5,"minecraft:emerald":2,"minecraft:bread":1,"minecraft:oak_sapling":5,"minecraft:baked_potato":20,"securitycraft:door_indestructible_iron_item":4,"minecraft:dark_oak_fence":1,"minecraft:coal":403,"minecraft:pink_dye":6,"minecraft:sunflower":2},"minecraft:mined":{"securitycraft:mine":1,"minecraft:tuff":109,"minecraft:white_bed":14,"minecraft:mossy_cobblestone":2,"minecraft:deepslate_diamond_ore":160,"minecraft:cherry_log":350,"minecraft:stripped_cherry_log":1,"minecraft:glow_lichen":2,"minecraft:dark_oak_fence":1,"minecraft:granite":36,"minecraft:grass_block":389,"minecraft:oak_pressure_plate":1,"minecraft:spawner":1,"minecraft:raw_iron_block":4,"minecraft:redstone_ore":3,"minecraft:furnace":9,"minecraft:carrots":8,"minecraft:iron_ore":111,"minecraft:fire":19,"minecraft:andesite":33,"minecraft:fletching_table":1,"minecraft:deepslate_lapis_ore":29,"minecraft:potatoes":7,"minecraft:pointed_dripstone":30,"minecraft:dirt_path":18,"minecraft:deepslate_iron_ore":203,"minecraft:small_amethyst_bud":1,"minecraft:oak_stairs":1,"minecraft:stone":353,"minecraft:deepslate_redstone_ore":45,"minecraft:cherry_planks":28,"minecraft:crafting_table":23,"minecraft:torch":15,"minecraft:emerald_ore":2,"minecraft:calcite":1,"minecraft:chest":2,"minecraft:copper_ore":4,"minecraft:tall_grass":31,"minecraft:cobblestone":6,"minecraft:deepslate_gold_ore":15,"minecraft:diorite":21,"minecraft:wall_torch":28,"minecraft:amethyst_block":2,"minecraft:pink_petals":29,"minecraft:wheat":66,"minecraft:birch_leaves":1,"minecraft:yellow_bed":3,"minecraft:grass":134,"minecraft:coal_ore":199,"minecraft:oak_log":24,"minecraft:beetroots":1,"minecraft:gravel":31,"minecraft:cherry_leaves":25,"minecraft:sand":64,"minecraft:dripstone_block":12,"minecraft:dirt":118,"minecraft:smooth_basalt":1,"minecraft:gold_ore":9,"minecraft:deepslate":896,"minecraft:oak_leaves":4,"minecraft:infested_deepslate":2},"minecraft:crafted":{"minecraft:cherry_planks":1324,"minecraft:oak_planks":48,"minecraft:stone_shovel":1,"minecraft:pink_bed":1,"minecraft:cooked_chicken":3,"minecraft:furnace":4,"minecraft:stone":34,"minecraft:bone_meal":15,"securitycraft:keypad_item":3,"securitycraft:keypad_frame":2,"minecraft:pink_dye":6,"minecraft:heavy_weighted_pressure_plate":3,"minecraft:cooked_mutton":24,"minecraft:flint_and_steel":1,"minecraft:glass_pane":16,"securitycraft:laser_block":3,"minecraft:glass":64,"minecraft:iron_axe":3,"securitycraft:universal_block_remover":1,"minecraft:cherry_stairs":4,"minecraft:stone_pickaxe":7,"minecraft:chest":3,"minecraft:iron_door":6,"minecraft:redstone_block":3,"minecraft:cherry_fence":18,"minecraft:cooked_rabbit":4,"minecraft:cooked_beef":17,"minecraft:cooked_porkchop":4,"minecraft:crafting_table":10,"securitycraft:reinforced_stone_button":34,"minecraft:wooden_pickaxe":6,"minecraft:baked_potato":19,"minecraft:cooked_salmon":7,"minecraft:stone_axe":4,"minecraft:bread":5,"minecraft:air":0,"securitycraft:door_indestructible_iron_item":4,"minecraft:diamond_pickaxe":1,"minecraft:iron_chestplate":1,"minecraft:pink_wool":2,"minecraft:stick":104,"minecraft:iron_ingot":136,"minecraft:iron_pickaxe":7,"minecraft:wooden_axe":6,"minecraft:iron_shovel":2,"minecraft:gold_ingot":10,"minecraft:white_bed":1,"minecraft:torch":48,"minecraft:shears":1,"securitycraft:universal_block_reinforcer_lvl1":3}},"DataVersion":3465}