{"stats":{"minecraft:broken":{"minecraft:stone_pickaxe":2,"minecraft:iron_pickaxe":2,"minecraft:wooden_axe":1},"minecraft:killed":{"minecraft:spider":8,"minecraft:skeleton":8,"minecraft:chicken":4,"minecraft:cat":1,"minecraft:pig":7,"minecraft:rabbit":4,"minecraft:bat":1,"minecraft:creeper":7,"minecraft:sheep":23,"minecraft:zombie":44,"minecraft:villager":1,"minecraft:cow":8},"minecraft:killed_by":{"minecraft:creeper":3,"minecraft:spider":1,"minecraft:skeleton":11,"minecraft:zombie":1},"minecraft:custom":{"minecraft:mob_kills":119,"minecraft:interact_with_crafting_table":34,"minecraft:bell_ring":99,"minecraft:leave_game":6,"minecraft:time_since_death":62309,"minecraft:climb_one_cm":1708,"minecraft:sprint_one_cm":508923,"minecraft:walk_one_cm":786152,"minecraft:drop":97,"minecraft:talked_to_villager":10,"minecraft:play_time":259672,"minecraft:deaths":25,"minecraft:sneak_time":1875,"minecraft:walk_under_water_one_cm":25758,"minecraft:jump":4933,"minecraft:walk_on_water_one_cm":78580,"minecraft:total_world_time":259672,"minecraft:interact_with_furnace":45,"minecraft:sleep_in_bed":14,"minecraft:time_since_rest":14323,"minecraft:damage_taken":9132,"minecraft:damage_dealt":17008,"minecraft:swim_one_cm":135348,"minecraft:fly_one_cm":727613,"minecraft:player_kills":1,"minecraft:open_chest":16,"minecraft:crouch_one_cm":2540,"minecraft:fall_one_cm":186559},"minecraft:dropped":{"minecraft:wheat_seeds":4,"minecraft:mossy_cobblestone":2,"minecraft:dripstone_block":13,"minecraft:feather":3,"minecraft:granite":14,"minecraft:flint":1,"minecraft:dark_oak_fence":1,"minecraft:wooden_axe":3,"minecraft:brown_wool":1,"minecraft:sunflower":1,"minecraft:iron_axe":1,"minecraft:iron_pickaxe":2,"minecraft:string":4,"minecraft:pink_petals":41,"minecraft:bone":8,"minecraft:stone_axe":1,"minecraft:pointed_dripstone":1,"minecraft:cherry_sapling":2,"minecraft:rotten_flesh":3,"minecraft:rabbit_hide":1,"minecraft:spider_eye":1},"minecraft:used":{"minecraft:stone_shovel":99,"minecraft:chest":1,"minecraft:cooked_chicken":1,"minecraft:torch":29,"minecraft:dirt":25,"minecraft:mutton":9,"minecraft:carrot":47,"minecraft:wooden_axe":157,"minecraft:iron_axe":206,"minecraft:furnace":6,"minecraft:egg":1,"minecraft:potato":10,"minecraft:cobbled_deepslate":83,"minecraft:cooked_mutton":6,"minecraft:rabbit":3,"minecraft:stone_pickaxe":600,"minecraft:wooden_pickaxe":136,"minecraft:cherry_planks":78,"minecraft:glow_berries":2,"minecraft:crafting_table":21,"minecraft:spider_eye":1,"minecraft:white_bed":10,"minecraft:dripstone_block":13,"minecraft:bread":3,"minecraft:iron_pickaxe":557,"minecraft:stone_axe":215,"minecraft:pink_petals":3,"minecraft:cobblestone":58,"minecraft:porkchop":9,"minecraft:yellow_bed":2},"minecraft:mined":{"minecraft:tuff":30,"minecraft:white_bed":9,"minecraft:mossy_cobblestone":2,"minecraft:deepslate_diamond_ore":59,"minecraft:cherry_log":228,"minecraft:stripped_cherry_log":1,"minecraft:glow_lichen":2,"minecraft:granite":16,"minecraft:dark_oak_fence":1,"minecraft:grass_block":102,"minecraft:oak_pressure_plate":1,"minecraft:spawner":1,"minecraft:raw_iron_block":1,"minecraft:redstone_ore":1,"minecraft:furnace":4,"minecraft:carrots":8,"minecraft:iron_ore":92,"minecraft:andesite":31,"minecraft:deepslate_lapis_ore":15,"minecraft:pointed_dripstone":29,"minecraft:potatoes":2,"minecraft:dirt_path":4,"minecraft:deepslate_iron_ore":100,"minecraft:oak_stairs":1,"minecraft:small_amethyst_bud":1,"minecraft:stone":277,"minecraft:deepslate_redstone_ore":10,"minecraft:cherry_planks":3,"minecraft:crafting_table":18,"minecraft:torch":8,"minecraft:calcite":1,"minecraft:chest":1,"minecraft:tall_grass":3,"minecraft:copper_ore":4,"minecraft:cobblestone":6,"minecraft:deepslate_gold_ore":10,"minecraft:diorite":6,"minecraft:wall_torch":12,"minecraft:amethyst_block":2,"minecraft:pink_petals":19,"minecraft:wheat":18,"minecraft:yellow_bed":3,"minecraft:grass":70,"minecraft:oak_log":10,"minecraft:coal_ore":161,"minecraft:beetroots":1,"minecraft:cherry_leaves":22,"minecraft:sand":5,"minecraft:dripstone_block":11,"minecraft:dirt":29,"minecraft:smooth_basalt":1,"minecraft:oak_leaves":1,"minecraft:deepslate":366,"minecraft:infested_deepslate":2},"minecraft:picked_up":{"minecraft:wooden_axe":18,"minecraft:crafting_table":35,"minecraft:wheat":35,"minecraft:chicken":3,"minecraft:chest_minecart":1,"minecraft:wooden_pickaxe":11,"minecraft:oak_stairs":1,"minecraft:stripped_cherry_log":1,"minecraft:amethyst_block":2,"minecraft:iron_axe":1,"minecraft:string":22,"minecraft:raw_copper":14,"minecraft:cobbled_deepslate":463,"minecraft:beef":14,"minecraft:calcite":1,"minecraft:iron_pickaxe":3,"minecraft:chest":1,"minecraft:egg":2,"minecraft:furnace":5,"minecraft:stick":8,"minecraft:raw_iron":273,"minecraft:torch":48,"minecraft:porkchop":13,"minecraft:cherry_log":216,"minecraft:pointed_dripstone":103,"minecraft:diorite":7,"minecraft:carrot":143,"minecraft:redstone":67,"minecraft:rabbit_foot":3,"minecraft:arrow":15,"minecraft:rotten_flesh":71,"minecraft:mutton":54,"minecraft:rail":1,"minecraft:white_wool":26,"minecraft:cobblestone":632,"minecraft:pink_petals":193,"minecraft:feather":3,"minecraft:cherry_planks":807,"minecraft:andesite":32,"minecraft:brown_wool":1,"minecraft:leather":5,"minecraft:potato":22,"minecraft:tuff":30,"minecraft:oak_log":10,"minecraft:yellow_bed":4,"minecraft:gunpowder":22,"minecraft:lapis_lazuli":148,"minecraft:dirt":426,"minecraft:cooked_mutton":3,"minecraft:bone":11,"minecraft:bow":2,"minecraft:wheat_seeds":143,"minecraft:raw_gold":20,"minecraft:iron_ingot":1,"minecraft:rabbit_hide":6,"minecraft:cooked_chicken":2,"minecraft:stone_pickaxe":6,"minecraft:rabbit":7,"minecraft:smooth_basalt":1,"securitycraft:mine":3,"minecraft:raw_iron_block":1,"minecraft:dripstone_block":43,"minecraft:sand":5,"minecraft:white_bed":15,"minecraft:spider_eye":7,"minecraft:mossy_cobblestone":2,"minecraft:diamond":59,"minecraft:stone_axe":9,"minecraft:granite":15,"minecraft:cherry_sapling":3,"minecraft:gray_wool":1,"minecraft:coal":319,"minecraft:dark_oak_fence":1,"minecraft:pink_dye":6,"minecraft:sunflower":1},"minecraft:crafted":{"minecraft:cherry_planks":844,"minecraft:oak_planks":40,"minecraft:stone_shovel":1,"minecraft:cooked_chicken":1,"minecraft:furnace":3,"minecraft:pink_dye":3,"minecraft:cooked_mutton":6,"minecraft:iron_axe":1,"minecraft:stone_pickaxe":7,"minecraft:chest":2,"minecraft:crafting_table":8,"minecraft:wooden_pickaxe":6,"minecraft:stone_axe":4,"minecraft:air":0,"minecraft:iron_chestplate":1,"minecraft:stick":68,"minecraft:iron_pickaxe":4,"minecraft:iron_ingot":119,"minecraft:wooden_axe":6,"minecraft:white_bed":1,"minecraft:torch":24}},"DataVersion":3465}