{"stats":{"minecraft:crafted":{"minecraft:cherry_planks":360,"minecraft:crafting_table":6,"minecraft:wooden_pickaxe":5,"minecraft:furnace":1,"minecraft:stone_axe":3,"minecraft:pink_dye":3,"minecraft:cooked_mutton":6,"minecraft:air":0,"minecraft:iron_chestplate":1,"minecraft:stick":36,"minecraft:iron_ingot":11,"minecraft:iron_pickaxe":1,"minecraft:stone_pickaxe":3,"minecraft:wooden_axe":5,"minecraft:white_bed":1,"minecraft:torch":8},"minecraft:used":{"minecraft:cooked_mutton":3,"minecraft:rabbit":3,"minecraft:stone_pickaxe":94,"minecraft:wooden_pickaxe":83,"minecraft:cherry_planks":35,"minecraft:torch":12,"minecraft:dirt":7,"minecraft:mutton":9,"minecraft:crafting_table":13,"minecraft:carrot":13,"minecraft:spider_eye":1,"minecraft:white_bed":4,"minecraft:wooden_axe":128,"minecraft:bread":3,"minecraft:iron_pickaxe":57,"minecraft:stone_axe":98,"minecraft:pink_petals":3,"minecraft:furnace":2,"minecraft:porkchop":9},"minecraft:broken":{"minecraft:wooden_axe":1},"minecraft:mined":{"minecraft:tuff":5,"minecraft:white_bed":3,"minecraft:cherry_planks":2,"minecraft:cherry_log":99,"minecraft:crafting_table":12,"minecraft:torch":6,"minecraft:glow_lichen":2,"minecraft:dark_oak_fence":1,"minecraft:grass_block":26,"minecraft:chest":1,"minecraft:tall_grass":1,"minecraft:cobblestone":5,"minecraft:copper_ore":3,"minecraft:wall_torch":7,"minecraft:pink_petals":16,"minecraft:furnace":2,"minecraft:wheat":6,"minecraft:iron_ore":11,"minecraft:deepslate_lapis_ore":3,"minecraft:yellow_bed":1,"minecraft:grass":20,"minecraft:deepslate_iron_ore":7,"minecraft:pointed_dripstone":1,"minecraft:coal_ore":64,"minecraft:beetroots":1,"minecraft:cherry_leaves":13,"minecraft:dripstone_block":2,"minecraft:dirt":6,"minecraft:stone":81,"minecraft:deepslate":34},"minecraft:killed_by":{"minecraft:skeleton":6,"minecraft:creeper":2,"minecraft:spider":1,"minecraft:zombie":1},"minecraft:custom":{"minecraft:interact_with_furnace":16,"minecraft:mob_kills":65,"minecraft:interact_with_crafting_table":17,"minecraft:bell_ring":79,"minecraft:leave_game":1,"minecraft:time_since_death":13834,"minecraft:sleep_in_bed":4,"minecraft:time_since_rest":13888,"minecraft:sprint_one_cm":281146,"minecraft:damage_taken":5467,"minecraft:walk_one_cm":314971,"minecraft:drop":61,"minecraft:damage_dealt":7633,"minecraft:talked_to_villager":10,"minecraft:swim_one_cm":10995,"minecraft:fly_one_cm":524176,"minecraft:open_chest":4,"minecraft:crouch_one_cm":407,"minecraft:play_time":117329,"minecraft:deaths":15,"minecraft:sneak_time":230,"minecraft:walk_under_water_one_cm":16297,"minecraft:jump":2814,"minecraft:walk_on_water_one_cm":58731,"minecraft:total_world_time":117329,"minecraft:fall_one_cm":129282},"minecraft:killed":{"minecraft:cat":1,"minecraft:pig":7,"minecraft:rabbit":3,"minecraft:spider":2,"minecraft:creeper":3,"minecraft:sheep":23,"minecraft:skeleton":2,"minecraft:zombie":9,"minecraft:chicken":4,"minecraft:villager":1,"minecraft:cow":8},"minecraft:dropped":{"minecraft:stone_axe":1,"minecraft:wheat_seeds":4,"minecraft:dripstone_block":2,"minecraft:pointed_dripstone":1,"minecraft:cherry_sapling":2,"minecraft:feather":3,"minecraft:rotten_flesh":3,"minecraft:flint":1,"minecraft:rabbit_hide":1,"minecraft:dark_oak_fence":1,"minecraft:wooden_axe":2,"minecraft:brown_wool":1,"minecraft:iron_pickaxe":1,"minecraft:string":4,"minecraft:pink_petals":41,"minecraft:bone":3},"minecraft:picked_up":{"minecraft:wooden_axe":7,"minecraft:pink_petals":183,"minecraft:crafting_table":18,"minecraft:wheat":4,"minecraft:feather":3,"minecraft:chicken":3,"minecraft:cherry_planks":642,"minecraft:brown_wool":1,"minecraft:leather":5,"minecraft:wooden_pickaxe":6,"minecraft:tuff":5,"minecraft:yellow_bed":1,"minecraft:gunpowder":5,"minecraft:string":6,"minecraft:lapis_lazuli":24,"minecraft:dirt":162,"minecraft:raw_copper":9,"minecraft:bone":6,"minecraft:bow":2,"minecraft:wheat_seeds":21,"minecraft:cobbled_deepslate":30,"minecraft:rabbit_hide":6,"minecraft:beef":14,"minecraft:stone_pickaxe":2,"minecraft:iron_pickaxe":1,"minecraft:rabbit":6,"minecraft:chest":1,"minecraft:furnace":2,"minecraft:stick":6,"minecraft:raw_iron":38,"minecraft:torch":37,"minecraft:dripstone_block":2,"minecraft:porkchop":13,"minecraft:cherry_log":96,"minecraft:pointed_dripstone":1,"minecraft:white_bed":8,"minecraft:carrot":5,"minecraft:spider_eye":2,"minecraft:arrow":8,"minecraft:rotten_flesh":15,"minecraft:stone_axe":3,"minecraft:cherry_sapling":2,"minecraft:gray_wool":1,"minecraft:pink_dye":3,"minecraft:mutton":54,"minecraft:dark_oak_fence":1,"minecraft:coal":135,"minecraft:white_wool":22,"minecraft:cobblestone":215}},"DataVersion":3465}