{"stats":{"minecraft:broken":{"minecraft:stone_pickaxe":2,"minecraft:wooden_axe":1},"minecraft:killed":{"minecraft:spider":8,"minecraft:skeleton":7,"minecraft:chicken":4,"minecraft:cat":1,"minecraft:pig":7,"minecraft:rabbit":3,"minecraft:bat":1,"minecraft:creeper":7,"minecraft:sheep":23,"minecraft:zombie":44,"minecraft:villager":1,"minecraft:cow":8},"minecraft:killed_by":{"minecraft:creeper":3,"minecraft:spider":1,"minecraft:skeleton":11,"minecraft:zombie":1},"minecraft:custom":{"minecraft:mob_kills":117,"minecraft:interact_with_crafting_table":31,"minecraft:bell_ring":99,"minecraft:leave_game":6,"minecraft:time_since_death":32309,"minecraft:climb_one_cm":1708,"minecraft:sprint_one_cm":463161,"minecraft:walk_one_cm":695767,"minecraft:drop":63,"minecraft:talked_to_villager":10,"minecraft:play_time":229672,"minecraft:deaths":25,"minecraft:sneak_time":1587,"minecraft:walk_under_water_one_cm":25758,"minecraft:jump":4389,"minecraft:walk_on_water_one_cm":78580,"minecraft:total_world_time":229672,"minecraft:interact_with_furnace":34,"minecraft:sleep_in_bed":13,"minecraft:time_since_rest":29891,"minecraft:damage_taken":9002,"minecraft:damage_dealt":16778,"minecraft:swim_one_cm":135348,"minecraft:fly_one_cm":680262,"minecraft:player_kills":1,"minecraft:open_chest":8,"minecraft:crouch_one_cm":1953,"minecraft:fall_one_cm":178866},"minecraft:dropped":{"minecraft:wheat_seeds":4,"minecraft:dripstone_block":2,"minecraft:feather":3,"minecraft:flint":1,"minecraft:dark_oak_fence":1,"minecraft:wooden_axe":3,"minecraft:brown_wool":1,"minecraft:iron_pickaxe":1,"minecraft:string":4,"minecraft:pink_petals":41,"minecraft:bone":4,"minecraft:stone_axe":1,"minecraft:pointed_dripstone":1,"minecraft:cherry_sapling":2,"minecraft:rotten_flesh":3,"minecraft:rabbit_hide":1},"minecraft:used":{"minecraft:chest":1,"minecraft:cooked_chicken":1,"minecraft:torch":25,"minecraft:dirt":23,"minecraft:mutton":9,"minecraft:carrot":36,"minecraft:wooden_axe":157,"minecraft:iron_axe":42,"minecraft:furnace":4,"minecraft:egg":1,"minecraft:potato":10,"minecraft:cooked_mutton":6,"minecraft:rabbit":3,"minecraft:stone_pickaxe":600,"minecraft:wooden_pickaxe":136,"minecraft:cherry_planks":78,"minecraft:glow_berries":2,"minecraft:crafting_table":21,"minecraft:spider_eye":1,"minecraft:white_bed":10,"minecraft:dripstone_block":13,"minecraft:bread":3,"minecraft:iron_pickaxe":272,"minecraft:stone_axe":215,"minecraft:pink_petals":3,"minecraft:cobblestone":48,"minecraft:porkchop":9,"minecraft:yellow_bed":2},"minecraft:mined":{"minecraft:tuff":5,"minecraft:white_bed":9,"minecraft:mossy_cobblestone":2,"minecraft:deepslate_diamond_ore":39,"minecraft:cherry_log":107,"minecraft:glow_lichen":2,"minecraft:granite":12,"minecraft:dark_oak_fence":1,"minecraft:grass_block":32,"minecraft:oak_pressure_plate":1,"minecraft:spawner":1,"minecraft:redstone_ore":1,"minecraft:furnace":4,"minecraft:carrots":8,"minecraft:iron_ore":75,"minecraft:andesite":25,"minecraft:deepslate_lapis_ore":9,"minecraft:pointed_dripstone":29,"minecraft:potatoes":2,"minecraft:deepslate_iron_ore":69,"minecraft:small_amethyst_bud":1,"minecraft:stone":225,"minecraft:deepslate_redstone_ore":4,"minecraft:cherry_planks":3,"minecraft:crafting_table":18,"minecraft:torch":6,"minecraft:calcite":1,"minecraft:chest":1,"minecraft:tall_grass":1,"minecraft:copper_ore":4,"minecraft:cobblestone":6,"minecraft:deepslate_gold_ore":10,"minecraft:diorite":1,"minecraft:wall_torch":11,"minecraft:amethyst_block":2,"minecraft:pink_petals":16,"minecraft:wheat":18,"minecraft:yellow_bed":3,"minecraft:grass":27,"minecraft:oak_log":10,"minecraft:coal_ore":142,"minecraft:beetroots":1,"minecraft:cherry_leaves":13,"minecraft:dripstone_block":11,"minecraft:dirt":21,"minecraft:smooth_basalt":1,"minecraft:oak_leaves":1,"minecraft:deepslate":277,"minecraft:infested_deepslate":2},"minecraft:picked_up":{"minecraft:wooden_axe":18,"minecraft:crafting_table":35,"minecraft:wheat":35,"minecraft:chicken":3,"minecraft:chest_minecart":1,"minecraft:wooden_pickaxe":11,"minecraft:amethyst_block":2,"minecraft:string":22,"minecraft:raw_copper":14,"minecraft:cobbled_deepslate":374,"minecraft:beef":14,"minecraft:calcite":1,"minecraft:iron_pickaxe":2,"minecraft:chest":1,"minecraft:egg":2,"minecraft:furnace":5,"minecraft:stick":8,"minecraft:raw_iron":225,"minecraft:torch":45,"minecraft:porkchop":13,"minecraft:cherry_log":104,"minecraft:pointed_dripstone":103,"minecraft:diorite":2,"minecraft:carrot":143,"minecraft:redstone":40,"minecraft:rabbit_foot":3,"minecraft:arrow":14,"minecraft:rotten_flesh":71,"minecraft:mutton":54,"minecraft:rail":1,"minecraft:white_wool":26,"minecraft:cobblestone":580,"minecraft:pink_petals":183,"minecraft:feather":3,"minecraft:cherry_planks":807,"minecraft:andesite":26,"minecraft:brown_wool":1,"minecraft:leather":5,"minecraft:potato":22,"minecraft:tuff":5,"minecraft:oak_log":10,"minecraft:yellow_bed":4,"minecraft:gunpowder":22,"minecraft:lapis_lazuli":108,"minecraft:dirt":346,"minecraft:cooked_mutton":3,"minecraft:bone":9,"minecraft:bow":2,"minecraft:wheat_seeds":137,"minecraft:raw_gold":20,"minecraft:iron_ingot":1,"minecraft:rabbit_hide":6,"minecraft:cooked_chicken":2,"minecraft:stone_pickaxe":6,"minecraft:rabbit":6,"minecraft:smooth_basalt":1,"securitycraft:mine":3,"minecraft:dripstone_block":43,"minecraft:white_bed":15,"minecraft:spider_eye":7,"minecraft:mossy_cobblestone":2,"minecraft:diamond":39,"minecraft:stone_axe":9,"minecraft:granite":11,"minecraft:cherry_sapling":2,"minecraft:gray_wool":1,"minecraft:coal":301,"minecraft:dark_oak_fence":1,"minecraft:pink_dye":6},"minecraft:crafted":{"minecraft:cherry_planks":392,"minecraft:oak_planks":40,"minecraft:cooked_chicken":1,"minecraft:furnace":3,"minecraft:pink_dye":3,"minecraft:cooked_mutton":6,"minecraft:iron_axe":1,"minecraft:stone_pickaxe":7,"minecraft:chest":1,"minecraft:crafting_table":8,"minecraft:wooden_pickaxe":6,"minecraft:stone_axe":4,"minecraft:air":0,"minecraft:iron_chestplate":1,"minecraft:stick":64,"minecraft:iron_pickaxe":3,"minecraft:iron_ingot":27,"minecraft:wooden_axe":6,"minecraft:white_bed":1,"minecraft:torch":24}},"DataVersion":3465}