{"stats":{"minecraft:broken":{"minecraft:stone_pickaxe":1,"minecraft:wooden_axe":1},"minecraft:killed":{"minecraft:spider":4,"minecraft:skeleton":7,"minecraft:chicken":4,"minecraft:cat":1,"minecraft:pig":7,"minecraft:rabbit":3,"minecraft:creeper":7,"minecraft:sheep":23,"minecraft:zombie":24,"minecraft:villager":1,"minecraft:cow":8},"minecraft:killed_by":{"minecraft:creeper":2,"minecraft:spider":1,"minecraft:skeleton":11,"minecraft:zombie":1},"minecraft:custom":{"minecraft:mob_kills":91,"minecraft:interact_with_crafting_table":24,"minecraft:bell_ring":99,"minecraft:leave_game":6,"minecraft:time_since_death":16522,"minecraft:climb_one_cm":1708,"minecraft:sprint_one_cm":425704,"minecraft:walk_one_cm":589879,"minecraft:drop":63,"minecraft:talked_to_villager":10,"minecraft:play_time":193672,"minecraft:deaths":24,"minecraft:sneak_time":719,"minecraft:walk_under_water_one_cm":25341,"minecraft:jump":3894,"minecraft:walk_on_water_one_cm":76161,"minecraft:total_world_time":193672,"minecraft:interact_with_furnace":24,"minecraft:sleep_in_bed":12,"minecraft:time_since_rest":12031,"minecraft:damage_taken":8292,"minecraft:damage_dealt":12218,"minecraft:swim_one_cm":132754,"minecraft:fly_one_cm":636173,"minecraft:player_kills":1,"minecraft:open_chest":5,"minecraft:crouch_one_cm":1283,"minecraft:fall_one_cm":170707},"minecraft:dropped":{"minecraft:wheat_seeds":4,"minecraft:dripstone_block":2,"minecraft:feather":3,"minecraft:flint":1,"minecraft:dark_oak_fence":1,"minecraft:wooden_axe":3,"minecraft:brown_wool":1,"minecraft:iron_pickaxe":1,"minecraft:string":4,"minecraft:pink_petals":41,"minecraft:bone":4,"minecraft:stone_axe":1,"minecraft:pointed_dripstone":1,"minecraft:cherry_sapling":2,"minecraft:rotten_flesh":3,"minecraft:rabbit_hide":1},"minecraft:used":{"minecraft:cooked_chicken":1,"minecraft:torch":16,"minecraft:dirt":22,"minecraft:mutton":9,"minecraft:carrot":21,"minecraft:wooden_axe":157,"minecraft:furnace":3,"minecraft:egg":1,"minecraft:potato":4,"minecraft:cooked_mutton":6,"minecraft:rabbit":3,"minecraft:stone_pickaxe":469,"minecraft:wooden_pickaxe":136,"minecraft:cherry_planks":78,"minecraft:glow_berries":2,"minecraft:crafting_table":18,"minecraft:spider_eye":1,"minecraft:white_bed":10,"minecraft:bread":3,"minecraft:iron_pickaxe":81,"minecraft:stone_axe":163,"minecraft:pink_petals":3,"minecraft:cobblestone":4,"minecraft:porkchop":9,"minecraft:yellow_bed":2},"minecraft:mined":{"minecraft:tuff":5,"minecraft:white_bed":9,"minecraft:cherry_log":107,"minecraft:glow_lichen":2,"minecraft:granite":1,"minecraft:dark_oak_fence":1,"minecraft:grass_block":32,"minecraft:oak_pressure_plate":1,"minecraft:furnace":3,"minecraft:carrots":8,"minecraft:iron_ore":65,"minecraft:andesite":23,"minecraft:deepslate_lapis_ore":9,"minecraft:pointed_dripstone":26,"minecraft:potatoes":2,"minecraft:deepslate_iron_ore":39,"minecraft:small_amethyst_bud":1,"minecraft:stone":192,"minecraft:deepslate_redstone_ore":4,"minecraft:cherry_planks":3,"minecraft:crafting_table":16,"minecraft:torch":6,"minecraft:calcite":1,"minecraft:chest":1,"minecraft:tall_grass":1,"minecraft:copper_ore":4,"minecraft:cobblestone":5,"minecraft:deepslate_gold_ore":2,"minecraft:diorite":1,"minecraft:wall_torch":8,"minecraft:amethyst_block":2,"minecraft:pink_petals":16,"minecraft:wheat":17,"minecraft:yellow_bed":3,"minecraft:grass":25,"minecraft:coal_ore":142,"minecraft:beetroots":1,"minecraft:cherry_leaves":13,"minecraft:dripstone_block":9,"minecraft:dirt":21,"minecraft:smooth_basalt":1,"minecraft:deepslate":101},"minecraft:picked_up":{"minecraft:wooden_axe":17,"minecraft:crafting_table":31,"minecraft:wheat":29,"minecraft:chicken":3,"minecraft:chest_minecart":1,"minecraft:wooden_pickaxe":10,"minecraft:amethyst_block":2,"minecraft:string":16,"minecraft:raw_copper":14,"minecraft:cobbled_deepslate":100,"minecraft:beef":14,"minecraft:calcite":1,"minecraft:iron_pickaxe":1,"minecraft:chest":1,"minecraft:egg":2,"minecraft:furnace":3,"minecraft:stick":6,"minecraft:raw_iron":131,"minecraft:torch":38,"minecraft:porkchop":13,"minecraft:cherry_log":104,"minecraft:pointed_dripstone":59,"minecraft:diorite":1,"minecraft:carrot":121,"minecraft:redstone":20,"minecraft:rabbit_foot":3,"minecraft:arrow":14,"minecraft:rotten_flesh":45,"minecraft:mutton":54,"minecraft:rail":1,"minecraft:white_wool":26,"minecraft:cobblestone":498,"minecraft:pink_petals":183,"minecraft:feather":3,"minecraft:cherry_planks":797,"minecraft:andesite":24,"minecraft:brown_wool":1,"minecraft:leather":5,"minecraft:potato":19,"minecraft:tuff":5,"minecraft:yellow_bed":4,"minecraft:gunpowder":18,"minecraft:lapis_lazuli":66,"minecraft:dirt":321,"minecraft:cooked_mutton":3,"minecraft:bone":9,"minecraft:bow":2,"minecraft:wheat_seeds":115,"minecraft:raw_gold":2,"minecraft:rabbit_hide":6,"minecraft:cooked_chicken":2,"minecraft:stone_pickaxe":6,"minecraft:rabbit":6,"minecraft:smooth_basalt":1,"securitycraft:mine":3,"minecraft:dripstone_block":17,"minecraft:white_bed":15,"minecraft:spider_eye":6,"minecraft:stone_axe":8,"minecraft:granite":1,"minecraft:cherry_sapling":2,"minecraft:gray_wool":1,"minecraft:coal":271,"minecraft:dark_oak_fence":1,"minecraft:pink_dye":6},"minecraft:crafted":{"minecraft:cherry_planks":392,"minecraft:cooked_chicken":1,"minecraft:furnace":2,"minecraft:pink_dye":3,"minecraft:cooked_mutton":6,"minecraft:stone_pickaxe":6,"minecraft:crafting_table":8,"minecraft:wooden_pickaxe":6,"minecraft:stone_axe":4,"minecraft:air":0,"minecraft:iron_chestplate":1,"minecraft:stick":56,"minecraft:iron_pickaxe":2,"minecraft:iron_ingot":15,"minecraft:wooden_axe":6,"minecraft:white_bed":1,"minecraft:torch":16}},"DataVersion":3465}