{"stats":{"minecraft:used":{"minecraft:wooden_axe":56,"minecraft:rabbit":1,"minecraft:wooden_pickaxe":25,"minecraft:cherry_planks":14,"minecraft:pink_petals":2,"minecraft:dirt":1,"minecraft:mutton":3,"minecraft:crafting_table":4,"minecraft:white_bed":1},"minecraft:crafted":{"minecraft:cherry_planks":140,"minecraft:crafting_table":1,"minecraft:stick":8,"minecraft:wooden_pickaxe":1,"minecraft:stone_pickaxe":1,"minecraft:wooden_axe":1,"minecraft:white_bed":1},"minecraft:mined":{"minecraft:pink_petals":9,"minecraft:cherry_planks":2,"minecraft:cherry_log":35,"minecraft:crafting_table":3,"minecraft:grass":11,"minecraft:grass_block":4,"minecraft:cherry_leaves":5,"minecraft:stone":25},"minecraft:killed_by":{"minecraft:skeleton":1,"minecraft:creeper":1},"minecraft:custom":{"minecraft:time_since_rest":2160,"minecraft:sprint_one_cm":18971,"minecraft:damage_taken":815,"minecraft:walk_one_cm":40524,"minecraft:mob_kills":8,"minecraft:damage_dealt":666,"minecraft:interact_with_crafting_table":4,"minecraft:fly_one_cm":38418,"minecraft:crouch_one_cm":122,"minecraft:play_time":16158,"minecraft:deaths":2,"minecraft:sneak_time":21,"minecraft:jump":199,"minecraft:time_since_death":2097,"minecraft:sleep_in_bed":1,"minecraft:total_world_time":16158,"minecraft:fall_one_cm":6240},"minecraft:killed":{"minecraft:sheep":6,"minecraft:rabbit":2},"minecraft:picked_up":{"minecraft:wooden_axe":2,"minecraft:pink_petals":51,"minecraft:crafting_table":4,"minecraft:cherry_planks":245,"minecraft:wooden_pickaxe":2,"minecraft:cherry_log":35,"minecraft:white_bed":1,"minecraft:dirt":30,"minecraft:wheat_seeds":9,"minecraft:rabbit_hide":3,"minecraft:rabbit":5,"minecraft:mutton":14,"minecraft:white_wool":6,"minecraft:cobblestone":75}},"DataVersion":3465}