{"stats":{"minecraft:killed_by":{"minecraft:player":2,"minecraft:creeper":5,"minecraft:spider":1,"minecraft:skeleton":19,"minecraft:zombie":1},"minecraft:dropped":{"securitycraft:reinforced_stone_button":10,"minecraft:wheat_seeds":24,"minecraft:lapis_lazuli":12,"minecraft:mossy_cobblestone":2,"minecraft:dripstone_block":13,"minecraft:feather":3,"minecraft:iron_helmet":1,"minecraft:leather":5,"minecraft:granite":14,"minecraft:copper_ingot":41,"minecraft:flint":1,"minecraft:dark_oak_fence":1,"minecraft:wooden_axe":3,"minecraft:brown_wool":1,"minecraft:sunflower":1,"minecraft:iron_axe":2,"minecraft:iron_pickaxe":3,"minecraft:string":4,"minecraft:pink_petals":41,"minecraft:bone":8,"minecraft:stone_axe":1,"minecraft:cobbled_deepslate":64,"minecraft:wheat":1,"minecraft:pointed_dripstone":1,"minecraft:cherry_sapling":3,"minecraft:rotten_flesh":3,"minecraft:white_bed":1,"minecraft:rabbit_hide":1,"minecraft:iron_chestplate":1,"minecraft:spider_eye":1},"minecraft:broken":{"minecraft:iron_shovel":1,"minecraft:stone_pickaxe":2,"minecraft:iron_axe":2,"minecraft:stone_axe":1,"minecraft:iron_pickaxe":6,"minecraft:wooden_axe":1,"securitycraft:universal_block_reinforcer_lvl1":2,"minecraft:stone_shovel":1},"minecraft:used":{"minecraft:iron_shovel":530,"minecraft:flint_and_steel":19,"minecraft:stone_shovel":159,"minecraft:ladder":1,"minecraft:chest":5,"minecraft:cooked_salmon":5,"minecraft:cooked_chicken":3,"minecraft:torch":78,"minecraft:dirt":344,"minecraft:mutton":18,"securitycraft:keypad_item":5,"minecraft:carrot":50,"minecraft:granite":1,"minecraft:glass":24,"minecraft:wooden_axe":157,"minecraft:lantern":1,"minecraft:iron_axe":535,"minecraft:furnace":12,"minecraft:egg":1,"minecraft:potato":10,"minecraft:cobbled_deepslate":139,"minecraft:cherry_fence":16,"minecraft:cooked_mutton":7,"minecraft:wheat_seeds":103,"minecraft:rabbit":3,"securitycraft:door_indestructible_iron_item":4,"minecraft:stone_pickaxe":600,"minecraft:baked_potato":5,"minecraft:wooden_pickaxe":136,"minecraft:cherry_planks":900,"securitycraft:keypad_frame":2,"minecraft:fletching_table":1,"minecraft:glow_berries":2,"minecraft:white_bed":16,"minecraft:spider_eye":1,"minecraft:crafting_table":27,"minecraft:blast_furnace":2,"securitycraft:universal_block_remover":3,"minecraft:dripstone_block":16,"minecraft:oak_log":4,"minecraft:diamond_pickaxe":409,"minecraft:iron_pickaxe":1563,"minecraft:bread":10,"minecraft:pink_bed":1,"minecraft:stone_axe":218,"minecraft:pink_petals":23,"minecraft:cherry_stairs":4,"minecraft:cobblestone":58,"minecraft:porkchop":9,"minecraft:cooked_porkchop":4,"minecraft:cooked_rabbit":4,"minecraft:bone_meal":15,"minecraft:yellow_bed":2},"minecraft:custom":{"minecraft:interact_with_anvil":2,"minecraft:mob_kills":190,"minecraft:interact_with_crafting_table":107,"minecraft:bell_ring":99,"minecraft:leave_game":23,"minecraft:time_since_death":148410,"minecraft:climb_one_cm":9821,"minecraft:walk_one_cm":1797863,"minecraft:sprint_one_cm":947351,"minecraft:drop":115,"minecraft:talked_to_villager":13,"minecraft:play_time":553616,"minecraft:sneak_time":3980,"minecraft:deaths":37,"minecraft:walk_under_water_one_cm":64413,"minecraft:jump":8570,"minecraft:interact_with_blast_furnace":68,"minecraft:walk_on_water_one_cm":189961,"minecraft:total_world_time":553616,"minecraft:interact_with_furnace":210,"minecraft:sleep_in_bed":33,"minecraft:time_since_rest":25678,"minecraft:damage_taken":13512,"minecraft:damage_dealt":24413,"minecraft:player_kills":1,"minecraft:swim_one_cm":234659,"minecraft:fly_one_cm":1282376,"minecraft:open_chest":127,"minecraft:crouch_one_cm":5587,"minecraft:fall_one_cm":278517},"minecraft:killed":{"minecraft:spider":16,"minecraft:skeleton":14,"minecraft:chicken":8,"minecraft:cat":1,"minecraft:pig":9,"minecraft:salmon":9,"minecraft:rabbit":8,"minecraft:bat":1,"minecraft:creeper":9,"minecraft:sheep":43,"minecraft:zombie":50,"minecraft:villager":1,"minecraft:enderman":1,"minecraft:cow":16},"minecraft:picked_up":{"minecraft:wooden_axe":18,"minecraft:iron_chestplate":1,"minecraft:crafting_table":41,"minecraft:wheat":52,"securitycraft:keypad_item":1,"minecraft:chicken":7,"minecraft:ladder":1,"minecraft:chest_minecart":1,"minecraft:wooden_pickaxe":12,"minecraft:pink_wool":1,"minecraft:oak_stairs":2,"minecraft:stripped_cherry_log":1,"minecraft:amethyst_block":2,"minecraft:heavy_weighted_pressure_plate":1,"minecraft:string":33,"minecraft:raw_copper":32,"minecraft:iron_axe":17,"minecraft:iron_shovel":7,"minecraft:glass_pane":4,"minecraft:cobbled_deepslate":1139,"securitycraft:keypad_frame":2,"minecraft:beef":31,"minecraft:calcite":1,"minecraft:iron_pickaxe":20,"minecraft:sugar_cane":31,"minecraft:chest":4,"minecraft:egg":2,"minecraft:furnace":12,"minecraft:raw_iron":397,"minecraft:stick":13,"minecraft:stone":31,"securitycraft:reinforced_cherry_planks":2,"minecraft:torch":104,"minecraft:porkchop":17,"minecraft:cherry_log":336,"minecraft:pointed_dripstone":111,"minecraft:diorite":21,"minecraft:carrot":143,"minecraft:redstone":307,"minecraft:rabbit_foot":3,"minecraft:arrow":24,"minecraft:rotten_flesh":83,"minecraft:gold_ingot":10,"minecraft:mutton":89,"minecraft:obsidian":1,"minecraft:rail":1,"minecraft:white_wool":41,"minecraft:cobblestone":741,"minecraft:pink_petals":206,"minecraft:magma_block":1,"minecraft:feather":9,"minecraft:cherry_planks":879,"minecraft:iron_door":2,"minecraft:andesite":34,"minecraft:salmon":7,"minecraft:leather":14,"minecraft:brown_wool":2,"minecraft:potato":34,"minecraft:flint":2,"minecraft:tuff":154,"minecraft:oak_log":91,"minecraft:yellow_bed":4,"minecraft:gunpowder":25,"minecraft:lapis_lazuli":373,"minecraft:dirt":1560,"minecraft:cooked_mutton":11,"minecraft:glass":55,"minecraft:bone":26,"minecraft:bow":2,"minecraft:wheat_seeds":251,"minecraft:raw_gold":34,"minecraft:rabbit_hide":8,"minecraft:iron_ingot":45,"minecraft:stone_pickaxe":6,"minecraft:cooked_chicken":2,"securitycraft:universal_block_reinforcer_lvl1":3,"minecraft:fletching_table":1,"minecraft:rabbit":10,"minecraft:oak_planks":50,"minecraft:smooth_basalt":1,"securitycraft:mine":3,"minecraft:raw_iron_block":4,"minecraft:dripstone_block":70,"minecraft:gravel":39,"minecraft:sand":64,"minecraft:white_bed":23,"securitycraft:reinforced_stone":64,"minecraft:crying_obsidian":1,"minecraft:spider_eye":8,"minecraft:mossy_cobblestone":2,"securitycraft:universal_block_remover":1,"minecraft:diamond":238,"minecraft:stone_axe":9,"minecraft:iron_helmet":1,"minecraft:granite":35,"minecraft:bone_meal":1,"minecraft:cherry_sapling":4,"minecraft:gray_wool":5,"minecraft:emerald":2,"minecraft:bread":1,"minecraft:baked_potato":20,"minecraft:oak_sapling":6,"securitycraft:door_indestructible_iron_item":4,"minecraft:dark_oak_fence":1,"minecraft:coal":449,"minecraft:pink_dye":6,"minecraft:sunflower":2},"minecraft:mined":{"securitycraft:mine":1,"minecraft:crying_obsidian":1,"minecraft:tuff":135,"minecraft:white_bed":14,"minecraft:mossy_cobblestone":2,"minecraft:deepslate_diamond_ore":185,"minecraft:cherry_log":350,"minecraft:stripped_cherry_log":1,"minecraft:obsidian":1,"minecraft:glow_lichen":2,"minecraft:dark_oak_fence":1,"minecraft:granite":36,"minecraft:grass_block":391,"minecraft:oak_pressure_plate":1,"minecraft:spawner":2,"minecraft:raw_iron_block":4,"minecraft:redstone_ore":3,"minecraft:magma_block":1,"minecraft:furnace":9,"minecraft:carrots":8,"minecraft:iron_ore":111,"minecraft:fire":19,"minecraft:andesite":33,"minecraft:deepslate_lapis_ore":29,"minecraft:fletching_table":1,"minecraft:potatoes":7,"minecraft:pointed_dripstone":30,"minecraft:dirt_path":18,"minecraft:deepslate_iron_ore":205,"minecraft:small_amethyst_bud":1,"minecraft:oak_stairs":1,"minecraft:stone":366,"minecraft:deepslate_redstone_ore":59,"minecraft:cherry_planks":28,"minecraft:oak_fence":1,"minecraft:torch":17,"minecraft:crafting_table":23,"minecraft:emerald_ore":2,"minecraft:calcite":1,"minecraft:chest":2,"minecraft:copper_ore":11,"minecraft:tall_grass":31,"minecraft:cobblestone":8,"minecraft:deepslate_gold_ore":15,"minecraft:sugar_cane":11,"minecraft:diorite":26,"minecraft:wall_torch":36,"minecraft:amethyst_block":2,"minecraft:pink_petals":29,"minecraft:wheat":71,"minecraft:birch_leaves":1,"minecraft:yellow_bed":3,"minecraft:grass":135,"minecraft:coal_ore":245,"minecraft:oak_log":28,"minecraft:beetroots":1,"minecraft:gravel":31,"minecraft:cherry_leaves":25,"minecraft:sand":64,"minecraft:dripstone_block":12,"minecraft:dirt":120,"minecraft:smooth_basalt":1,"minecraft:netherrack":1,"minecraft:gold_ore":9,"minecraft:deepslate":1074,"minecraft:oak_leaves":5,"minecraft:infested_deepslate":2},"minecraft:crafted":{"minecraft:cherry_planks":1348,"minecraft:smooth_stone":10,"minecraft:oak_planks":56,"minecraft:stone_shovel":1,"minecraft:iron_nugget":9,"minecraft:pink_bed":1,"minecraft:cooked_chicken":3,"minecraft:furnace":6,"minecraft:blast_furnace":2,"minecraft:stone":42,"minecraft:bone_meal":15,"securitycraft:keypad_item":4,"securitycraft:keypad_frame":2,"minecraft:pink_dye":6,"minecraft:heavy_weighted_pressure_plate":4,"minecraft:cooked_mutton":26,"minecraft:glass_pane":16,"minecraft:flint_and_steel":1,"securitycraft:laser_block":3,"minecraft:glass":64,"minecraft:lantern":1,"minecraft:iron_axe":3,"securitycraft:universal_block_remover":1,"minecraft:cherry_stairs":4,"minecraft:stone_pickaxe":7,"minecraft:chest":4,"minecraft:iron_door":6,"minecraft:redstone_block":3,"minecraft:cherry_fence":18,"minecraft:cooked_rabbit":4,"minecraft:cooked_beef":17,"minecraft:cooked_porkchop":4,"minecraft:crafting_table":10,"securitycraft:reinforced_stone_button":42,"minecraft:wooden_pickaxe":6,"minecraft:baked_potato":19,"minecraft:cooked_salmon":7,"minecraft:copper_ingot":41,"minecraft:stone_axe":4,"minecraft:bread":5,"minecraft:air":0,"securitycraft:door_indestructible_iron_item":4,"minecraft:iron_chestplate":1,"minecraft:diamond_pickaxe":1,"minecraft:pink_wool":2,"minecraft:stick":104,"minecraft:iron_ingot":259,"minecraft:iron_pickaxe":7,"minecraft:wooden_axe":6,"minecraft:iron_shovel":2,"minecraft:gold_ingot":24,"minecraft:white_bed":1,"minecraft:torch":48,"minecraft:shears":1,"securitycraft:universal_block_reinforcer_lvl1":3}},"DataVersion":3465}