{"stats":{"minecraft:broken":{"minecraft:iron_shovel":1,"minecraft:stone_pickaxe":2,"minecraft:iron_axe":1,"minecraft:stone_axe":1,"minecraft:iron_pickaxe":2,"minecraft:wooden_axe":1,"securitycraft:universal_block_reinforcer_lvl1":2,"minecraft:stone_shovel":1},"minecraft:killed":{"minecraft:spider":12,"minecraft:skeleton":8,"minecraft:chicken":4,"minecraft:cat":1,"minecraft:pig":7,"minecraft:rabbit":5,"minecraft:bat":1,"minecraft:creeper":7,"minecraft:sheep":25,"minecraft:zombie":46,"minecraft:villager":1,"minecraft:cow":8},"minecraft:killed_by":{"minecraft:creeper":3,"minecraft:spider":1,"minecraft:skeleton":11,"minecraft:zombie":1},"minecraft:custom":{"minecraft:mob_kills":128,"minecraft:interact_with_crafting_table":52,"minecraft:bell_ring":99,"minecraft:leave_game":6,"minecraft:time_since_death":110309,"minecraft:climb_one_cm":1708,"minecraft:sprint_one_cm":580042,"minecraft:walk_one_cm":1079120,"minecraft:drop":98,"minecraft:talked_to_villager":10,"minecraft:play_time":307672,"minecraft:deaths":25,"minecraft:sneak_time":2354,"minecraft:walk_under_water_one_cm":27524,"minecraft:jump":5433,"minecraft:walk_on_water_one_cm":106283,"minecraft:total_world_time":307672,"minecraft:interact_with_furnace":69,"minecraft:sleep_in_bed":17,"minecraft:time_since_rest":5268,"minecraft:damage_taken":9367,"minecraft:damage_dealt":17997,"minecraft:swim_one_cm":135348,"minecraft:fly_one_cm":794136,"minecraft:player_kills":1,"minecraft:open_chest":23,"minecraft:crouch_one_cm":3626,"minecraft:fall_one_cm":196809},"minecraft:dropped":{"minecraft:wheat_seeds":24,"minecraft:mossy_cobblestone":2,"minecraft:dripstone_block":13,"minecraft:feather":3,"minecraft:granite":14,"minecraft:flint":1,"minecraft:dark_oak_fence":1,"minecraft:wooden_axe":3,"minecraft:brown_wool":1,"minecraft:sunflower":1,"minecraft:iron_axe":1,"minecraft:iron_pickaxe":2,"minecraft:string":4,"minecraft:pink_petals":41,"minecraft:bone":8,"minecraft:stone_axe":1,"minecraft:pointed_dripstone":1,"minecraft:cherry_sapling":2,"minecraft:rotten_flesh":3,"minecraft:rabbit_hide":1,"minecraft:spider_eye":1},"minecraft:used":{"minecraft:iron_shovel":486,"minecraft:stone_shovel":159,"minecraft:chest":1,"minecraft:cooked_chicken":1,"minecraft:torch":29,"minecraft:dirt":189,"minecraft:mutton":9,"minecraft:carrot":50,"minecraft:wooden_axe":157,"minecraft:iron_axe":339,"minecraft:furnace":6,"minecraft:egg":1,"minecraft:potato":10,"minecraft:cobbled_deepslate":83,"minecraft:cooked_mutton":6,"minecraft:rabbit":3,"minecraft:stone_pickaxe":600,"minecraft:wooden_pickaxe":136,"minecraft:cherry_planks":846,"minecraft:glow_berries":2,"minecraft:crafting_table":21,"minecraft:spider_eye":1,"minecraft:white_bed":10,"minecraft:dripstone_block":13,"minecraft:bread":6,"minecraft:iron_pickaxe":557,"minecraft:stone_axe":218,"minecraft:pink_petals":3,"minecraft:cherry_stairs":4,"minecraft:cobblestone":58,"minecraft:porkchop":9,"minecraft:cooked_rabbit":1,"minecraft:yellow_bed":2},"minecraft:mined":{"minecraft:tuff":30,"minecraft:white_bed":9,"minecraft:mossy_cobblestone":2,"minecraft:deepslate_diamond_ore":59,"minecraft:cherry_log":321,"minecraft:stripped_cherry_log":1,"minecraft:glow_lichen":2,"minecraft:granite":16,"minecraft:dark_oak_fence":1,"minecraft:grass_block":379,"minecraft:oak_pressure_plate":1,"minecraft:spawner":1,"minecraft:raw_iron_block":1,"minecraft:redstone_ore":1,"minecraft:furnace":4,"minecraft:carrots":8,"minecraft:iron_ore":92,"minecraft:andesite":31,"minecraft:deepslate_lapis_ore":15,"minecraft:pointed_dripstone":29,"minecraft:potatoes":2,"minecraft:dirt_path":14,"minecraft:deepslate_iron_ore":100,"minecraft:oak_stairs":1,"minecraft:small_amethyst_bud":1,"minecraft:stone":277,"minecraft:deepslate_redstone_ore":10,"minecraft:cherry_planks":27,"minecraft:crafting_table":18,"minecraft:torch":8,"minecraft:calcite":1,"minecraft:chest":1,"minecraft:tall_grass":17,"minecraft:copper_ore":4,"minecraft:cobblestone":6,"minecraft:deepslate_gold_ore":10,"minecraft:diorite":6,"minecraft:wall_torch":12,"minecraft:amethyst_block":2,"minecraft:pink_petals":21,"minecraft:wheat":18,"minecraft:yellow_bed":3,"minecraft:grass":122,"minecraft:oak_log":10,"minecraft:coal_ore":161,"minecraft:beetroots":1,"minecraft:cherry_leaves":24,"minecraft:gravel":8,"minecraft:sand":64,"minecraft:dripstone_block":11,"minecraft:dirt":98,"minecraft:smooth_basalt":1,"minecraft:oak_leaves":1,"minecraft:deepslate":366,"minecraft:infested_deepslate":2},"minecraft:picked_up":{"minecraft:wooden_axe":18,"minecraft:crafting_table":35,"minecraft:wheat":35,"minecraft:chicken":3,"minecraft:chest_minecart":1,"minecraft:wooden_pickaxe":11,"minecraft:oak_stairs":1,"minecraft:stripped_cherry_log":1,"minecraft:amethyst_block":2,"minecraft:iron_axe":1,"minecraft:string":25,"minecraft:raw_copper":14,"minecraft:cobbled_deepslate":463,"minecraft:beef":14,"minecraft:calcite":1,"minecraft:iron_pickaxe":3,"minecraft:sugar_cane":3,"minecraft:chest":1,"minecraft:egg":2,"minecraft:furnace":5,"minecraft:stick":10,"minecraft:raw_iron":273,"minecraft:torch":48,"minecraft:porkchop":13,"minecraft:cherry_log":309,"minecraft:pointed_dripstone":103,"minecraft:diorite":7,"minecraft:carrot":143,"minecraft:redstone":67,"minecraft:rabbit_foot":3,"minecraft:arrow":15,"minecraft:rotten_flesh":73,"minecraft:mutton":57,"minecraft:rail":1,"minecraft:white_wool":28,"minecraft:cobblestone":632,"minecraft:pink_petals":199,"minecraft:feather":3,"minecraft:cherry_planks":831,"minecraft:andesite":32,"minecraft:brown_wool":1,"minecraft:leather":5,"minecraft:potato":22,"minecraft:flint":1,"minecraft:tuff":30,"minecraft:oak_log":10,"minecraft:yellow_bed":4,"minecraft:gunpowder":22,"minecraft:lapis_lazuli":148,"minecraft:dirt":780,"minecraft:cooked_mutton":3,"minecraft:bone":11,"minecraft:bow":2,"minecraft:wheat_seeds":159,"minecraft:raw_gold":20,"minecraft:iron_ingot":1,"minecraft:rabbit_hide":6,"minecraft:cooked_chicken":2,"minecraft:stone_pickaxe":6,"minecraft:rabbit":7,"minecraft:smooth_basalt":1,"securitycraft:mine":3,"minecraft:gravel":7,"minecraft:raw_iron_block":1,"minecraft:dripstone_block":43,"minecraft:sand":64,"minecraft:white_bed":15,"minecraft:spider_eye":7,"minecraft:mossy_cobblestone":2,"minecraft:diamond":59,"minecraft:stone_axe":9,"minecraft:granite":15,"minecraft:cherry_sapling":3,"minecraft:gray_wool":1,"minecraft:coal":319,"minecraft:dark_oak_fence":1,"minecraft:pink_dye":6,"minecraft:sunflower":1},"minecraft:crafted":{"minecraft:cherry_planks":1216,"minecraft:oak_planks":40,"minecraft:stone_shovel":1,"minecraft:cooked_chicken":1,"minecraft:furnace":3,"minecraft:pink_dye":3,"minecraft:cooked_mutton":6,"minecraft:glass_pane":16,"securitycraft:laser_block":3,"minecraft:glass":64,"minecraft:iron_axe":2,"minecraft:cherry_stairs":4,"minecraft:stone_pickaxe":7,"minecraft:chest":2,"minecraft:redstone_block":3,"minecraft:cooked_rabbit":1,"minecraft:crafting_table":8,"minecraft:wooden_pickaxe":6,"minecraft:stone_axe":4,"minecraft:bread":2,"minecraft:air":0,"minecraft:iron_chestplate":1,"minecraft:stick":76,"minecraft:iron_pickaxe":4,"minecraft:iron_ingot":135,"minecraft:wooden_axe":6,"minecraft:gold_ingot":10,"minecraft:iron_shovel":2,"minecraft:white_bed":1,"minecraft:torch":24,"securitycraft:universal_block_reinforcer_lvl1":3}},"DataVersion":3465}