{"stats":{"minecraft:crafted":{"minecraft:cherry_planks":360,"minecraft:crafting_table":6,"minecraft:cooked_chicken":1,"minecraft:wooden_pickaxe":5,"minecraft:furnace":1,"minecraft:stone_axe":3,"minecraft:pink_dye":3,"minecraft:cooked_mutton":6,"minecraft:air":0,"minecraft:iron_chestplate":1,"minecraft:stick":36,"minecraft:iron_ingot":11,"minecraft:iron_pickaxe":1,"minecraft:stone_pickaxe":3,"minecraft:wooden_axe":5,"minecraft:white_bed":1,"minecraft:torch":8},"minecraft:used":{"minecraft:cooked_mutton":6,"minecraft:rabbit":3,"minecraft:stone_pickaxe":134,"minecraft:wooden_pickaxe":83,"minecraft:cherry_planks":58,"minecraft:torch":12,"minecraft:dirt":12,"minecraft:mutton":9,"minecraft:crafting_table":13,"minecraft:carrot":13,"minecraft:spider_eye":1,"minecraft:white_bed":4,"minecraft:wooden_axe":130,"minecraft:bread":3,"minecraft:iron_pickaxe":57,"minecraft:stone_axe":126,"minecraft:pink_petals":3,"minecraft:furnace":2,"minecraft:porkchop":9,"minecraft:yellow_bed":1,"minecraft:egg":1,"minecraft:potato":1},"minecraft:broken":{"minecraft:wooden_axe":1},"minecraft:mined":{"minecraft:tuff":5,"minecraft:white_bed":3,"minecraft:cherry_planks":2,"minecraft:cherry_log":99,"minecraft:crafting_table":12,"minecraft:torch":6,"minecraft:glow_lichen":2,"minecraft:dark_oak_fence":1,"minecraft:grass_block":28,"minecraft:chest":1,"minecraft:tall_grass":1,"minecraft:cobblestone":5,"minecraft:copper_ore":3,"minecraft:wall_torch":7,"minecraft:pink_petals":16,"minecraft:furnace":2,"minecraft:wheat":6,"minecraft:iron_ore":11,"minecraft:deepslate_lapis_ore":3,"minecraft:yellow_bed":2,"minecraft:grass":20,"minecraft:deepslate_iron_ore":7,"minecraft:pointed_dripstone":4,"minecraft:coal_ore":95,"minecraft:beetroots":1,"minecraft:cherry_leaves":13,"minecraft:dripstone_block":3,"minecraft:dirt":13,"minecraft:stone":86,"minecraft:deepslate":34},"minecraft:killed_by":{"minecraft:skeleton":6,"minecraft:creeper":2,"minecraft:spider":1,"minecraft:zombie":1},"minecraft:custom":{"minecraft:interact_with_furnace":20,"minecraft:mob_kills":75,"minecraft:interact_with_crafting_table":17,"minecraft:bell_ring":99,"minecraft:leave_game":1,"minecraft:time_since_death":7795,"minecraft:sleep_in_bed":5,"minecraft:time_since_rest":7890,"minecraft:sprint_one_cm":289850,"minecraft:damage_taken":6117,"minecraft:walk_one_cm":349084,"minecraft:drop":62,"minecraft:damage_dealt":9229,"minecraft:player_kills":1,"minecraft:talked_to_villager":10,"minecraft:swim_one_cm":34714,"minecraft:fly_one_cm":537200,"minecraft:open_chest":4,"minecraft:crouch_one_cm":847,"minecraft:play_time":129329,"minecraft:deaths":16,"minecraft:sneak_time":549,"minecraft:walk_under_water_one_cm":16475,"minecraft:jump":3030,"minecraft:walk_on_water_one_cm":61382,"minecraft:total_world_time":129329,"minecraft:fall_one_cm":138287},"minecraft:killed":{"minecraft:cat":1,"minecraft:pig":7,"minecraft:rabbit":3,"minecraft:spider":2,"minecraft:creeper":3,"minecraft:sheep":23,"minecraft:skeleton":6,"minecraft:zombie":15,"minecraft:chicken":4,"minecraft:villager":1,"minecraft:cow":8},"minecraft:dropped":{"minecraft:stone_axe":1,"minecraft:wheat_seeds":4,"minecraft:dripstone_block":2,"minecraft:pointed_dripstone":1,"minecraft:cherry_sapling":2,"minecraft:feather":3,"minecraft:rotten_flesh":3,"minecraft:flint":1,"minecraft:rabbit_hide":1,"minecraft:dark_oak_fence":1,"minecraft:wooden_axe":2,"minecraft:brown_wool":1,"minecraft:iron_pickaxe":1,"minecraft:string":4,"minecraft:pink_petals":41,"minecraft:bone":4},"minecraft:picked_up":{"minecraft:wooden_axe":9,"minecraft:pink_petals":183,"minecraft:crafting_table":20,"minecraft:wheat":4,"minecraft:feather":3,"minecraft:chicken":3,"minecraft:cherry_planks":681,"minecraft:brown_wool":1,"minecraft:leather":5,"minecraft:wooden_pickaxe":6,"minecraft:potato":1,"minecraft:tuff":5,"minecraft:yellow_bed":3,"minecraft:gunpowder":5,"minecraft:string":6,"minecraft:lapis_lazuli":24,"minecraft:dirt":171,"minecraft:raw_copper":9,"minecraft:cooked_mutton":3,"minecraft:bone":9,"minecraft:bow":2,"minecraft:wheat_seeds":21,"minecraft:cobbled_deepslate":30,"minecraft:cooked_chicken":1,"minecraft:rabbit_hide":6,"minecraft:beef":14,"minecraft:stone_pickaxe":4,"minecraft:iron_pickaxe":1,"minecraft:rabbit":6,"minecraft:chest":1,"minecraft:egg":2,"minecraft:furnace":2,"minecraft:stick":6,"minecraft:raw_iron":38,"securitycraft:mine":3,"minecraft:torch":37,"minecraft:dripstone_block":3,"minecraft:porkchop":13,"minecraft:cherry_log":96,"minecraft:pointed_dripstone":4,"minecraft:white_bed":8,"minecraft:carrot":5,"minecraft:rabbit_foot":2,"minecraft:spider_eye":3,"minecraft:arrow":11,"minecraft:rotten_flesh":17,"minecraft:stone_axe":4,"minecraft:cherry_sapling":2,"minecraft:gray_wool":1,"minecraft:pink_dye":6,"minecraft:mutton":54,"minecraft:dark_oak_fence":1,"minecraft:coal":166,"minecraft:white_wool":26,"minecraft:cobblestone":220}},"DataVersion":3465}