{"stats":{"minecraft:used":{"minecraft:wooden_axe":58,"minecraft:rabbit":3,"minecraft:stone_pickaxe":32,"minecraft:wooden_pickaxe":25,"minecraft:cherry_planks":14,"minecraft:pink_petals":3,"minecraft:stone_axe":16,"minecraft:dirt":1,"minecraft:mutton":3,"minecraft:crafting_table":4,"minecraft:white_bed":1},"minecraft:crafted":{"minecraft:cherry_planks":140,"minecraft:crafting_table":1,"minecraft:stick":12,"minecraft:wooden_pickaxe":1,"minecraft:stone_pickaxe":1,"minecraft:wooden_axe":1,"minecraft:white_bed":1,"minecraft:torch":8,"minecraft:stone_axe":1},"minecraft:broken":{"minecraft:wooden_axe":1},"minecraft:mined":{"minecraft:pink_petals":11,"minecraft:cherry_planks":2,"minecraft:iron_ore":10,"minecraft:cherry_log":35,"minecraft:crafting_table":4,"minecraft:glow_lichen":1,"minecraft:grass":13,"minecraft:grass_block":4,"minecraft:coal_ore":20,"minecraft:cherry_leaves":5,"minecraft:stone":26},"minecraft:killed_by":{"minecraft:skeleton":4,"minecraft:creeper":1,"minecraft:zombie":1},"minecraft:custom":{"minecraft:sprint_one_cm":51281,"minecraft:damage_taken":1820,"minecraft:walk_one_cm":68440,"minecraft:mob_kills":14,"minecraft:drop":38,"minecraft:damage_dealt":1871,"minecraft:interact_with_crafting_table":4,"minecraft:fly_one_cm":114200,"minecraft:play_time":27329,"minecraft:crouch_one_cm":203,"minecraft:sneak_time":33,"minecraft:deaths":6,"minecraft:jump":495,"minecraft:leave_game":1,"minecraft:time_since_death":1194,"minecraft:sleep_in_bed":1,"minecraft:total_world_time":27329,"minecraft:fall_one_cm":21475,"minecraft:time_since_rest":1218},"minecraft:killed":{"minecraft:sheep":6,"minecraft:skeleton":2,"minecraft:zombie":3,"minecraft:rabbit":2,"minecraft:creeper":1},"minecraft:dropped":{"minecraft:pink_petals":38},"minecraft:picked_up":{"minecraft:wooden_axe":4,"minecraft:crafting_table":8,"minecraft:pink_petals":148,"minecraft:raw_iron":30,"minecraft:cherry_planks":578,"minecraft:torch":24,"minecraft:wooden_pickaxe":5,"minecraft:cherry_log":35,"minecraft:gunpowder":4,"minecraft:white_bed":5,"minecraft:carrot":4,"minecraft:dirt":134,"minecraft:bone":6,"minecraft:arrow":8,"minecraft:rotten_flesh":15,"minecraft:bow":1,"minecraft:stone_axe":2,"minecraft:wheat_seeds":21,"minecraft:rabbit_hide":4,"minecraft:stone_pickaxe":2,"minecraft:rabbit":5,"minecraft:mutton":29,"minecraft:coal":92,"minecraft:stick":4,"minecraft:white_wool":8,"minecraft:cobblestone":156}},"DataVersion":3465}