{"stats":{"minecraft:used":{"minecraft:rabbit":3,"minecraft:stone_pickaxe":85,"minecraft:wooden_pickaxe":51,"minecraft:cherry_planks":34,"minecraft:torch":12,"minecraft:dirt":1,"minecraft:mutton":8,"minecraft:crafting_table":9,"minecraft:carrot":13,"minecraft:spider_eye":1,"minecraft:white_bed":4,"minecraft:wooden_axe":60,"minecraft:bread":3,"minecraft:iron_pickaxe":57,"minecraft:stone_axe":81,"minecraft:pink_petals":3,"minecraft:furnace":2,"minecraft:porkchop":6},"minecraft:crafted":{"minecraft:cherry_planks":184,"minecraft:crafting_table":3,"minecraft:wooden_pickaxe":3,"minecraft:furnace":1,"minecraft:stone_axe":2,"minecraft:air":0,"minecraft:iron_chestplate":1,"minecraft:stick":24,"minecraft:iron_ingot":11,"minecraft:iron_pickaxe":1,"minecraft:stone_pickaxe":2,"minecraft:wooden_axe":3,"minecraft:white_bed":1,"minecraft:torch":8},"minecraft:broken":{"minecraft:wooden_axe":1},"minecraft:mined":{"minecraft:tuff":5,"minecraft:white_bed":3,"minecraft:cherry_planks":2,"minecraft:cherry_log":53,"minecraft:crafting_table":9,"minecraft:torch":2,"minecraft:glow_lichen":2,"minecraft:dark_oak_fence":1,"minecraft:grass_block":9,"minecraft:chest":1,"minecraft:cobblestone":2,"minecraft:copper_ore":3,"minecraft:wall_torch":7,"minecraft:pink_petals":12,"minecraft:furnace":2,"minecraft:wheat":4,"minecraft:iron_ore":11,"minecraft:deepslate_lapis_ore":3,"minecraft:grass":14,"minecraft:deepslate_iron_ore":7,"minecraft:pointed_dripstone":1,"minecraft:coal_ore":53,"minecraft:beetroots":1,"minecraft:cherry_leaves":12,"minecraft:dripstone_block":2,"minecraft:dirt":4,"minecraft:stone":58,"minecraft:deepslate":34},"minecraft:killed_by":{"minecraft:skeleton":6,"minecraft:creeper":1,"minecraft:zombie":1},"minecraft:custom":{"minecraft:interact_with_furnace":10,"minecraft:mob_kills":45,"minecraft:interact_with_crafting_table":12,"minecraft:bell_ring":1,"minecraft:leave_game":1,"minecraft:time_since_death":6674,"minecraft:sleep_in_bed":4,"minecraft:time_since_rest":6696,"minecraft:sprint_one_cm":188847,"minecraft:damage_taken":3772,"minecraft:walk_one_cm":223374,"minecraft:drop":49,"minecraft:damage_dealt":4858,"minecraft:swim_one_cm":10818,"minecraft:fly_one_cm":375115,"minecraft:open_chest":4,"minecraft:crouch_one_cm":365,"minecraft:play_time":87329,"minecraft:deaths":11,"minecraft:sneak_time":226,"minecraft:walk_under_water_one_cm":13734,"minecraft:jump":1947,"minecraft:walk_on_water_one_cm":42987,"minecraft:total_world_time":87329,"minecraft:fall_one_cm":87250},"minecraft:killed":{"minecraft:pig":6,"minecraft:rabbit":3,"minecraft:spider":2,"minecraft:creeper":2,"minecraft:sheep":15,"minecraft:skeleton":2,"minecraft:zombie":4,"minecraft:chicken":3,"minecraft:cow":8},"minecraft:dropped":{"minecraft:stone_axe":1,"minecraft:wheat_seeds":4,"minecraft:dripstone_block":2,"minecraft:pointed_dripstone":1,"minecraft:feather":3,"minecraft:rotten_flesh":3,"minecraft:flint":1,"minecraft:dark_oak_fence":1,"minecraft:brown_wool":1,"minecraft:iron_pickaxe":1,"minecraft:pink_petals":38,"minecraft:bone":3},"minecraft:picked_up":{"minecraft:wooden_axe":4,"minecraft:pink_petals":177,"minecraft:crafting_table":13,"minecraft:wheat":4,"minecraft:feather":3,"minecraft:chicken":2,"minecraft:cherry_planks":578,"minecraft:brown_wool":1,"minecraft:leather":5,"minecraft:wooden_pickaxe":5,"minecraft:tuff":5,"minecraft:gunpowder":5,"minecraft:string":2,"minecraft:lapis_lazuli":24,"minecraft:dirt":143,"minecraft:raw_copper":9,"minecraft:bone":6,"minecraft:bow":2,"minecraft:wheat_seeds":21,"minecraft:cobbled_deepslate":30,"minecraft:rabbit_hide":5,"minecraft:beef":14,"minecraft:stone_pickaxe":2,"minecraft:iron_pickaxe":1,"minecraft:rabbit":6,"minecraft:chest":1,"minecraft:furnace":2,"minecraft:stick":6,"minecraft:raw_iron":38,"minecraft:torch":33,"minecraft:dripstone_block":2,"minecraft:porkchop":12,"minecraft:cherry_log":52,"minecraft:pointed_dripstone":1,"minecraft:white_bed":8,"minecraft:carrot":5,"minecraft:spider_eye":1,"minecraft:arrow":8,"minecraft:rotten_flesh":15,"minecraft:stone_axe":3,"minecraft:gray_wool":1,"minecraft:mutton":43,"minecraft:dark_oak_fence":1,"minecraft:coal":122,"minecraft:white_wool":14,"minecraft:cobblestone":189}},"DataVersion":3465}