{"stats":{"minecraft:crafted":{"minecraft:crafting_table":1,"minecraft:cherry_planks":44},"minecraft:mined":{"minecraft:grass":1,"minecraft:cherry_log":11,"minecraft:cherry_leaves":1},"minecraft:custom":{"minecraft:jump":16,"minecraft:time_since_rest":4158,"minecraft:damage_dealt":15,"minecraft:crouch_one_cm":79,"minecraft:sprint_one_cm":1477,"minecraft:play_time":4158,"minecraft:damage_taken":70,"minecraft:time_since_death":4158,"minecraft:walk_one_cm":9004,"minecraft:sneak_time":14,"minecraft:total_world_time":4158,"minecraft:fly_one_cm":1945},"minecraft:picked_up":{"minecraft:cherry_log":11}},"DataVersion":3465}