{"stats":{"minecraft:used":{"minecraft:rabbit":3,"minecraft:stone_pickaxe":94,"minecraft:wooden_pickaxe":51,"minecraft:cherry_planks":35,"minecraft:torch":12,"minecraft:dirt":7,"minecraft:mutton":9,"minecraft:crafting_table":11,"minecraft:carrot":13,"minecraft:spider_eye":1,"minecraft:white_bed":4,"minecraft:wooden_axe":97,"minecraft:bread":3,"minecraft:iron_pickaxe":57,"minecraft:stone_axe":98,"minecraft:pink_petals":3,"minecraft:furnace":2,"minecraft:porkchop":8},"minecraft:crafted":{"minecraft:cherry_planks":324,"minecraft:crafting_table":6,"minecraft:wooden_pickaxe":5,"minecraft:furnace":1,"minecraft:stone_axe":2,"minecraft:pink_dye":3,"minecraft:air":0,"minecraft:iron_chestplate":1,"minecraft:stick":32,"minecraft:iron_ingot":11,"minecraft:iron_pickaxe":1,"minecraft:stone_pickaxe":2,"minecraft:wooden_axe":5,"minecraft:white_bed":1,"minecraft:torch":8},"minecraft:broken":{"minecraft:wooden_axe":1},"minecraft:mined":{"minecraft:tuff":5,"minecraft:white_bed":3,"minecraft:cherry_planks":2,"minecraft:cherry_log":90,"minecraft:crafting_table":11,"minecraft:torch":2,"minecraft:glow_lichen":2,"minecraft:dark_oak_fence":1,"minecraft:grass_block":26,"minecraft:chest":1,"minecraft:cobblestone":2,"minecraft:copper_ore":3,"minecraft:wall_torch":7,"minecraft:pink_petals":16,"minecraft:furnace":2,"minecraft:wheat":4,"minecraft:iron_ore":11,"minecraft:deepslate_lapis_ore":3,"minecraft:grass":20,"minecraft:deepslate_iron_ore":7,"minecraft:pointed_dripstone":1,"minecraft:coal_ore":62,"minecraft:beetroots":1,"minecraft:cherry_leaves":13,"minecraft:dripstone_block":2,"minecraft:dirt":6,"minecraft:stone":58,"minecraft:deepslate":34},"minecraft:killed_by":{"minecraft:skeleton":6,"minecraft:creeper":2,"minecraft:spider":1,"minecraft:zombie":1},"minecraft:custom":{"minecraft:interact_with_furnace":10,"minecraft:mob_kills":57,"minecraft:interact_with_crafting_table":15,"minecraft:bell_ring":1,"minecraft:leave_game":1,"minecraft:time_since_death":1834,"minecraft:sleep_in_bed":4,"minecraft:time_since_rest":1888,"minecraft:sprint_one_cm":247522,"minecraft:damage_taken":5337,"minecraft:walk_one_cm":275339,"minecraft:drop":52,"minecraft:damage_dealt":6871,"minecraft:swim_one_cm":10995,"minecraft:fly_one_cm":473310,"minecraft:open_chest":4,"minecraft:crouch_one_cm":365,"minecraft:play_time":105329,"minecraft:deaths":15,"minecraft:sneak_time":226,"minecraft:walk_under_water_one_cm":16297,"minecraft:jump":2509,"minecraft:walk_on_water_one_cm":55312,"minecraft:total_world_time":105329,"minecraft:fall_one_cm":118091},"minecraft:killed":{"minecraft:pig":6,"minecraft:rabbit":3,"minecraft:spider":2,"minecraft:creeper":3,"minecraft:sheep":19,"minecraft:skeleton":2,"minecraft:zombie":9,"minecraft:chicken":3,"minecraft:cow":8},"minecraft:dropped":{"minecraft:stone_axe":1,"minecraft:wheat_seeds":4,"minecraft:dripstone_block":2,"minecraft:pointed_dripstone":1,"minecraft:feather":3,"minecraft:rotten_flesh":3,"minecraft:flint":1,"minecraft:dark_oak_fence":1,"minecraft:brown_wool":1,"minecraft:iron_pickaxe":1,"minecraft:pink_petals":41,"minecraft:bone":3},"minecraft:picked_up":{"minecraft:wooden_axe":4,"minecraft:pink_petals":183,"minecraft:crafting_table":15,"minecraft:wheat":4,"minecraft:feather":3,"minecraft:chicken":2,"minecraft:cherry_planks":578,"minecraft:brown_wool":1,"minecraft:leather":5,"minecraft:wooden_pickaxe":5,"minecraft:tuff":5,"minecraft:gunpowder":5,"minecraft:string":2,"minecraft:lapis_lazuli":24,"minecraft:dirt":162,"minecraft:raw_copper":9,"minecraft:bone":6,"minecraft:bow":2,"minecraft:wheat_seeds":21,"minecraft:cobbled_deepslate":30,"minecraft:rabbit_hide":5,"minecraft:beef":14,"minecraft:stone_pickaxe":2,"minecraft:iron_pickaxe":1,"minecraft:rabbit":6,"minecraft:chest":1,"minecraft:furnace":2,"minecraft:stick":6,"minecraft:raw_iron":38,"minecraft:torch":33,"minecraft:dripstone_block":2,"minecraft:porkchop":12,"minecraft:cherry_log":87,"minecraft:pointed_dripstone":1,"minecraft:white_bed":8,"minecraft:carrot":5,"minecraft:spider_eye":1,"minecraft:arrow":8,"minecraft:rotten_flesh":15,"minecraft:stone_axe":3,"minecraft:gray_wool":1,"minecraft:mutton":48,"minecraft:dark_oak_fence":1,"minecraft:coal":133,"minecraft:white_wool":18,"minecraft:cobblestone":189}},"DataVersion":3465}