{"stats":{"minecraft:used":{"minecraft:cooked_mutton":4,"minecraft:stone_pickaxe":278,"minecraft:chest":1,"minecraft:wooden_pickaxe":14,"minecraft:bell":1,"minecraft:cooked_chicken":5,"minecraft:rotten_flesh":2,"minecraft:torch":4,"minecraft:dirt":37,"minecraft:crafting_table":9,"minecraft:white_bed":1,"minecraft:iron_axe":50,"minecraft:iron_pickaxe":3,"minecraft:stone_axe":68,"minecraft:raw_copper_block":2,"minecraft:furnace":4,"minecraft:cooked_porkchop":4,"minecraft:cooked_rabbit":1,"minecraft:yellow_bed":1},"minecraft:crafted":{"minecraft:cherry_planks":96,"securitycraft:mine":3,"minecraft:cooked_porkchop":4,"minecraft:crafting_table":2,"minecraft:cooked_chicken":5,"minecraft:wooden_pickaxe":1,"minecraft:furnace":1,"minecraft:stone_axe":2,"minecraft:raw_copper_block":2,"minecraft:cooked_mutton":22,"minecraft:air":0,"minecraft:white_wool":1,"minecraft:iron_axe":1,"minecraft:stick":40,"minecraft:iron_pickaxe":1,"minecraft:iron_ingot":5,"minecraft:stone_pickaxe":3,"minecraft:chest":1,"minecraft:white_bed":1,"minecraft:cooked_rabbit":1},"minecraft:broken":{"minecraft:stone_pickaxe":2},"minecraft:mined":{"minecraft:white_bed":1,"minecraft:cherry_log":48,"minecraft:crafting_table":9,"minecraft:torch":3,"minecraft:emerald_ore":1,"minecraft:grass_block":4,"minecraft:tall_grass":4,"minecraft:copper_ore":6,"minecraft:wall_torch":2,"minecraft:pink_petals":15,"minecraft:hay_block":18,"minecraft:furnace":4,"minecraft:iron_ore":6,"minecraft:wheat":6,"minecraft:yellow_bed":2,"minecraft:bell":2,"minecraft:grass":10,"minecraft:pointed_dripstone":4,"minecraft:coal_ore":93,"minecraft:cherry_leaves":2,"minecraft:gravel":1,"minecraft:dirt":16,"minecraft:stone":171,"minecraft:infested_stone":1},"minecraft:killed_by":{"minecraft:player":1,"minecraft:skeleton":3,"minecraft:creeper":1,"minecraft:spider":2},"minecraft:custom":{"minecraft:interact_with_furnace":26,"minecraft:mob_kills":38,"minecraft:interact_with_crafting_table":18,"minecraft:bell_ring":18,"minecraft:leave_game":3,"minecraft:time_since_death":2818,"minecraft:sleep_in_bed":2,"minecraft:time_since_rest":2844,"minecraft:sprint_one_cm":232673,"minecraft:damage_taken":3409,"minecraft:walk_one_cm":202383,"minecraft:drop":25,"minecraft:damage_dealt":4339,"minecraft:swim_one_cm":24609,"minecraft:talked_to_villager":21,"minecraft:fly_one_cm":171373,"minecraft:open_chest":1,"minecraft:crouch_one_cm":1044,"minecraft:play_time":82932,"minecraft:deaths":8,"minecraft:sneak_time":351,"minecraft:walk_under_water_one_cm":822,"minecraft:jump":1230,"minecraft:walk_on_water_one_cm":5846,"minecraft:total_world_time":82932,"minecraft:fall_one_cm":53834},"minecraft:killed":{"minecraft:pig":2,"minecraft:rabbit":1,"minecraft:spider":2,"minecraft:creeper":1,"minecraft:sheep":18,"minecraft:skeleton":2,"minecraft:pillager":1,"minecraft:zombie":4,"minecraft:chicken":5,"minecraft:silverfish":1,"minecraft:villager":1},"minecraft:dropped":{"minecraft:stone_axe":2,"minecraft:wheat_seeds":1,"minecraft:rotten_flesh":2,"minecraft:light_gray_wool":1,"minecraft:rabbit_foot":1,"minecraft:rabbit_hide":1,"minecraft:spider_eye":1,"minecraft:iron_axe":2,"minecraft:stone_pickaxe":1,"minecraft:wooden_pickaxe":1,"minecraft:pink_petals":19},"minecraft:picked_up":{"minecraft:pink_petals":35,"minecraft:crafting_table":19,"minecraft:wheat":6,"minecraft:feather":4,"minecraft:chicken":5,"minecraft:cherry_planks":197,"minecraft:wooden_pickaxe":5,"minecraft:yellow_bed":3,"minecraft:gunpowder":5,"minecraft:string":4,"minecraft:dirt":121,"minecraft:iron_axe":4,"minecraft:white_banner":3,"minecraft:raw_copper":18,"minecraft:cooked_mutton":19,"minecraft:bone":12,"minecraft:wheat_seeds":14,"minecraft:bell":2,"minecraft:rabbit_hide":2,"minecraft:iron_ingot":11,"minecraft:stone_pickaxe":5,"minecraft:iron_pickaxe":1,"minecraft:light_gray_wool":1,"minecraft:rabbit":2,"minecraft:raw_copper_block":2,"minecraft:furnace":6,"minecraft:raw_iron":32,"minecraft:stick":22,"minecraft:torch":8,"minecraft:gravel":1,"minecraft:porkchop":8,"minecraft:cherry_log":81,"minecraft:pointed_dripstone":7,"minecraft:white_bed":1,"minecraft:spider_eye":3,"minecraft:rabbit_foot":2,"minecraft:rotten_flesh":6,"minecraft:stone_axe":6,"minecraft:gray_wool":4,"minecraft:emerald":4,"minecraft:mutton":33,"minecraft:coal":311,"minecraft:white_wool":19,"minecraft:cobblestone":417}},"DataVersion":3465}