{"stats":{"minecraft:broken":{"minecraft:stone_pickaxe":3},"minecraft:killed":{"minecraft:witch":1,"minecraft:spider":5,"minecraft:skeleton":14,"minecraft:chicken":5,"minecraft:silverfish":1,"minecraft:pig":2,"minecraft:rabbit":4,"minecraft:creeper":1,"minecraft:sheep":25,"minecraft:pillager":1,"minecraft:zombie":14,"minecraft:villager":1},"minecraft:killed_by":{"minecraft:player":1,"minecraft:creeper":2,"minecraft:spider":2,"minecraft:skeleton":14,"minecraft:zombie":1},"minecraft:custom":{"minecraft:mob_kills":75,"minecraft:interact_with_crafting_table":50,"minecraft:bell_ring":18,"minecraft:leave_game":12,"minecraft:time_since_death":7942,"minecraft:sprint_one_cm":440588,"minecraft:walk_one_cm":489638,"minecraft:damage_blocked_by_shield":1556,"minecraft:drop":64,"minecraft:talked_to_villager":21,"minecraft:play_time":180610,"minecraft:deaths":29,"minecraft:sneak_time":2257,"minecraft:walk_under_water_one_cm":5319,"minecraft:jump":2685,"minecraft:walk_on_water_one_cm":20530,"minecraft:total_world_time":180610,"minecraft:interact_with_furnace":86,"minecraft:sleep_in_bed":4,"minecraft:time_since_rest":7967,"minecraft:damage_taken":10590,"minecraft:damage_dealt":10164,"minecraft:swim_one_cm":69950,"minecraft:fly_one_cm":304495,"minecraft:open_chest":14,"minecraft:crouch_one_cm":6595,"minecraft:fall_one_cm":132064},"minecraft:dropped":{"minecraft:wheat_seeds":30,"minecraft:cherry_log":25,"minecraft:dripstone_block":1,"minecraft:granite":5,"minecraft:dirt":13,"minecraft:cherry_planks":1,"minecraft:iron_axe":3,"minecraft:string":1,"minecraft:pink_petals":19,"minecraft:stone_axe":5,"minecraft:pointed_dripstone":14,"minecraft:beetroot":8,"minecraft:rotten_flesh":3,"minecraft:light_gray_wool":1,"minecraft:rabbit_foot":1,"minecraft:rabbit_hide":3,"minecraft:andesite":2,"minecraft:spider_eye":7,"minecraft:wooden_pickaxe":3,"minecraft:stone_pickaxe":2},"minecraft:mined":{"minecraft:tuff":1,"minecraft:white_bed":3,"minecraft:cherry_log":71,"minecraft:granite":5,"minecraft:grass_block":18,"minecraft:spawner":3,"minecraft:hay_block":18,"minecraft:redstone_ore":7,"minecraft:furnace":8,"minecraft:carrots":18,"minecraft:iron_ore":143,"minecraft:andesite":8,"minecraft:deepslate_lapis_ore":13,"minecraft:bell":2,"minecraft:pointed_dripstone":4,"minecraft:potatoes":9,"minecraft:deepslate_iron_ore":49,"minecraft:stone":365,"minecraft:deepslate_redstone_ore":16,"minecraft:crafting_table":15,"minecraft:torch":4,"minecraft:emerald_ore":1,"minecraft:chest":3,"minecraft:tall_grass":6,"minecraft:copper_ore":12,"minecraft:cobblestone":3,"minecraft:lapis_ore":9,"minecraft:deepslate_gold_ore":16,"minecraft:diorite":1,"minecraft:wall_torch":2,"minecraft:pink_petals":17,"minecraft:wheat":19,"minecraft:yellow_bed":3,"minecraft:grass":13,"minecraft:oak_log":54,"minecraft:coal_ore":136,"minecraft:beetroots":7,"minecraft:cherry_leaves":3,"minecraft:gravel":4,"minecraft:dripstone_block":3,"minecraft:dirt":29,"minecraft:gold_ore":21,"minecraft:deepslate_emerald_ore":1,"minecraft:deepslate":68,"minecraft:infested_stone":1},"minecraft:used":{"minecraft:beetroot":3,"minecraft:chest":1,"minecraft:shield":26,"minecraft:bell":1,"minecraft:cooked_chicken":5,"minecraft:rotten_flesh":2,"minecraft:torch":5,"minecraft:dirt":53,"minecraft:carrot":29,"minecraft:iron_axe":126,"minecraft:raw_copper_block":2,"minecraft:furnace":8,"minecraft:cherry_log":2,"minecraft:cooked_mutton":13,"minecraft:water_bucket":9,"minecraft:stone_pickaxe":591,"minecraft:wooden_pickaxe":43,"minecraft:crafting_table":14,"minecraft:white_bed":3,"minecraft:bread":4,"minecraft:iron_pickaxe":287,"minecraft:stone_axe":186,"minecraft:cobblestone":78,"minecraft:cooked_porkchop":4,"minecraft:cooked_rabbit":1,"minecraft:bucket":10,"minecraft:yellow_bed":2},"minecraft:picked_up":{"minecraft:crafting_table":31,"minecraft:iron_chestplate":1,"minecraft:wheat":21,"minecraft:chicken":5,"minecraft:wooden_pickaxe":12,"minecraft:shield":1,"minecraft:string":8,"minecraft:raw_copper":38,"minecraft:iron_axe":7,"minecraft:beetroot":57,"minecraft:cobbled_deepslate":68,"minecraft:iron_pickaxe":5,"minecraft:light_gray_wool":1,"minecraft:chest":3,"minecraft:furnace":11,"minecraft:raw_copper_block":2,"minecraft:iron_boots":1,"minecraft:stick":94,"minecraft:raw_iron":311,"minecraft:torch":58,"minecraft:fire_charge":14,"minecraft:porkchop":8,"minecraft:cherry_log":229,"minecraft:pointed_dripstone":29,"minecraft:carrot":333,"minecraft:redstone":120,"minecraft:golden_chestplate":1,"minecraft:rabbit_foot":2,"minecraft:arrow":29,"minecraft:rotten_flesh":11,"minecraft:beetroot_seeds":112,"minecraft:golden_hoe":5,"minecraft:mutton":93,"minecraft:white_wool":40,"minecraft:cobblestone":796,"minecraft:pink_petals":65,"minecraft:feather":4,"minecraft:cherry_planks":395,"minecraft:andesite":13,"minecraft:golden_leggings":7,"minecraft:potato":256,"minecraft:flint":19,"minecraft:tuff":1,"minecraft:oak_log":278,"minecraft:yellow_bed":4,"minecraft:gunpowder":6,"minecraft:lapis_lazuli":256,"minecraft:dirt":172,"minecraft:white_banner":3,"minecraft:cooked_mutton":36,"minecraft:bone":41,"minecraft:bow":2,"minecraft:wheat_seeds":246,"minecraft:raw_gold":49,"minecraft:rabbit_hide":9,"minecraft:bell":2,"minecraft:stone_pickaxe":18,"minecraft:iron_ingot":15,"minecraft:rabbit":26,"minecraft:oak_planks":32,"securitycraft:mine":3,"minecraft:dripstone_block":12,"minecraft:gravel":3,"minecraft:white_bed":3,"minecraft:spider_eye":19,"minecraft:stone_axe":17,"minecraft:iron_helmet":1,"minecraft:granite":10,"minecraft:cherry_sapling":21,"minecraft:gray_wool":10,"minecraft:emerald":7,"minecraft:bread":8,"minecraft:coal":465},"minecraft:crafted":{"minecraft:cherry_planks":280,"minecraft:oak_planks":20,"securitycraft:mine":3,"minecraft:cooked_chicken":5,"minecraft:furnace":3,"minecraft:raw_copper_block":2,"minecraft:cooked_mutton":22,"minecraft:iron_boots":2,"minecraft:iron_axe":2,"minecraft:stone_pickaxe":9,"minecraft:chest":1,"minecraft:cooked_rabbit":1,"minecraft:cooked_porkchop":4,"minecraft:crafting_table":3,"minecraft:wooden_pickaxe":8,"minecraft:iron_helmet":2,"minecraft:bucket":1,"minecraft:stone_axe":3,"minecraft:bread":3,"minecraft:air":0,"minecraft:white_wool":1,"minecraft:iron_chestplate":2,"minecraft:shield":2,"minecraft:stick":88,"minecraft:iron_ingot":90,"minecraft:iron_pickaxe":3,"minecraft:iron_leggings":1,"minecraft:white_bed":2,"minecraft:torch":16}},"DataVersion":3465}