{"stats":{"minecraft:used":{"minecraft:cooked_mutton":3,"minecraft:stone_pickaxe":262,"minecraft:wooden_pickaxe":14,"minecraft:rotten_flesh":2,"minecraft:torch":4,"minecraft:dirt":21,"minecraft:crafting_table":6,"minecraft:white_bed":1,"minecraft:iron_axe":16,"minecraft:stone_axe":68,"minecraft:furnace":3,"minecraft:cooked_porkchop":2,"minecraft:cooked_rabbit":1},"minecraft:crafted":{"minecraft:cherry_planks":96,"minecraft:cooked_porkchop":4,"minecraft:crafting_table":2,"minecraft:wooden_pickaxe":1,"minecraft:furnace":1,"minecraft:stone_axe":2,"minecraft:raw_copper_block":2,"minecraft:cooked_mutton":3,"minecraft:air":0,"minecraft:iron_axe":1,"minecraft:stick":20,"minecraft:iron_ingot":5,"minecraft:stone_pickaxe":2,"minecraft:white_bed":1,"minecraft:cooked_rabbit":1},"minecraft:broken":{"minecraft:stone_pickaxe":1},"minecraft:mined":{"minecraft:white_bed":1,"minecraft:cherry_log":48,"minecraft:crafting_table":6,"minecraft:torch":3,"minecraft:grass_block":4,"minecraft:tall_grass":4,"minecraft:copper_ore":6,"minecraft:wall_torch":2,"minecraft:pink_petals":15,"minecraft:furnace":3,"minecraft:iron_ore":6,"minecraft:grass":8,"minecraft:pointed_dripstone":4,"minecraft:coal_ore":93,"minecraft:cherry_leaves":2,"minecraft:gravel":1,"minecraft:dirt":15,"minecraft:stone":156,"minecraft:infested_stone":1},"minecraft:killed_by":{"minecraft:skeleton":3,"minecraft:creeper":1,"minecraft:spider":2},"minecraft:custom":{"minecraft:interact_with_furnace":10,"minecraft:mob_kills":23,"minecraft:interact_with_crafting_table":11,"minecraft:leave_game":3,"minecraft:time_since_death":9520,"minecraft:sleep_in_bed":1,"minecraft:time_since_rest":9545,"minecraft:sprint_one_cm":173130,"minecraft:damage_taken":2090,"minecraft:walk_one_cm":129519,"minecraft:drop":13,"minecraft:damage_dealt":2796,"minecraft:fly_one_cm":125569,"minecraft:crouch_one_cm":582,"minecraft:play_time":58932,"minecraft:deaths":6,"minecraft:sneak_time":224,"minecraft:jump":918,"minecraft:walk_on_water_one_cm":4006,"minecraft:total_world_time":58932,"minecraft:fall_one_cm":30650},"minecraft:killed":{"minecraft:pig":2,"minecraft:rabbit":1,"minecraft:spider":2,"minecraft:creeper":1,"minecraft:sheep":11,"minecraft:skeleton":2,"minecraft:pillager":1,"minecraft:zombie":2,"minecraft:silverfish":1},"minecraft:dropped":{"minecraft:stone_axe":1,"minecraft:iron_axe":1,"minecraft:wooden_pickaxe":1,"minecraft:pink_petals":10},"minecraft:picked_up":{"minecraft:pink_petals":26,"minecraft:crafting_table":14,"minecraft:cherry_planks":145,"minecraft:wooden_pickaxe":4,"minecraft:gunpowder":4,"minecraft:string":2,"minecraft:dirt":110,"minecraft:iron_axe":2,"minecraft:white_banner":3,"minecraft:raw_copper":18,"minecraft:cooked_mutton":1,"minecraft:bone":8,"minecraft:wheat_seeds":2,"minecraft:rabbit_hide":2,"minecraft:iron_ingot":4,"minecraft:stone_pickaxe":4,"minecraft:rabbit":2,"minecraft:raw_copper_block":2,"minecraft:furnace":4,"minecraft:raw_iron":6,"minecraft:stick":6,"minecraft:torch":7,"minecraft:gravel":1,"minecraft:porkchop":8,"minecraft:cherry_log":81,"minecraft:pointed_dripstone":7,"minecraft:white_bed":1,"minecraft:spider_eye":3,"minecraft:rabbit_foot":2,"minecraft:rotten_flesh":2,"minecraft:stone_axe":4,"minecraft:gray_wool":3,"minecraft:mutton":23,"minecraft:coal":226,"minecraft:white_wool":14,"minecraft:cobblestone":254}},"DataVersion":3465}