{"stats":{"minecraft:broken":{"minecraft:stone_pickaxe":3},"minecraft:killed":{"minecraft:witch":1,"minecraft:spider":4,"minecraft:skeleton":12,"minecraft:chicken":5,"minecraft:silverfish":1,"minecraft:pig":2,"minecraft:rabbit":4,"minecraft:creeper":1,"minecraft:sheep":25,"minecraft:pillager":1,"minecraft:zombie":13,"minecraft:villager":1},"minecraft:killed_by":{"minecraft:player":1,"minecraft:creeper":2,"minecraft:spider":2,"minecraft:skeleton":12,"minecraft:zombie":1},"minecraft:custom":{"minecraft:mob_kills":71,"minecraft:interact_with_crafting_table":50,"minecraft:bell_ring":18,"minecraft:leave_game":11,"minecraft:time_since_death":5894,"minecraft:sprint_one_cm":405331,"minecraft:walk_one_cm":458176,"minecraft:damage_blocked_by_shield":671,"minecraft:drop":47,"minecraft:talked_to_villager":21,"minecraft:play_time":170578,"minecraft:deaths":25,"minecraft:sneak_time":2216,"minecraft:walk_under_water_one_cm":5004,"minecraft:jump":2484,"minecraft:walk_on_water_one_cm":20491,"minecraft:total_world_time":170578,"minecraft:interact_with_furnace":85,"minecraft:sleep_in_bed":4,"minecraft:time_since_rest":5918,"minecraft:damage_taken":9240,"minecraft:damage_dealt":9458,"minecraft:swim_one_cm":69950,"minecraft:fly_one_cm":280638,"minecraft:open_chest":14,"minecraft:crouch_one_cm":6450,"minecraft:fall_one_cm":121746},"minecraft:dropped":{"minecraft:wheat_seeds":30,"minecraft:cherry_log":25,"minecraft:dripstone_block":1,"minecraft:granite":5,"minecraft:dirt":13,"minecraft:cherry_planks":1,"minecraft:iron_axe":2,"minecraft:pink_petals":19,"minecraft:stone_axe":5,"minecraft:pointed_dripstone":2,"minecraft:beetroot":4,"minecraft:rotten_flesh":3,"minecraft:light_gray_wool":1,"minecraft:rabbit_foot":1,"minecraft:rabbit_hide":2,"minecraft:andesite":1,"minecraft:spider_eye":3,"minecraft:wooden_pickaxe":3,"minecraft:stone_pickaxe":1},"minecraft:mined":{"minecraft:tuff":1,"minecraft:white_bed":2,"minecraft:cherry_log":71,"minecraft:granite":5,"minecraft:grass_block":17,"minecraft:spawner":3,"minecraft:hay_block":18,"minecraft:redstone_ore":7,"minecraft:furnace":7,"minecraft:carrots":18,"minecraft:iron_ore":126,"minecraft:andesite":8,"minecraft:deepslate_lapis_ore":13,"minecraft:bell":2,"minecraft:potatoes":9,"minecraft:pointed_dripstone":4,"minecraft:deepslate_iron_ore":38,"minecraft:stone":362,"minecraft:deepslate_redstone_ore":16,"minecraft:crafting_table":14,"minecraft:torch":4,"minecraft:emerald_ore":1,"minecraft:chest":3,"minecraft:tall_grass":6,"minecraft:copper_ore":11,"minecraft:cobblestone":3,"minecraft:lapis_ore":9,"minecraft:deepslate_gold_ore":16,"minecraft:diorite":1,"minecraft:wall_torch":2,"minecraft:pink_petals":17,"minecraft:wheat":19,"minecraft:yellow_bed":3,"minecraft:grass":13,"minecraft:oak_log":37,"minecraft:coal_ore":136,"minecraft:beetroots":7,"minecraft:cherry_leaves":3,"minecraft:gravel":4,"minecraft:dripstone_block":3,"minecraft:dirt":28,"minecraft:gold_ore":21,"minecraft:deepslate_emerald_ore":1,"minecraft:deepslate":68,"minecraft:infested_stone":1},"minecraft:used":{"minecraft:beetroot":3,"minecraft:chest":1,"minecraft:shield":12,"minecraft:bell":1,"minecraft:cooked_chicken":5,"minecraft:rotten_flesh":2,"minecraft:torch":5,"minecraft:dirt":53,"minecraft:carrot":14,"minecraft:iron_axe":95,"minecraft:raw_copper_block":2,"minecraft:furnace":8,"minecraft:cherry_log":2,"minecraft:cooked_mutton":13,"minecraft:water_bucket":9,"minecraft:stone_pickaxe":591,"minecraft:wooden_pickaxe":43,"minecraft:crafting_table":14,"minecraft:white_bed":3,"minecraft:bread":3,"minecraft:iron_pickaxe":254,"minecraft:stone_axe":186,"minecraft:cobblestone":74,"minecraft:cooked_porkchop":4,"minecraft:cooked_rabbit":1,"minecraft:bucket":10,"minecraft:yellow_bed":2},"minecraft:picked_up":{"minecraft:crafting_table":30,"minecraft:wheat":20,"minecraft:chicken":5,"minecraft:wooden_pickaxe":12,"minecraft:string":7,"minecraft:raw_copper":38,"minecraft:iron_axe":5,"minecraft:beetroot":53,"minecraft:cobbled_deepslate":68,"minecraft:iron_pickaxe":4,"minecraft:light_gray_wool":1,"minecraft:chest":3,"minecraft:furnace":10,"minecraft:raw_copper_block":2,"minecraft:stick":82,"minecraft:raw_iron":267,"minecraft:torch":42,"minecraft:fire_charge":12,"minecraft:porkchop":8,"minecraft:cherry_log":229,"minecraft:pointed_dripstone":17,"minecraft:carrot":290,"minecraft:redstone":118,"minecraft:rabbit_foot":2,"minecraft:arrow":21,"minecraft:rotten_flesh":11,"minecraft:beetroot_seeds":96,"minecraft:golden_hoe":4,"minecraft:mutton":83,"minecraft:white_wool":37,"minecraft:cobblestone":792,"minecraft:pink_petals":61,"minecraft:feather":4,"minecraft:cherry_planks":321,"minecraft:andesite":12,"minecraft:golden_leggings":6,"minecraft:potato":224,"minecraft:flint":16,"minecraft:tuff":1,"minecraft:oak_log":229,"minecraft:yellow_bed":4,"minecraft:gunpowder":6,"minecraft:lapis_lazuli":219,"minecraft:dirt":169,"minecraft:white_banner":3,"minecraft:cooked_mutton":36,"minecraft:bone":31,"minecraft:bow":1,"minecraft:wheat_seeds":217,"minecraft:raw_gold":38,"minecraft:rabbit_hide":8,"minecraft:bell":2,"minecraft:stone_pickaxe":17,"minecraft:iron_ingot":15,"minecraft:rabbit":23,"minecraft:oak_planks":32,"securitycraft:mine":3,"minecraft:gravel":3,"minecraft:dripstone_block":8,"minecraft:white_bed":2,"minecraft:spider_eye":15,"minecraft:stone_axe":16,"minecraft:granite":10,"minecraft:cherry_sapling":18,"minecraft:gray_wool":9,"minecraft:bread":7,"minecraft:emerald":7,"minecraft:coal":463},"minecraft:crafted":{"minecraft:cherry_planks":280,"minecraft:oak_planks":20,"securitycraft:mine":3,"minecraft:cooked_chicken":5,"minecraft:furnace":3,"minecraft:raw_copper_block":2,"minecraft:cooked_mutton":22,"minecraft:iron_boots":2,"minecraft:iron_axe":2,"minecraft:stone_pickaxe":9,"minecraft:chest":1,"minecraft:cooked_rabbit":1,"minecraft:cooked_porkchop":4,"minecraft:crafting_table":3,"minecraft:wooden_pickaxe":8,"minecraft:iron_helmet":2,"minecraft:bucket":1,"minecraft:stone_axe":3,"minecraft:bread":3,"minecraft:air":0,"minecraft:white_wool":1,"minecraft:iron_chestplate":2,"minecraft:shield":2,"minecraft:stick":88,"minecraft:iron_ingot":65,"minecraft:iron_pickaxe":3,"minecraft:iron_leggings":1,"minecraft:white_bed":2,"minecraft:torch":16}},"DataVersion":3465}