{"stats":{"minecraft:broken":{"minecraft:stone_pickaxe":3},"minecraft:killed":{"minecraft:witch":1,"minecraft:spider":4,"minecraft:skeleton":7,"minecraft:chicken":5,"minecraft:silverfish":1,"minecraft:pig":2,"minecraft:rabbit":4,"minecraft:creeper":1,"minecraft:sheep":25,"minecraft:pillager":1,"minecraft:zombie":12,"minecraft:villager":1},"minecraft:killed_by":{"minecraft:player":1,"minecraft:creeper":2,"minecraft:spider":2,"minecraft:skeleton":9,"minecraft:zombie":1},"minecraft:custom":{"minecraft:mob_kills":64,"minecraft:interact_with_crafting_table":39,"minecraft:bell_ring":18,"minecraft:leave_game":11,"minecraft:time_since_death":2377,"minecraft:sprint_one_cm":383943,"minecraft:walk_one_cm":416115,"minecraft:damage_blocked_by_shield":176,"minecraft:drop":36,"minecraft:talked_to_villager":21,"minecraft:play_time":158578,"minecraft:deaths":22,"minecraft:sneak_time":2214,"minecraft:walk_under_water_one_cm":5004,"minecraft:jump":2350,"minecraft:walk_on_water_one_cm":20409,"minecraft:total_world_time":158578,"minecraft:interact_with_furnace":70,"minecraft:sleep_in_bed":3,"minecraft:time_since_rest":2401,"minecraft:damage_taken":8230,"minecraft:damage_dealt":8253,"minecraft:swim_one_cm":69950,"minecraft:fly_one_cm":270863,"minecraft:open_chest":14,"minecraft:crouch_one_cm":6450,"minecraft:fall_one_cm":117808},"minecraft:dropped":{"minecraft:wheat_seeds":1,"minecraft:cherry_log":25,"minecraft:dripstone_block":1,"minecraft:granite":5,"minecraft:dirt":10,"minecraft:cherry_planks":1,"minecraft:iron_axe":2,"minecraft:pink_petals":19,"minecraft:stone_axe":3,"minecraft:pointed_dripstone":2,"minecraft:rotten_flesh":3,"minecraft:light_gray_wool":1,"minecraft:rabbit_foot":1,"minecraft:rabbit_hide":1,"minecraft:spider_eye":1,"minecraft:wooden_pickaxe":3,"minecraft:stone_pickaxe":1},"minecraft:used":{"minecraft:chest":1,"minecraft:shield":4,"minecraft:bell":1,"minecraft:cooked_chicken":5,"minecraft:rotten_flesh":2,"minecraft:torch":5,"minecraft:dirt":53,"minecraft:carrot":10,"minecraft:iron_axe":90,"minecraft:raw_copper_block":2,"minecraft:furnace":7,"minecraft:cherry_log":2,"minecraft:cooked_mutton":13,"minecraft:water_bucket":9,"minecraft:stone_pickaxe":539,"minecraft:wooden_pickaxe":43,"minecraft:crafting_table":13,"minecraft:white_bed":2,"minecraft:bread":1,"minecraft:iron_pickaxe":220,"minecraft:stone_axe":176,"minecraft:cobblestone":74,"minecraft:cooked_porkchop":4,"minecraft:cooked_rabbit":1,"minecraft:bucket":10,"minecraft:yellow_bed":2},"minecraft:mined":{"minecraft:tuff":1,"minecraft:white_bed":2,"minecraft:cherry_log":71,"minecraft:granite":5,"minecraft:grass_block":17,"minecraft:spawner":3,"minecraft:hay_block":18,"minecraft:redstone_ore":7,"minecraft:furnace":7,"minecraft:carrots":18,"minecraft:iron_ore":80,"minecraft:andesite":7,"minecraft:deepslate_lapis_ore":13,"minecraft:bell":2,"minecraft:potatoes":9,"minecraft:pointed_dripstone":4,"minecraft:deepslate_iron_ore":38,"minecraft:stone":361,"minecraft:deepslate_redstone_ore":16,"minecraft:crafting_table":14,"minecraft:torch":4,"minecraft:emerald_ore":1,"minecraft:chest":3,"minecraft:tall_grass":6,"minecraft:copper_ore":11,"minecraft:cobblestone":3,"minecraft:lapis_ore":3,"minecraft:deepslate_gold_ore":16,"minecraft:diorite":1,"minecraft:wall_torch":2,"minecraft:pink_petals":17,"minecraft:wheat":19,"minecraft:yellow_bed":3,"minecraft:grass":13,"minecraft:oak_log":37,"minecraft:coal_ore":115,"minecraft:beetroots":7,"minecraft:cherry_leaves":3,"minecraft:gravel":4,"minecraft:dripstone_block":3,"minecraft:dirt":28,"minecraft:gold_ore":10,"minecraft:deepslate_emerald_ore":1,"minecraft:deepslate":68,"minecraft:infested_stone":1},"minecraft:picked_up":{"minecraft:crafting_table":30,"minecraft:wheat":18,"minecraft:chicken":5,"minecraft:wooden_pickaxe":12,"minecraft:string":7,"minecraft:raw_copper":38,"minecraft:iron_axe":5,"minecraft:beetroot":28,"minecraft:cobbled_deepslate":68,"minecraft:iron_pickaxe":2,"minecraft:light_gray_wool":1,"minecraft:chest":3,"minecraft:furnace":10,"minecraft:raw_copper_block":2,"minecraft:stick":54,"minecraft:raw_iron":181,"minecraft:torch":10,"minecraft:fire_charge":6,"minecraft:porkchop":8,"minecraft:cherry_log":189,"minecraft:pointed_dripstone":11,"minecraft:carrot":196,"minecraft:redstone":114,"minecraft:rabbit_foot":2,"minecraft:arrow":6,"minecraft:rotten_flesh":11,"minecraft:beetroot_seeds":48,"minecraft:golden_hoe":1,"minecraft:mutton":63,"minecraft:white_wool":34,"minecraft:cobblestone":786,"minecraft:pink_petals":57,"minecraft:feather":4,"minecraft:cherry_planks":321,"minecraft:andesite":7,"minecraft:golden_leggings":4,"minecraft:potato":128,"minecraft:flint":10,"minecraft:tuff":1,"minecraft:oak_log":165,"minecraft:yellow_bed":4,"minecraft:gunpowder":6,"minecraft:lapis_lazuli":108,"minecraft:dirt":163,"minecraft:white_banner":3,"minecraft:cooked_mutton":36,"minecraft:bone":20,"minecraft:wheat_seeds":130,"minecraft:raw_gold":27,"minecraft:rabbit_hide":5,"minecraft:bell":2,"minecraft:stone_pickaxe":13,"minecraft:iron_ingot":13,"minecraft:rabbit":14,"minecraft:oak_planks":32,"securitycraft:mine":3,"minecraft:gravel":3,"minecraft:dripstone_block":4,"minecraft:white_bed":2,"minecraft:spider_eye":11,"minecraft:stone_axe":12,"minecraft:granite":10,"minecraft:cherry_sapling":12,"minecraft:gray_wool":7,"minecraft:bread":6,"minecraft:emerald":7,"minecraft:coal":438},"minecraft:crafted":{"minecraft:cherry_planks":200,"minecraft:oak_planks":20,"securitycraft:mine":3,"minecraft:cooked_chicken":5,"minecraft:furnace":2,"minecraft:raw_copper_block":2,"minecraft:cooked_mutton":22,"minecraft:iron_boots":1,"minecraft:iron_axe":1,"minecraft:stone_pickaxe":9,"minecraft:chest":1,"minecraft:cooked_rabbit":1,"minecraft:cooked_porkchop":4,"minecraft:crafting_table":3,"minecraft:wooden_pickaxe":8,"minecraft:iron_helmet":1,"minecraft:bucket":1,"minecraft:stone_axe":3,"minecraft:bread":3,"minecraft:air":0,"minecraft:white_wool":1,"minecraft:iron_chestplate":1,"minecraft:shield":1,"minecraft:stick":72,"minecraft:iron_ingot":41,"minecraft:iron_pickaxe":2,"minecraft:iron_leggings":1,"minecraft:white_bed":2,"minecraft:torch":16}},"DataVersion":3465}