{"stats":{"minecraft:used":{"minecraft:chest":1,"minecraft:shield":1,"minecraft:bell":1,"minecraft:rotten_flesh":2,"minecraft:cooked_chicken":5,"minecraft:torch":4,"minecraft:dirt":37,"minecraft:iron_axe":64,"minecraft:raw_copper_block":2,"minecraft:furnace":7,"minecraft:cooked_mutton":9,"minecraft:water_bucket":4,"minecraft:stone_pickaxe":278,"minecraft:wooden_pickaxe":14,"minecraft:crafting_table":11,"minecraft:white_bed":1,"minecraft:iron_pickaxe":193,"minecraft:stone_axe":69,"minecraft:cobblestone":54,"minecraft:cooked_porkchop":4,"minecraft:cooked_rabbit":1,"minecraft:bucket":5,"minecraft:yellow_bed":2},"minecraft:crafted":{"minecraft:cherry_planks":96,"securitycraft:mine":3,"minecraft:cooked_chicken":5,"minecraft:furnace":2,"minecraft:raw_copper_block":2,"minecraft:cooked_mutton":22,"minecraft:iron_boots":1,"minecraft:iron_axe":1,"minecraft:stone_pickaxe":3,"minecraft:chest":1,"minecraft:cooked_rabbit":1,"minecraft:cooked_porkchop":4,"minecraft:crafting_table":2,"minecraft:wooden_pickaxe":1,"minecraft:iron_helmet":1,"minecraft:bucket":1,"minecraft:stone_axe":2,"minecraft:air":0,"minecraft:white_wool":1,"minecraft:iron_chestplate":1,"minecraft:shield":1,"minecraft:stick":40,"minecraft:iron_ingot":41,"minecraft:iron_pickaxe":2,"minecraft:iron_leggings":1,"minecraft:white_bed":1},"minecraft:broken":{"minecraft:stone_pickaxe":2},"minecraft:mined":{"minecraft:white_bed":1,"minecraft:cherry_log":48,"minecraft:granite":5,"minecraft:grass_block":4,"minecraft:hay_block":18,"minecraft:redstone_ore":7,"minecraft:furnace":7,"minecraft:iron_ore":75,"minecraft:deepslate_lapis_ore":9,"minecraft:bell":2,"minecraft:pointed_dripstone":4,"minecraft:deepslate_iron_ore":34,"minecraft:stone":182,"minecraft:deepslate_redstone_ore":10,"minecraft:crafting_table":12,"minecraft:torch":3,"minecraft:emerald_ore":1,"minecraft:copper_ore":6,"minecraft:tall_grass":4,"minecraft:cobblestone":2,"minecraft:lapis_ore":2,"minecraft:deepslate_gold_ore":14,"minecraft:diorite":1,"minecraft:wall_torch":2,"minecraft:pink_petals":15,"minecraft:wheat":6,"minecraft:yellow_bed":2,"minecraft:grass":10,"minecraft:coal_ore":93,"minecraft:dirt":16,"minecraft:cherry_leaves":2,"minecraft:gravel":1,"minecraft:dripstone_block":1,"minecraft:gold_ore":10,"minecraft:deepslate_emerald_ore":1,"minecraft:deepslate":11,"minecraft:infested_stone":1},"minecraft:killed_by":{"minecraft:player":1,"minecraft:creeper":1,"minecraft:spider":2,"minecraft:skeleton":3},"minecraft:custom":{"minecraft:mob_kills":43,"minecraft:interact_with_crafting_table":34,"minecraft:bell_ring":18,"minecraft:leave_game":3,"minecraft:time_since_death":21569,"minecraft:sprint_one_cm":266462,"minecraft:walk_one_cm":266317,"minecraft:damage_blocked_by_shield":30,"minecraft:drop":29,"minecraft:talked_to_villager":21,"minecraft:play_time":106932,"minecraft:deaths":9,"minecraft:sneak_time":1863,"minecraft:walk_under_water_one_cm":3028,"minecraft:jump":1545,"minecraft:walk_on_water_one_cm":12539,"minecraft:total_world_time":106932,"minecraft:interact_with_furnace":70,"minecraft:sleep_in_bed":2,"minecraft:time_since_rest":21613,"minecraft:damage_taken":4037,"minecraft:damage_dealt":4915,"minecraft:swim_one_cm":24609,"minecraft:fly_one_cm":193282,"minecraft:open_chest":1,"minecraft:crouch_one_cm":5691,"minecraft:fall_one_cm":71481},"minecraft:killed":{"minecraft:spider":2,"minecraft:skeleton":5,"minecraft:chicken":5,"minecraft:silverfish":1,"minecraft:pig":2,"minecraft:rabbit":1,"minecraft:creeper":1,"minecraft:sheep":18,"minecraft:pillager":1,"minecraft:zombie":6,"minecraft:villager":1},"minecraft:dropped":{"minecraft:wheat_seeds":1,"minecraft:iron_axe":2,"minecraft:pink_petals":19,"minecraft:stone_axe":3,"minecraft:pointed_dripstone":1,"minecraft:rotten_flesh":3,"minecraft:light_gray_wool":1,"minecraft:rabbit_foot":1,"minecraft:rabbit_hide":1,"minecraft:spider_eye":1,"minecraft:stone_pickaxe":1,"minecraft:wooden_pickaxe":2},"minecraft:picked_up":{"minecraft:crafting_table":24,"minecraft:wheat":6,"minecraft:chicken":5,"minecraft:wooden_pickaxe":6,"minecraft:string":4,"minecraft:raw_copper":18,"minecraft:iron_axe":5,"minecraft:cobbled_deepslate":12,"minecraft:iron_pickaxe":2,"minecraft:light_gray_wool":1,"minecraft:raw_copper_block":2,"minecraft:furnace":10,"minecraft:stick":38,"minecraft:raw_iron":157,"minecraft:torch":9,"minecraft:porkchop":8,"minecraft:cherry_log":81,"minecraft:pointed_dripstone":10,"minecraft:redstone":78,"minecraft:rabbit_foot":2,"minecraft:arrow":4,"minecraft:rotten_flesh":9,"minecraft:mutton":33,"minecraft:white_wool":19,"minecraft:cobblestone":565,"minecraft:pink_petals":35,"minecraft:feather":4,"minecraft:cherry_planks":249,"minecraft:yellow_bed":3,"minecraft:gunpowder":6,"minecraft:lapis_lazuli":76,"minecraft:dirt":131,"minecraft:white_banner":3,"minecraft:cooked_mutton":36,"minecraft:bone":16,"minecraft:wheat_seeds":14,"minecraft:raw_gold":24,"minecraft:rabbit_hide":2,"minecraft:bell":2,"minecraft:stone_pickaxe":5,"minecraft:iron_ingot":13,"minecraft:rabbit":2,"securitycraft:mine":3,"minecraft:dripstone_block":1,"minecraft:gravel":1,"minecraft:white_bed":1,"minecraft:spider_eye":3,"minecraft:stone_axe":8,"minecraft:granite":5,"minecraft:gray_wool":4,"minecraft:emerald":7,"minecraft:coal":396}},"DataVersion":3465}