{"stats":{"minecraft:used":{"minecraft:stone_pickaxe":21,"minecraft:wooden_pickaxe":14,"minecraft:rotten_flesh":2,"minecraft:stone_axe":13,"minecraft:torch":1,"minecraft:crafting_table":3,"minecraft:white_bed":1},"minecraft:crafted":{"minecraft:cherry_planks":68,"minecraft:crafting_table":2,"minecraft:stick":16,"minecraft:wooden_pickaxe":1,"minecraft:stone_pickaxe":1,"minecraft:white_bed":1,"minecraft:stone_axe":1},"minecraft:mined":{"minecraft:pink_petals":11,"minecraft:white_bed":1,"minecraft:cherry_log":23,"minecraft:torch":1,"minecraft:crafting_table":3,"minecraft:grass":6,"minecraft:grass_block":4,"minecraft:coal_ore":20,"minecraft:dirt":7,"minecraft:stone":12,"minecraft:wall_torch":1},"minecraft:killed_by":{"minecraft:skeleton":1,"minecraft:creeper":1,"minecraft:spider":1},"minecraft:custom":{"minecraft:time_since_rest":4210,"minecraft:sprint_one_cm":67619,"minecraft:damage_taken":1015,"minecraft:walk_one_cm":40513,"minecraft:mob_kills":8,"minecraft:drop":11,"minecraft:damage_dealt":720,"minecraft:interact_with_crafting_table":5,"minecraft:fly_one_cm":46850,"minecraft:play_time":28932,"minecraft:deaths":3,"minecraft:jump":326,"minecraft:walk_on_water_one_cm":2936,"minecraft:leave_game":3,"minecraft:time_since_death":4182,"minecraft:sleep_in_bed":1,"minecraft:total_world_time":28932,"minecraft:fall_one_cm":8560},"minecraft:killed":{"minecraft:sheep":7,"minecraft:pillager":1},"minecraft:dropped":{"minecraft:stone_axe":1,"minecraft:pink_petals":10},"minecraft:picked_up":{"minecraft:pink_petals":10,"minecraft:stick":4,"minecraft:crafting_table":7,"minecraft:cherry_planks":50,"minecraft:torch":2,"minecraft:wooden_pickaxe":1,"minecraft:cherry_log":24,"minecraft:white_bed":1,"minecraft:dirt":49,"minecraft:white_banner":1,"minecraft:rotten_flesh":2,"minecraft:stone_axe":3,"minecraft:stone_pickaxe":2,"minecraft:gray_wool":1,"minecraft:mutton":11,"minecraft:coal":20,"minecraft:white_wool":6,"minecraft:cobblestone":24}},"DataVersion":3465}