{"stats":{"minecraft:broken":{"minecraft:stone_pickaxe":3,"minecraft:iron_axe":1},"minecraft:picked_up":{"minecraft:crafting_table":31,"minecraft:iron_chestplate":5,"minecraft:wheat":24,"minecraft:clay_ball":64,"minecraft:chicken":5,"minecraft:ladder":16,"minecraft:wooden_pickaxe":12,"minecraft:cooked_rabbit":3,"minecraft:stripped_cherry_log":1,"minecraft:shield":4,"minecraft:cornflower":1,"minecraft:string":12,"minecraft:raw_copper":38,"minecraft:iron_axe":11,"minecraft:iron_shovel":1,"minecraft:beetroot":57,"minecraft:cobbled_deepslate":68,"minecraft:iron_pickaxe":8,"minecraft:light_gray_wool":1,"minecraft:chest":4,"minecraft:furnace":11,"minecraft:raw_copper_block":2,"minecraft:iron_boots":4,"minecraft:stick":152,"minecraft:raw_iron":315,"minecraft:cherry_stairs":19,"minecraft:oak_fence":2,"minecraft:torch":111,"minecraft:fire_charge":14,"minecraft:porkchop":8,"minecraft:cherry_log":338,"minecraft:pointed_dripstone":29,"minecraft:carrot":351,"minecraft:redstone":126,"minecraft:golden_chestplate":1,"minecraft:rabbit_foot":2,"minecraft:arrow":47,"minecraft:rotten_flesh":24,"minecraft:beetroot_seeds":160,"minecraft:golden_hoe":8,"minecraft:shears":5,"minecraft:mutton":96,"minecraft:white_wool":57,"minecraft:cobblestone":836,"minecraft:pink_petals":142,"minecraft:feather":4,"minecraft:cherry_planks":541,"minecraft:cherry_leaves":199,"minecraft:water_bucket":3,"minecraft:andesite":13,"minecraft:golden_leggings":10,"minecraft:potato":352,"minecraft:flint":19,"minecraft:tuff":1,"minecraft:oak_log":293,"minecraft:yellow_bed":4,"minecraft:gunpowder":26,"minecraft:lapis_lazuli":352,"minecraft:dirt":346,"minecraft:white_banner":3,"minecraft:cooked_mutton":44,"securitycraft:reinforced_stone_button":10,"minecraft:bone":42,"minecraft:bow":3,"minecraft:wheat_seeds":381,"minecraft:raw_gold":49,"minecraft:rabbit_hide":9,"minecraft:bell":2,"minecraft:stone_pickaxe":21,"minecraft:iron_ingot":99,"minecraft:stripped_oak_wood":1,"minecraft:rabbit":29,"minecraft:oak_planks":165,"securitycraft:mine":21,"minecraft:dripstone_block":20,"minecraft:gravel":3,"minecraft:white_bed":5,"minecraft:spider_eye":19,"minecraft:stone_axe":17,"minecraft:iron_helmet":4,"minecraft:granite":10,"minecraft:cherry_sapling":59,"minecraft:gray_wool":10,"minecraft:emerald":7,"minecraft:bread":8,"minecraft:cherry_slab":36,"minecraft:coal":465,"minecraft:sunflower":2},"minecraft:dropped":{"minecraft:wheat_seeds":59,"minecraft:lapis_lazuli":32,"minecraft:cherry_log":29,"minecraft:dripstone_block":1,"minecraft:oak_fence":1,"minecraft:granite":5,"minecraft:dirt":14,"minecraft:gray_wool":1,"minecraft:cherry_planks":11,"minecraft:iron_axe":4,"minecraft:stripped_oak_wood":1,"minecraft:iron_shovel":1,"minecraft:string":1,"minecraft:pink_petals":27,"minecraft:stone_axe":5,"minecraft:wheat":1,"minecraft:cherry_sapling":1,"minecraft:pointed_dripstone":14,"minecraft:beetroot":8,"minecraft:rotten_flesh":10,"minecraft:light_gray_wool":1,"minecraft:shears":1,"minecraft:rabbit_foot":1,"minecraft:rabbit_hide":3,"minecraft:andesite":2,"minecraft:spider_eye":7,"minecraft:wooden_pickaxe":3,"minecraft:stone_pickaxe":2},"minecraft:used":{"minecraft:beetroot":3,"minecraft:cherry_sapling":27,"minecraft:iron_shovel":44,"minecraft:ladder":18,"minecraft:chest":4,"minecraft:shield":27,"minecraft:bell":1,"minecraft:cooked_chicken":5,"minecraft:rotten_flesh":2,"minecraft:iron_chestplate":1,"minecraft:torch":17,"minecraft:dirt":138,"securitycraft:keypad_item":1,"minecraft:carrot":47,"minecraft:iron_axe":411,"minecraft:cherry_slab":53,"minecraft:cherry_leaves":134,"minecraft:raw_copper_block":2,"minecraft:bow":2,"minecraft:furnace":10,"minecraft:cherry_log":16,"minecraft:cooked_mutton":24,"minecraft:water_bucket":78,"minecraft:stone_pickaxe":591,"minecraft:baked_potato":4,"minecraft:oak_planks":1,"minecraft:wooden_pickaxe":43,"minecraft:cherry_planks":158,"minecraft:golden_hoe":1,"minecraft:crafting_table":15,"minecraft:white_bed":5,"minecraft:dripstone_block":2,"minecraft:shears":142,"minecraft:bread":4,"minecraft:iron_pickaxe":291,"minecraft:pink_petals":30,"minecraft:stone_axe":186,"minecraft:cherry_stairs":103,"minecraft:cobblestone":78,"minecraft:cooked_porkchop":4,"minecraft:cooked_rabbit":4,"minecraft:bucket":80,"minecraft:yellow_bed":2,"minecraft:bone_meal":27},"minecraft:crafted":{"minecraft:cherry_planks":424,"minecraft:oak_planks":276,"securitycraft:mine":9,"minecraft:cherry_slab":42,"minecraft:cooked_chicken":5,"minecraft:furnace":4,"minecraft:bone_meal":27,"securitycraft:keypad_item":1,"minecraft:heavy_weighted_pressure_plate":1,"minecraft:raw_copper_block":2,"minecraft:cooked_mutton":35,"minecraft:iron_boots":2,"minecraft:iron_axe":3,"minecraft:ladder":9,"minecraft:cherry_stairs":88,"minecraft:stone_pickaxe":9,"minecraft:chest":3,"minecraft:cooked_rabbit":4,"minecraft:cooked_porkchop":4,"minecraft:crafting_table":3,"minecraft:baked_potato":25,"minecraft:wooden_pickaxe":8,"minecraft:iron_helmet":2,"minecraft:bucket":2,"minecraft:stone_axe":3,"minecraft:bread":3,"minecraft:air":0,"minecraft:white_wool":1,"minecraft:iron_chestplate":2,"minecraft:shield":2,"minecraft:stick":96,"minecraft:iron_ingot":125,"minecraft:iron_pickaxe":3,"minecraft:iron_shovel":1,"minecraft:iron_leggings":1,"minecraft:white_bed":2,"minecraft:torch":16,"minecraft:shears":2},"minecraft:custom":{"minecraft:mob_kills":95,"minecraft:interact_with_crafting_table":83,"minecraft:bell_ring":18,"minecraft:leave_game":13,"minecraft:time_since_death":27474,"minecraft:climb_one_cm":23736,"minecraft:sprint_one_cm":626221,"minecraft:walk_one_cm":872944,"minecraft:damage_blocked_by_shield":1826,"minecraft:drop":84,"minecraft:talked_to_villager":21,"minecraft:play_time":299988,"minecraft:deaths":33,"minecraft:sneak_time":17942,"minecraft:walk_under_water_one_cm":18982,"minecraft:jump":3677,"minecraft:walk_on_water_one_cm":40835,"minecraft:total_world_time":299988,"minecraft:interact_with_furnace":105,"minecraft:sleep_in_bed":8,"minecraft:time_since_rest":7169,"minecraft:damage_taken":13448,"minecraft:damage_dealt":13384,"minecraft:player_kills":2,"minecraft:swim_one_cm":101431,"minecraft:fly_one_cm":382014,"minecraft:open_chest":28,"minecraft:crouch_one_cm":52183,"minecraft:fall_one_cm":177054},"minecraft:killed":{"minecraft:witch":1,"minecraft:spider":9,"minecraft:skeleton":16,"minecraft:chicken":5,"minecraft:silverfish":1,"minecraft:pig":2,"minecraft:rabbit":4,"minecraft:creeper":1,"minecraft:sheep":27,"minecraft:pillager":1,"minecraft:zombie":26,"minecraft:villager":1},"minecraft:killed_by":{"minecraft:player":1,"minecraft:creeper":3,"minecraft:spider":2,"minecraft:skeleton":14,"minecraft:zombie":3},"minecraft:mined":{"minecraft:tuff":1,"minecraft:white_bed":4,"minecraft:cherry_log":128,"minecraft:cherry_sapling":12,"minecraft:stripped_cherry_log":1,"minecraft:ladder":3,"minecraft:granite":5,"minecraft:grass_block":65,"minecraft:spawner":3,"minecraft:hay_block":18,"minecraft:redstone_ore":7,"minecraft:furnace":8,"minecraft:carrots":18,"minecraft:iron_ore":147,"minecraft:andesite":8,"minecraft:deepslate_lapis_ore":13,"minecraft:bell":2,"minecraft:pointed_dripstone":4,"minecraft:potatoes":9,"minecraft:deepslate_iron_ore":49,"minecraft:stone":365,"minecraft:cherry_stairs":16,"minecraft:deepslate_redstone_ore":16,"minecraft:cherry_planks":97,"minecraft:cornflower":1,"minecraft:clay":16,"minecraft:crafting_table":15,"minecraft:torch":5,"minecraft:emerald_ore":1,"minecraft:chest":4,"minecraft:tall_grass":6,"minecraft:copper_ore":12,"minecraft:cobblestone":3,"minecraft:lapis_ore":9,"minecraft:deepslate_gold_ore":16,"minecraft:oak_planks":1,"minecraft:diorite":1,"minecraft:wall_torch":6,"minecraft:cherry_slab":11,"minecraft:pink_petals":28,"minecraft:wheat":19,"minecraft:yellow_bed":3,"minecraft:grass":22,"minecraft:oak_log":69,"minecraft:coal_ore":136,"minecraft:beetroots":7,"minecraft:cherry_leaves":182,"minecraft:gravel":4,"minecraft:dripstone_block":3,"minecraft:dirt":50,"minecraft:gold_ore":21,"minecraft:deepslate_emerald_ore":1,"minecraft:deepslate":68,"minecraft:infested_stone":1}},"DataVersion":3465}