{"stats":{"minecraft:mined":{"minecraft:pink_petals":5,"minecraft:grass":1},"minecraft:custom":{"minecraft:jump":60,"minecraft:time_since_rest":10758,"minecraft:leave_game":2,"minecraft:play_time":10758,"minecraft:sprint_one_cm":14649,"minecraft:time_since_death":10758,"minecraft:walk_one_cm":10955,"minecraft:total_world_time":10758,"minecraft:drop":4,"minecraft:fall_one_cm":209,"minecraft:fly_one_cm":5551},"minecraft:dropped":{"minecraft:pink_petals":4},"minecraft:picked_up":{"minecraft:pink_petals":8}},"DataVersion":3465}