{"stats":{"minecraft:used":{"minecraft:crafting_table":2,"minecraft:white_bed":1},"minecraft:crafted":{"minecraft:cherry_planks":32,"minecraft:white_bed":1,"minecraft:crafting_table":1,"minecraft:stick":8},"minecraft:mined":{"minecraft:pink_petals":11,"minecraft:grass":4,"minecraft:white_bed":1,"minecraft:cherry_log":8,"minecraft:crafting_table":1},"minecraft:killed_by":{"minecraft:spider":1},"minecraft:custom":{"minecraft:time_since_rest":2514,"minecraft:sprint_one_cm":25923,"minecraft:play_time":17768,"minecraft:deaths":1,"minecraft:damage_taken":245,"minecraft:walk_one_cm":22197,"minecraft:mob_kills":5,"minecraft:drop":10,"minecraft:jump":141,"minecraft:damage_dealt":420,"minecraft:leave_game":3,"minecraft:time_since_death":2415,"minecraft:sleep_in_bed":1,"minecraft:total_world_time":17768,"minecraft:interact_with_crafting_table":3,"minecraft:fall_one_cm":1658,"minecraft:fly_one_cm":15118},"minecraft:killed":{"minecraft:sheep":5},"minecraft:dropped":{"minecraft:pink_petals":10},"minecraft:picked_up":{"minecraft:pink_petals":10,"minecraft:crafting_table":1,"minecraft:cherry_log":8,"minecraft:white_bed":1,"minecraft:mutton":8,"minecraft:white_wool":5}},"DataVersion":3465}