{"stats":{"minecraft:broken":{"minecraft:stone_pickaxe":3},"minecraft:killed":{"minecraft:spider":4,"minecraft:skeleton":6,"minecraft:chicken":5,"minecraft:silverfish":1,"minecraft:pig":2,"minecraft:rabbit":1,"minecraft:creeper":1,"minecraft:sheep":18,"minecraft:pillager":1,"minecraft:zombie":11,"minecraft:villager":1},"minecraft:killed_by":{"minecraft:player":1,"minecraft:creeper":2,"minecraft:spider":2,"minecraft:skeleton":5,"minecraft:zombie":1},"minecraft:custom":{"minecraft:mob_kills":51,"minecraft:interact_with_crafting_table":38,"minecraft:bell_ring":18,"minecraft:leave_game":11,"minecraft:time_since_death":7775,"minecraft:sprint_one_cm":350044,"minecraft:walk_one_cm":352250,"minecraft:damage_blocked_by_shield":176,"minecraft:drop":36,"minecraft:talked_to_villager":21,"minecraft:play_time":146578,"minecraft:deaths":18,"minecraft:sneak_time":2076,"minecraft:walk_under_water_one_cm":5004,"minecraft:jump":2143,"minecraft:walk_on_water_one_cm":20409,"minecraft:total_world_time":146578,"minecraft:interact_with_furnace":70,"minecraft:sleep_in_bed":3,"minecraft:time_since_rest":5891,"minecraft:damage_taken":7043,"minecraft:damage_dealt":6663,"minecraft:swim_one_cm":69950,"minecraft:fly_one_cm":251390,"minecraft:open_chest":13,"minecraft:crouch_one_cm":6257,"minecraft:fall_one_cm":109089},"minecraft:dropped":{"minecraft:wheat_seeds":1,"minecraft:cherry_log":25,"minecraft:dripstone_block":1,"minecraft:granite":5,"minecraft:dirt":10,"minecraft:cherry_planks":1,"minecraft:iron_axe":2,"minecraft:pink_petals":19,"minecraft:stone_axe":3,"minecraft:pointed_dripstone":2,"minecraft:rotten_flesh":3,"minecraft:light_gray_wool":1,"minecraft:rabbit_foot":1,"minecraft:rabbit_hide":1,"minecraft:spider_eye":1,"minecraft:wooden_pickaxe":3,"minecraft:stone_pickaxe":1},"minecraft:used":{"minecraft:chest":1,"minecraft:shield":4,"minecraft:bell":1,"minecraft:cooked_chicken":5,"minecraft:rotten_flesh":2,"minecraft:torch":4,"minecraft:dirt":49,"minecraft:iron_axe":90,"minecraft:raw_copper_block":2,"minecraft:furnace":7,"minecraft:cherry_log":2,"minecraft:cooked_mutton":13,"minecraft:water_bucket":9,"minecraft:stone_pickaxe":514,"minecraft:wooden_pickaxe":43,"minecraft:crafting_table":12,"minecraft:white_bed":1,"minecraft:bread":1,"minecraft:iron_pickaxe":220,"minecraft:stone_axe":97,"minecraft:cobblestone":74,"minecraft:cooked_porkchop":4,"minecraft:cooked_rabbit":1,"minecraft:bucket":10,"minecraft:yellow_bed":2},"minecraft:mined":{"minecraft:tuff":1,"minecraft:white_bed":1,"minecraft:cherry_log":71,"minecraft:granite":5,"minecraft:grass_block":17,"minecraft:spawner":3,"minecraft:hay_block":18,"minecraft:redstone_ore":7,"minecraft:furnace":7,"minecraft:iron_ore":75,"minecraft:andesite":7,"minecraft:deepslate_lapis_ore":13,"minecraft:bell":2,"minecraft:pointed_dripstone":4,"minecraft:deepslate_iron_ore":38,"minecraft:stone":359,"minecraft:deepslate_redstone_ore":16,"minecraft:crafting_table":13,"minecraft:torch":3,"minecraft:emerald_ore":1,"minecraft:chest":3,"minecraft:tall_grass":6,"minecraft:copper_ore":11,"minecraft:cobblestone":3,"minecraft:lapis_ore":3,"minecraft:deepslate_gold_ore":16,"minecraft:diorite":1,"minecraft:wall_torch":2,"minecraft:pink_petals":16,"minecraft:wheat":6,"minecraft:yellow_bed":3,"minecraft:grass":10,"minecraft:oak_log":5,"minecraft:coal_ore":104,"minecraft:cherry_leaves":3,"minecraft:gravel":4,"minecraft:dripstone_block":3,"minecraft:dirt":28,"minecraft:gold_ore":10,"minecraft:deepslate_emerald_ore":1,"minecraft:deepslate":68,"minecraft:infested_stone":1},"minecraft:picked_up":{"minecraft:crafting_table":25,"minecraft:wheat":6,"minecraft:chicken":5,"minecraft:wooden_pickaxe":12,"minecraft:string":7,"minecraft:raw_copper":38,"minecraft:iron_axe":5,"minecraft:cobbled_deepslate":68,"minecraft:iron_pickaxe":2,"minecraft:light_gray_wool":1,"minecraft:chest":3,"minecraft:furnace":10,"minecraft:raw_copper_block":2,"minecraft:stick":38,"minecraft:raw_iron":161,"minecraft:torch":9,"minecraft:porkchop":8,"minecraft:cherry_log":129,"minecraft:pointed_dripstone":11,"minecraft:redstone":106,"minecraft:rabbit_foot":2,"minecraft:arrow":5,"minecraft:rotten_flesh":11,"minecraft:mutton":33,"minecraft:white_wool":19,"minecraft:cobblestone":756,"minecraft:pink_petals":45,"minecraft:feather":4,"minecraft:cherry_planks":321,"minecraft:andesite":7,"minecraft:flint":1,"minecraft:tuff":1,"minecraft:oak_log":5,"minecraft:yellow_bed":4,"minecraft:gunpowder":6,"minecraft:lapis_lazuli":108,"minecraft:dirt":157,"minecraft:white_banner":3,"minecraft:cooked_mutton":36,"minecraft:bone":18,"minecraft:wheat_seeds":14,"minecraft:raw_gold":27,"minecraft:rabbit_hide":2,"minecraft:bell":2,"minecraft:stone_pickaxe":9,"minecraft:iron_ingot":13,"minecraft:rabbit":2,"securitycraft:mine":3,"minecraft:gravel":3,"minecraft:dripstone_block":4,"minecraft:white_bed":1,"minecraft:spider_eye":3,"minecraft:stone_axe":9,"minecraft:granite":10,"minecraft:gray_wool":4,"minecraft:emerald":7,"minecraft:coal":406},"minecraft:crafted":{"minecraft:cherry_planks":200,"minecraft:oak_planks":20,"securitycraft:mine":3,"minecraft:cooked_chicken":5,"minecraft:furnace":2,"minecraft:raw_copper_block":2,"minecraft:cooked_mutton":22,"minecraft:iron_boots":1,"minecraft:iron_axe":1,"minecraft:stone_pickaxe":9,"minecraft:chest":1,"minecraft:cooked_rabbit":1,"minecraft:cooked_porkchop":4,"minecraft:crafting_table":3,"minecraft:wooden_pickaxe":8,"minecraft:iron_helmet":1,"minecraft:bucket":1,"minecraft:stone_axe":3,"minecraft:air":0,"minecraft:white_wool":1,"minecraft:iron_chestplate":1,"minecraft:shield":1,"minecraft:stick":72,"minecraft:iron_ingot":41,"minecraft:iron_pickaxe":2,"minecraft:iron_leggings":1,"minecraft:white_bed":1}},"DataVersion":3465}