{"stats":{"minecraft:used":{"minecraft:cooked_mutton":6,"minecraft:water_bucket":1,"minecraft:stone_pickaxe":278,"minecraft:chest":1,"minecraft:wooden_pickaxe":14,"minecraft:bell":1,"minecraft:cooked_chicken":5,"minecraft:rotten_flesh":2,"minecraft:torch":4,"minecraft:dirt":37,"minecraft:crafting_table":9,"minecraft:white_bed":1,"minecraft:iron_axe":52,"minecraft:iron_pickaxe":127,"minecraft:stone_axe":69,"minecraft:raw_copper_block":2,"minecraft:cobblestone":30,"minecraft:furnace":5,"minecraft:cooked_porkchop":4,"minecraft:cooked_rabbit":1,"minecraft:bucket":2,"minecraft:yellow_bed":2},"minecraft:crafted":{"minecraft:cherry_planks":96,"securitycraft:mine":3,"minecraft:cooked_porkchop":4,"minecraft:crafting_table":2,"minecraft:cooked_chicken":5,"minecraft:wooden_pickaxe":1,"minecraft:furnace":1,"minecraft:bucket":1,"minecraft:stone_axe":2,"minecraft:raw_copper_block":2,"minecraft:cooked_mutton":22,"minecraft:air":0,"minecraft:white_wool":1,"minecraft:iron_axe":1,"minecraft:stick":40,"minecraft:iron_pickaxe":1,"minecraft:iron_ingot":6,"minecraft:stone_pickaxe":3,"minecraft:chest":1,"minecraft:white_bed":1,"minecraft:cooked_rabbit":1},"minecraft:broken":{"minecraft:stone_pickaxe":2},"minecraft:mined":{"minecraft:deepslate_redstone_ore":1,"minecraft:white_bed":1,"minecraft:cherry_log":48,"minecraft:granite":1,"minecraft:crafting_table":10,"minecraft:torch":3,"minecraft:emerald_ore":1,"minecraft:grass_block":4,"minecraft:tall_grass":4,"minecraft:copper_ore":6,"minecraft:deepslate_gold_ore":3,"minecraft:lapis_ore":2,"minecraft:diorite":1,"minecraft:wall_torch":2,"minecraft:pink_petals":15,"minecraft:hay_block":18,"minecraft:redstone_ore":7,"minecraft:furnace":5,"minecraft:iron_ore":73,"minecraft:wheat":6,"minecraft:deepslate_lapis_ore":4,"minecraft:yellow_bed":2,"minecraft:bell":2,"minecraft:grass":10,"minecraft:pointed_dripstone":4,"minecraft:coal_ore":93,"minecraft:deepslate_iron_ore":11,"minecraft:dripstone_block":1,"minecraft:cherry_leaves":2,"minecraft:gravel":1,"minecraft:dirt":16,"minecraft:stone":182,"minecraft:gold_ore":8,"minecraft:deepslate":6,"minecraft:infested_stone":1},"minecraft:killed_by":{"minecraft:player":1,"minecraft:skeleton":3,"minecraft:creeper":1,"minecraft:spider":2},"minecraft:custom":{"minecraft:interact_with_furnace":27,"minecraft:mob_kills":39,"minecraft:interact_with_crafting_table":19,"minecraft:bell_ring":18,"minecraft:leave_game":3,"minecraft:time_since_death":9569,"minecraft:sleep_in_bed":2,"minecraft:time_since_rest":9613,"minecraft:sprint_one_cm":252203,"minecraft:damage_taken":3739,"minecraft:walk_one_cm":242319,"minecraft:drop":28,"minecraft:damage_dealt":4461,"minecraft:swim_one_cm":24609,"minecraft:talked_to_villager":21,"minecraft:fly_one_cm":182827,"minecraft:open_chest":1,"minecraft:crouch_one_cm":5295,"minecraft:play_time":94932,"minecraft:deaths":9,"minecraft:sneak_time":1737,"minecraft:walk_under_water_one_cm":1121,"minecraft:jump":1381,"minecraft:walk_on_water_one_cm":9817,"minecraft:total_world_time":94932,"minecraft:fall_one_cm":67986},"minecraft:killed":{"minecraft:pig":2,"minecraft:rabbit":1,"minecraft:spider":2,"minecraft:creeper":1,"minecraft:sheep":18,"minecraft:skeleton":2,"minecraft:pillager":1,"minecraft:zombie":5,"minecraft:chicken":5,"minecraft:silverfish":1,"minecraft:villager":1},"minecraft:dropped":{"minecraft:stone_axe":2,"minecraft:wheat_seeds":1,"minecraft:pointed_dripstone":1,"minecraft:rotten_flesh":3,"minecraft:light_gray_wool":1,"minecraft:rabbit_foot":1,"minecraft:rabbit_hide":1,"minecraft:spider_eye":1,"minecraft:iron_axe":2,"minecraft:stone_pickaxe":1,"minecraft:wooden_pickaxe":2,"minecraft:pink_petals":19},"minecraft:picked_up":{"minecraft:pink_petals":35,"minecraft:crafting_table":22,"minecraft:wheat":6,"minecraft:feather":4,"minecraft:chicken":5,"minecraft:cherry_planks":249,"minecraft:wooden_pickaxe":6,"minecraft:yellow_bed":3,"minecraft:gunpowder":6,"minecraft:lapis_lazuli":42,"minecraft:string":4,"minecraft:dirt":131,"minecraft:iron_axe":5,"minecraft:white_banner":3,"minecraft:raw_copper":18,"minecraft:cooked_mutton":36,"minecraft:bone":14,"minecraft:wheat_seeds":14,"minecraft:cobbled_deepslate":7,"minecraft:raw_gold":11,"minecraft:bell":2,"minecraft:rabbit_hide":2,"minecraft:iron_ingot":13,"minecraft:stone_pickaxe":5,"minecraft:iron_pickaxe":2,"minecraft:light_gray_wool":1,"minecraft:rabbit":2,"minecraft:raw_copper_block":2,"minecraft:furnace":8,"minecraft:raw_iron":131,"minecraft:stick":38,"securitycraft:mine":3,"minecraft:torch":9,"minecraft:dripstone_block":1,"minecraft:gravel":1,"minecraft:porkchop":8,"minecraft:cherry_log":81,"minecraft:pointed_dripstone":10,"minecraft:white_bed":1,"minecraft:redstone":37,"minecraft:spider_eye":3,"minecraft:rabbit_foot":2,"minecraft:rotten_flesh":9,"minecraft:stone_axe":7,"minecraft:granite":1,"minecraft:gray_wool":4,"minecraft:emerald":6,"minecraft:mutton":33,"minecraft:coal":396,"minecraft:white_wool":19,"minecraft:cobblestone":563}},"DataVersion":3465}