{
  "minecraft:recipes/decorations/crafting_table": {
    "criteria": {
      "unlock_right_away": "2024-07-07 15:44:15 +0000"
    },
    "done": true
  },
  "minecraft:adventure/adventuring_time": {
    "criteria": {
      "minecraft:cherry_grove": "2024-07-07 15:44:16 +0000",
      "minecraft:sunflower_plains": "2024-07-07 16:29:08 +0000",
      "minecraft:river": "2024-07-07 16:13:47 +0000",
      "minecraft:dripstone_caves": "2024-07-07 16:01:40 +0000",
      "minecraft:deep_dark": "2024-07-07 19:40:00 +0000",
      "minecraft:plains": "2024-07-07 16:13:37 +0000"
    },
    "done": false
  },
  "minecraft:recipes/building_blocks/cherry_planks": {
    "criteria": {
      "has_log": "2024-07-07 15:45:20 +0000"
    },
    "done": true
  },
  "minecraft:recipes/building_blocks/cherry_wood": {
    "criteria": {
      "has_log": "2024-07-07 15:45:20 +0000"
    },
    "done": true
  },
  "minecraft:recipes/misc/charcoal": {
    "criteria": {
      "has_log": "2024-07-07 15:45:20 +0000"
    },
    "done": true
  },
  "securitycraft:recipes/misc/sc_manual": {
    "criteria": {
      "has_wood": "2024-07-07 15:45:20 +0000"
    },
    "done": true
  },
  "minecraft:recipes/building_blocks/cherry_slab": {
    "criteria": {
      "has_planks": "2024-07-07 15:45:28 +0000"
    },
    "done": true
  },
  "minecraft:recipes/decorations/cherry_fence": {
    "criteria": {
      "has_planks": "2024-07-07 15:45:28 +0000"
    },
    "done": true
  },
  "minecraft:recipes/building_blocks/cherry_stairs": {
    "criteria": {
      "has_planks": "2024-07-07 15:45:28 +0000"
    },
    "done": true
  },
  "minecraft:recipes/misc/stick": {
    "criteria": {
      "has_planks": "2024-07-07 15:45:28 +0000"
    },
    "done": true
  },
  "minecraft:recipes/redstone/cherry_trapdoor": {
    "criteria": {
      "has_planks": "2024-07-07 15:45:28 +0000"
    },
    "done": true
  },
  "minecraft:recipes/redstone/cherry_button": {
    "criteria": {
      "has_planks": "2024-07-07 15:45:28 +0000"
    },
    "done": true
  },
  "minecraft:recipes/redstone/cherry_fence_gate": {
    "criteria": {
      "has_planks": "2024-07-07 15:45:28 +0000"
    },
    "done": true
  },
  "minecraft:recipes/decorations/cherry_sign": {
    "criteria": {
      "has_planks": "2024-07-07 15:45:28 +0000"
    },
    "done": true
  },
  "minecraft:recipes/redstone/cherry_pressure_plate": {
    "criteria": {
      "has_planks": "2024-07-07 15:45:28 +0000"
    },
    "done": true
  },
  "minecraft:recipes/decorations/barrel": {
    "criteria": {
      "has_planks": "2024-07-07 15:45:28 +0000"
    },
    "done": true
  },
  "minecraft:recipes/redstone/cherry_door": {
    "criteria": {
      "has_planks": "2024-07-07 15:45:28 +0000"
    },
    "done": true
  },
  "minecraft:story/root": {
    "criteria": {
      "crafting_table": "2024-07-07 15:46:20 +0000"
    },
    "done": true
  },
  "minecraft:recipes/decorations/ladder": {
    "criteria": {
      "has_stick": "2024-07-07 15:49:22 +0000"
    },
    "done": true
  },
  "securitycraft:recipes/redstone/reinforced_birch_fence_gate": {
    "criteria": {
      "has_stick": "2024-07-07 15:49:22 +0000"
    },
    "done": true
  },
  "securitycraft:recipes/redstone/reinforced_crimson_fence_gate": {
    "criteria": {
      "has_stick": "2024-07-07 15:49:22 +0000"
    },
    "done": true
  },
  "securitycraft:recipes/misc/motion_activated_light": {
    "criteria": {
      "has_stick": "2024-07-07 15:49:22 +0000"
    },
    "done": true
  },
  "securitycraft:recipes/redstone/reinforced_jungle_fence_gate": {
    "criteria": {
      "has_stick": "2024-07-07 15:49:22 +0000"
    },
    "done": true
  },
  "minecraft:recipes/tools/wooden_axe": {
    "criteria": {
      "has_stick": "2024-07-07 15:49:22 +0000"
    },
    "done": true
  },
  "securitycraft:recipes/redstone/reinforced_spruce_fence_gate": {
    "criteria": {
      "has_stick": "2024-07-07 15:49:22 +0000"
    },
    "done": true
  },
  "securitycraft:recipes/misc/reinforced_jungle_fence": {
    "criteria": {
      "has_stick": "2024-07-07 15:49:22 +0000"
    },
    "done": true
  },
  "securitycraft:recipes/misc/reinforced_warped_fence": {
    "criteria": {
      "has_stick": "2024-07-07 15:49:22 +0000"
    },
    "done": true
  },
  "securitycraft:recipes/redstone/reinforced_cherry_fence_gate": {
    "criteria": {
      "has_stick": "2024-07-07 15:49:22 +0000"
    },
    "done": true
  },
  "securitycraft:recipes/misc/reinforced_acacia_fence": {
    "criteria": {
      "has_stick": "2024-07-07 15:49:22 +0000"
    },
    "done": true
  },
  "securitycraft:recipes/redstone/reinforced_acacia_fence_gate": {
    "criteria": {
      "has_stick": "2024-07-07 15:49:22 +0000"
    },
    "done": true
  },
  "securitycraft:recipes/misc/reinforced_cherry_fence": {
    "criteria": {
      "has_stick": "2024-07-07 15:49:22 +0000"
    },
    "done": true
  },
  "securitycraft:recipes/redstone/reinforced_bamboo_fence_gate": {
    "criteria": {
      "has_stick": "2024-07-07 15:49:22 +0000"
    },
    "done": true
  },
  "securitycraft:recipes/redstone/reinforced_warped_fence_gate": {
    "criteria": {
      "has_stick": "2024-07-07 15:49:22 +0000"
    },
    "done": true
  },
  "minecraft:recipes/decorations/campfire": {
    "criteria": {
      "has_stick": "2024-07-07 15:49:22 +0000"
    },
    "done": true
  },
  "minecraft:recipes/tools/wooden_hoe": {
    "criteria": {
      "has_stick": "2024-07-07 15:49:22 +0000"
    },
    "done": true
  },
  "minecraft:recipes/tools/wooden_pickaxe": {
    "criteria": {
      "has_stick": "2024-07-07 15:49:22 +0000"
    },
    "done": true
  },
  "securitycraft:recipes/misc/sonic_security_system": {
    "criteria": {
      "has_stick": "2024-07-07 15:49:22 +0000"
    },
    "done": true
  },
  "securitycraft:recipes/redstone/reinforced_mangrove_fence_gate": {
    "criteria": {
      "has_stick": "2024-07-07 15:49:22 +0000"
    },
    "done": true
  },
  "minecraft:recipes/tools/wooden_shovel": {
    "criteria": {
      "has_stick": "2024-07-07 15:49:22 +0000"
    },
    "done": true
  },
  "securitycraft:recipes/misc/reinforced_mangrove_fence": {
    "criteria": {
      "has_stick": "2024-07-07 15:49:22 +0000"
    },
    "done": true
  },
  "securitycraft:recipes/redstone/reinforced_dark_oak_fence_gate": {
    "criteria": {
      "has_stick": "2024-07-07 15:49:22 +0000"
    },
    "done": true
  },
  "minecraft:recipes/combat/wooden_sword": {
    "criteria": {
      "has_stick": "2024-07-07 15:49:22 +0000"
    },
    "done": true
  },
  "securitycraft:recipes/misc/reinforced_birch_fence": {
    "criteria": {
      "has_stick": "2024-07-07 15:49:22 +0000"
    },
    "done": true
  },
  "securitycraft:recipes/misc/reinforced_dark_oak_fence": {
    "criteria": {
      "has_stick": "2024-07-07 15:49:22 +0000"
    },
    "done": true
  },
  "securitycraft:recipes/misc/reinforced_oak_fence": {
    "criteria": {
      "has_stick": "2024-07-07 15:49:22 +0000"
    },
    "done": true
  },
  "securitycraft:recipes/redstone/reinforced_oak_fence_gate": {
    "criteria": {
      "has_stick": "2024-07-07 15:49:22 +0000"
    },
    "done": true
  },
  "securitycraft:recipes/misc/reinforced_bamboo_fence": {
    "criteria": {
      "has_stick": "2024-07-07 15:49:22 +0000"
    },
    "done": true
  },
  "securitycraft:recipes/misc/reinforced_crimson_fence": {
    "criteria": {
      "has_stick": "2024-07-07 15:49:22 +0000"
    },
    "done": true
  },
  "securitycraft:recipes/misc/reinforced_spruce_fence": {
    "criteria": {
      "has_stick": "2024-07-07 15:49:22 +0000"
    },
    "done": true
  },
  "minecraft:recipes/misc/pink_dye_from_pink_petals": {
    "criteria": {
      "has_pink_petals": "2024-07-07 15:50:51 +0000"
    },
    "done": true
  },
  "minecraft:recipes/food/cooked_rabbit": {
    "criteria": {
      "has_rabbit": "2024-07-07 15:51:03 +0000"
    },
    "done": true
  },
  "minecraft:recipes/food/cooked_rabbit_from_smoking": {
    "criteria": {
      "has_rabbit": "2024-07-07 15:51:03 +0000"
    },
    "done": true
  },
  "minecraft:recipes/food/cooked_rabbit_from_campfire_cooking": {
    "criteria": {
      "has_rabbit": "2024-07-07 15:51:03 +0000"
    },
    "done": true
  },
  "minecraft:adventure/root": {
    "criteria": {
      "killed_something": "2024-07-07 15:51:03 +0000"
    },
    "done": true
  },
  "minecraft:recipes/food/cooked_mutton_from_smoking": {
    "criteria": {
      "has_mutton": "2024-07-07 15:51:07 +0000"
    },
    "done": true
  },
  "minecraft:recipes/decorations/painting": {
    "criteria": {
      "has_wool": "2024-07-07 15:51:07 +0000"
    },
    "done": true
  },
  "minecraft:recipes/decorations/chest": {
    "criteria": {
      "has_lots_of_items": "2024-07-07 15:51:07 +0000"
    },
    "done": true
  },
  "minecraft:recipes/decorations/white_carpet": {
    "criteria": {
      "has_white_wool": "2024-07-07 15:51:07 +0000"
    },
    "done": true
  },
  "minecraft:recipes/food/cooked_mutton": {
    "criteria": {
      "has_mutton": "2024-07-07 15:51:07 +0000"
    },
    "done": true
  },
  "minecraft:recipes/decorations/white_banner": {
    "criteria": {
      "has_white_wool": "2024-07-07 15:51:07 +0000"
    },
    "done": true
  },
  "minecraft:recipes/food/cooked_mutton_from_campfire_cooking": {
    "criteria": {
      "has_mutton": "2024-07-07 15:51:07 +0000"
    },
    "done": true
  },
  "minecraft:recipes/decorations/white_bed": {
    "criteria": {
      "has_white_wool": "2024-07-07 15:51:07 +0000"
    },
    "done": true
  },
  "minecraft:recipes/misc/leather": {
    "criteria": {
      "has_rabbit_hide": "2024-07-07 15:51:20 +0000"
    },
    "done": true
  },
  "minecraft:husbandry/root": {
    "criteria": {
      "consumed_item": "2024-07-07 15:51:33 +0000"
    },
    "done": true
  },
  "minecraft:husbandry/balanced_diet": {
    "criteria": {
      "cooked_mutton": "2024-07-07 17:19:01 +0000",
      "porkchop": "2024-07-07 16:22:50 +0000",
      "spider_eye": "2024-07-07 16:46:29 +0000",
      "potato": "2024-07-07 17:30:05 +0000",
      "rabbit": "2024-07-07 15:51:33 +0000",
      "mutton": "2024-07-07 15:54:59 +0000",
      "bread": "2024-07-07 16:26:34 +0000",
      "glow_berries": "2024-07-07 17:47:24 +0000",
      "cooked_rabbit": "2024-07-07 20:24:42 +0000",
      "cooked_chicken": "2024-07-07 17:41:40 +0000",
      "carrot": "2024-07-07 16:12:41 +0000"
    },
    "done": false
  },
  "minecraft:recipes/redstone/lever": {
    "criteria": {
      "has_cobblestone": "2024-07-07 15:51:42 +0000"
    },
    "done": true
  },
  "minecraft:recipes/combat/stone_sword": {
    "criteria": {
      "has_cobblestone": "2024-07-07 15:51:42 +0000"
    },
    "done": true
  },
  "minecraft:recipes/decorations/cobblestone_wall": {
    "criteria": {
      "has_cobblestone": "2024-07-07 15:51:42 +0000"
    },
    "done": true
  },
  "minecraft:recipes/tools/stone_axe": {
    "criteria": {
      "has_cobblestone": "2024-07-07 15:51:42 +0000"
    },
    "done": true
  },
  "minecraft:story/mine_stone": {
    "criteria": {
      "get_stone": "2024-07-07 15:51:42 +0000"
    },
    "done": true
  },
  "minecraft:recipes/decorations/furnace": {
    "criteria": {
      "has_cobblestone": "2024-07-07 15:51:42 +0000"
    },
    "done": true
  },
  "securitycraft:recipes/redstone/laser_block": {
    "criteria": {
      "has_stone": "2024-07-07 15:51:42 +0000"
    },
    "done": true
  },
  "securitycraft:recipes/building_blocks/reinforced_andesite_with_vanilla_diorite": {
    "criteria": {
      "has_cobblestone": "2024-07-07 15:51:42 +0000"
    },
    "done": true
  },
  "minecraft:recipes/building_blocks/cobblestone_slab_from_cobblestone_stonecutting": {
    "criteria": {
      "has_cobblestone": "2024-07-07 15:51:42 +0000"
    },
    "done": true
  },
  "minecraft:recipes/building_blocks/stone": {
    "criteria": {
      "has_cobblestone": "2024-07-07 15:51:42 +0000"
    },
    "done": true
  },
  "securitycraft:recipes/building_blocks/reinforced_andesite_with_vanilla_cobblestone": {
    "criteria": {
      "has_cobblestone": "2024-07-07 15:51:42 +0000"
    },
    "done": true
  },
  "minecraft:recipes/tools/stone_pickaxe": {
    "criteria": {
      "has_cobblestone": "2024-07-07 15:51:42 +0000"
    },
    "done": true
  },
  "securitycraft:recipes/building_blocks/reinforced_andesite": {
    "criteria": {
      "has_cobblestone": "2024-07-07 15:51:42 +0000"
    },
    "done": true
  },
  "minecraft:recipes/building_blocks/cobblestone_slab": {
    "criteria": {
      "has_cobblestone": "2024-07-07 15:51:42 +0000"
    },
    "done": true
  },
  "securitycraft:recipes/building_blocks/reinforced_diorite": {
    "criteria": {
      "has_cobblestone": "2024-07-07 15:51:42 +0000"
    },
    "done": true
  },
  "minecraft:recipes/decorations/cobblestone_wall_from_cobblestone_stonecutting": {
    "criteria": {
      "has_cobblestone": "2024-07-07 15:51:42 +0000"
    },
    "done": true
  },
  "minecraft:recipes/building_blocks/cobblestone_stairs_from_cobblestone_stonecutting": {
    "criteria": {
      "has_cobblestone": "2024-07-07 15:51:42 +0000"
    },
    "done": true
  },
  "minecraft:recipes/building_blocks/cobblestone_stairs": {
    "criteria": {
      "has_cobblestone": "2024-07-07 15:51:42 +0000"
    },
    "done": true
  },
  "minecraft:recipes/tools/stone_hoe": {
    "criteria": {
      "has_cobblestone": "2024-07-07 15:51:42 +0000"
    },
    "done": true
  },
  "minecraft:recipes/tools/stone_shovel": {
    "criteria": {
      "has_cobblestone": "2024-07-07 15:51:42 +0000"
    },
    "done": true
  },
  "minecraft:adventure/sleep_in_bed": {
    "criteria": {
      "slept_in_bed": "2024-07-07 15:55:49 +0000"
    },
    "done": true
  },
  "minecraft:recipes/decorations/torch": {
    "criteria": {
      "has_stone_pickaxe": "2024-07-07 15:57:42 +0000"
    },
    "done": true
  },
  "minecraft:story/upgrade_tools": {
    "criteria": {
      "stone_pickaxe": "2024-07-07 15:57:42 +0000"
    },
    "done": true
  },
  "minecraft:recipes/building_blocks/coal_block": {
    "criteria": {
      "has_coal": "2024-07-07 15:58:06 +0000"
    },
    "done": true
  },
  "minecraft:recipes/building_blocks/raw_iron_block": {
    "criteria": {
      "has_raw_iron": "2024-07-07 15:58:07 +0000"
    },
    "done": true
  },
  "minecraft:recipes/misc/iron_ingot_from_smelting_raw_iron": {
    "criteria": {
      "has_raw_iron": "2024-07-07 15:58:07 +0000"
    },
    "done": true
  },
  "minecraft:recipes/misc/iron_ingot_from_blasting_raw_iron": {
    "criteria": {
      "has_raw_iron": "2024-07-07 15:58:07 +0000"
    },
    "done": true
  },
  "minecraft:adventure/kill_all_mobs": {
    "criteria": {
      "minecraft:skeleton": "2024-07-07 15:59:57 +0000",
      "minecraft:spider": "2024-07-07 16:38:44 +0000",
      "minecraft:creeper": "2024-07-07 15:58:35 +0000",
      "minecraft:zombie": "2024-07-07 15:58:18 +0000"
    },
    "done": false
  },
  "minecraft:adventure/kill_a_mob": {
    "criteria": {
      "minecraft:zombie": "2024-07-07 15:58:18 +0000"
    },
    "done": true
  },
  "minecraft:recipes/transportation/carrot_on_a_stick": {
    "criteria": {
      "has_carrot": "2024-07-07 15:58:26 +0000"
    },
    "done": true
  },
  "minecraft:recipes/misc/firework_rocket_simple": {
    "criteria": {
      "has_gunpowder": "2024-07-07 15:58:36 +0000"
    },
    "done": true
  },
  "minecraft:recipes/redstone/tnt": {
    "criteria": {
      "has_gunpowder": "2024-07-07 15:58:36 +0000"
    },
    "done": true
  },
  "minecraft:recipes/misc/bone_meal": {
    "criteria": {
      "has_bone": "2024-07-07 16:00:36 +0000"
    },
    "done": true
  },
  "securitycraft:recipes/redstone/reinforced_dispenser": {
    "criteria": {
      "has_bow": "2024-07-07 16:06:42 +0000"
    },
    "done": true
  },
  "minecraft:recipes/redstone/dispenser": {
    "criteria": {
      "has_bow": "2024-07-07 16:06:42 +0000"
    },
    "done": true
  },
  "minecraft:recipes/building_blocks/dripstone_block": {
    "criteria": {
      "has_pointed_dripstone": "2024-07-07 16:07:52 +0000"
    },
    "done": true
  },
  "minecraft:recipes/misc/copper_ingot_from_blasting_raw_copper": {
    "criteria": {
      "has_raw_copper": "2024-07-07 16:10:25 +0000"
    },
    "done": true
  },
  "minecraft:recipes/building_blocks/raw_copper_block": {
    "criteria": {
      "has_raw_copper": "2024-07-07 16:10:25 +0000"
    },
    "done": true
  },
  "minecraft:recipes/misc/copper_ingot_from_smelting_raw_copper": {
    "criteria": {
      "has_raw_copper": "2024-07-07 16:10:25 +0000"
    },
    "done": true
  },
  "minecraft:recipes/building_blocks/dark_oak_planks": {
    "criteria": {
      "has_log": "2024-07-07 16:12:26 +0000"
    },
    "done": true
  },
  "minecraft:recipes/building_blocks/dark_oak_wood": {
    "criteria": {
      "has_log": "2024-07-07 16:12:26 +0000"
    },
    "done": true
  },
  "minecraft:recipes/decorations/fletching_table": {
    "criteria": {
      "has_flint": "2024-07-07 16:13:51 +0000"
    },
    "done": true
  },
  "minecraft:recipes/misc/gold_nugget_from_smelting": {
    "criteria": {
      "has_golden_hoe": "2024-07-07 16:13:51 +0000"
    },
    "done": true
  },
  "minecraft:recipes/combat/arrow": {
    "criteria": {
      "has_flint": "2024-07-07 16:13:51 +0000"
    },
    "done": true
  },
  "minecraft:recipes/misc/gold_nugget_from_blasting": {
    "criteria": {
      "has_golden_hoe": "2024-07-07 16:13:51 +0000"
    },
    "done": true
  },
  "minecraft:recipes/tools/flint_and_steel": {
    "criteria": {
      "has_flint": "2024-07-07 16:13:51 +0000"
    },
    "done": true
  },
  "minecraft:recipes/food/cooked_chicken_from_campfire_cooking": {
    "criteria": {
      "has_chicken": "2024-07-07 16:14:20 +0000"
    },
    "done": true
  },
  "minecraft:recipes/food/cooked_chicken": {
    "criteria": {
      "has_chicken": "2024-07-07 16:14:20 +0000"
    },
    "done": true
  },
  "minecraft:recipes/food/cooked_chicken_from_smoking": {
    "criteria": {
      "has_chicken": "2024-07-07 16:14:20 +0000"
    },
    "done": true
  },
  "minecraft:recipes/transportation/cherry_boat": {
    "criteria": {
      "in_water": "2024-07-07 16:14:22 +0000"
    },
    "done": true
  },
  "minecraft:recipes/transportation/bamboo_raft": {
    "criteria": {
      "in_water": "2024-07-07 16:14:22 +0000"
    },
    "done": true
  },
  "minecraft:recipes/transportation/spruce_boat": {
    "criteria": {
      "in_water": "2024-07-07 16:14:22 +0000"
    },
    "done": true
  },
  "minecraft:recipes/transportation/birch_boat": {
    "criteria": {
      "in_water": "2024-07-07 16:14:22 +0000"
    },
    "done": true
  },
  "minecraft:recipes/transportation/oak_boat": {
    "criteria": {
      "in_water": "2024-07-07 16:14:22 +0000"
    },
    "done": true
  },
  "minecraft:recipes/transportation/mangrove_boat": {
    "criteria": {
      "in_water": "2024-07-07 16:14:22 +0000"
    },
    "done": true
  },
  "minecraft:recipes/transportation/acacia_boat": {
    "criteria": {
      "in_water": "2024-07-07 16:14:22 +0000"
    },
    "done": true
  },
  "minecraft:recipes/transportation/jungle_boat": {
    "criteria": {
      "in_water": "2024-07-07 16:14:22 +0000"
    },
    "done": true
  },
  "minecraft:recipes/transportation/dark_oak_boat": {
    "criteria": {
      "in_water": "2024-07-07 16:14:22 +0000"
    },
    "done": true
  },
  "minecraft:recipes/food/cooked_beef_from_smoking": {
    "criteria": {
      "has_beef": "2024-07-07 16:15:09 +0000"
    },
    "done": true
  },
  "minecraft:recipes/food/cooked_beef": {
    "criteria": {
      "has_beef": "2024-07-07 16:15:09 +0000"
    },
    "done": true
  },
  "minecraft:recipes/food/cooked_beef_from_campfire_cooking": {
    "criteria": {
      "has_beef": "2024-07-07 16:15:09 +0000"
    },
    "done": true
  },
  "minecraft:recipes/combat/leather_helmet": {
    "criteria": {
      "has_leather": "2024-07-07 16:15:16 +0000"
    },
    "done": true
  },
  "minecraft:recipes/combat/leather_leggings": {
    "criteria": {
      "has_leather": "2024-07-07 16:15:16 +0000"
    },
    "done": true
  },
  "minecraft:recipes/combat/leather_chestplate": {
    "criteria": {
      "has_leather": "2024-07-07 16:15:16 +0000"
    },
    "done": true
  },
  "minecraft:recipes/misc/leather_horse_armor": {
    "criteria": {
      "has_leather": "2024-07-07 16:15:16 +0000"
    },
    "done": true
  },
  "minecraft:recipes/decorations/item_frame": {
    "criteria": {
      "has_leather": "2024-07-07 16:15:16 +0000"
    },
    "done": true
  },
  "minecraft:recipes/combat/leather_boots": {
    "criteria": {
      "has_leather": "2024-07-07 16:15:16 +0000"
    },
    "done": true
  },
  "minecraft:recipes/decorations/smoker": {
    "criteria": {
      "has_furnace": "2024-07-07 16:15:52 +0000"
    },
    "done": true
  },
  "securitycraft:recipes/misc/sentry": {
    "criteria": {
      "has_iron": "2024-07-07 16:16:24 +0000"
    },
    "done": true
  },
  "minecraft:recipes/combat/iron_leggings": {
    "criteria": {
      "has_iron_ingot": "2024-07-07 16:16:24 +0000"
    },
    "done": true
  },
  "securitycraft:recipes/misc/blacklist_module": {
    "criteria": {
      "has_iron": "2024-07-07 16:16:24 +0000"
    },
    "done": true
  },
  "minecraft:recipes/combat/iron_chestplate": {
    "criteria": {
      "has_iron_ingot": "2024-07-07 16:16:24 +0000"
    },
    "done": true
  },
  "securitycraft:recipes/misc/limited_use_keycard": {
    "criteria": {
      "has_iron": "2024-07-07 16:16:24 +0000"
    },
    "done": true
  },
  "securitycraft:recipes/misc/bouncing_betty": {
    "criteria": {
      "has_iron": "2024-07-07 16:16:24 +0000"
    },
    "done": true
  },
  "minecraft:recipes/misc/iron_nugget": {
    "criteria": {
      "has_iron_ingot": "2024-07-07 16:16:24 +0000"
    },
    "done": true
  },
  "minecraft:recipes/misc/bucket": {
    "criteria": {
      "has_iron_ingot": "2024-07-07 16:16:24 +0000"
    },
    "done": true
  },
  "securitycraft:recipes/misc/disguise_module": {
    "criteria": {
      "has_iron": "2024-07-07 16:16:24 +0000"
    },
    "done": true
  },
  "minecraft:recipes/combat/iron_helmet": {
    "criteria": {
      "has_iron_ingot": "2024-07-07 16:16:24 +0000"
    },
    "done": true
  },
  "minecraft:recipes/transportation/minecart": {
    "criteria": {
      "has_iron_ingot": "2024-07-07 16:16:24 +0000"
    },
    "done": true
  },
  "minecraft:recipes/tools/iron_hoe": {
    "criteria": {
      "has_iron_ingot": "2024-07-07 16:16:24 +0000"
    },
    "done": true
  },
  "securitycraft:recipes/redstone/block_change_detector": {
    "criteria": {
      "has_iron": "2024-07-07 16:16:24 +0000"
    },
    "done": true
  },
  "securitycraft:recipes/decorations/floor_trap": {
    "criteria": {
      "has_iron": "2024-07-07 16:16:24 +0000"
    },
    "done": true
  },
  "minecraft:story/smelt_iron": {
    "criteria": {
      "iron": "2024-07-07 16:16:24 +0000"
    },
    "done": true
  },
  "securitycraft:recipes/misc/storage_module": {
    "criteria": {
      "has_iron": "2024-07-07 16:16:24 +0000"
    },
    "done": true
  },
  "minecraft:recipes/tools/shears": {
    "criteria": {
      "has_iron_ingot": "2024-07-07 16:16:24 +0000"
    },
    "done": true
  },
  "minecraft:recipes/decorations/chain": {
    "criteria": {
      "has_iron_ingot": "2024-07-07 16:16:24 +0000"
    },
    "done": true
  },
  "minecraft:recipes/building_blocks/iron_block": {
    "criteria": {
      "has_iron_ingot": "2024-07-07 16:16:24 +0000"
    },
    "done": true
  },
  "minecraft:recipes/decorations/smithing_table": {
    "criteria": {
      "has_iron_ingot": "2024-07-07 16:16:24 +0000"
    },
    "done": true
  },
  "securitycraft:recipes/transportation/track_mine": {
    "criteria": {
      "has_iron": "2024-07-07 16:16:24 +0000"
    },
    "done": true
  },
  "securitycraft:recipes/misc/whitelist_module": {
    "criteria": {
      "has_iron": "2024-07-07 16:16:24 +0000"
    },
    "done": true
  },
  "securitycraft:recipes/misc/security_camera": {
    "criteria": {
      "has_iron": "2024-07-07 16:16:24 +0000"
    },
    "done": true
  },
  "minecraft:recipes/combat/iron_sword": {
    "criteria": {
      "has_iron_ingot": "2024-07-07 16:16:24 +0000"
    },
    "done": true
  },
  "minecraft:recipes/tools/iron_pickaxe": {
    "criteria": {
      "has_iron_ingot": "2024-07-07 16:16:24 +0000"
    },
    "done": true
  },
  "minecraft:recipes/combat/shield": {
    "criteria": {
      "has_iron_ingot": "2024-07-07 16:16:24 +0000"
    },
    "done": true
  },
  "minecraft:recipes/redstone/hopper": {
    "criteria": {
      "has_iron_ingot": "2024-07-07 16:16:24 +0000"
    },
    "done": true
  },
  "minecraft:recipes/decorations/iron_bars": {
    "criteria": {
      "has_iron_ingot": "2024-07-07 16:16:24 +0000"
    },
    "done": true
  },
  "securitycraft:recipes/misc/briefcase": {
    "criteria": {
      "has_iron": "2024-07-07 16:16:24 +0000"
    },
    "done": true
  },
  "securitycraft:recipes/redstone/reinforced_fence_gate": {
    "criteria": {
      "has_iron": "2024-07-07 16:16:24 +0000"
    },
    "done": true
  },
  "securitycraft:recipes/misc/electrified_iron_fence": {
    "criteria": {
      "has_iron": "2024-07-07 16:16:24 +0000"
    },
    "done": true
  },
  "securitycraft:recipes/misc/keycard_lv5": {
    "criteria": {
      "has_iron": "2024-07-07 16:16:24 +0000"
    },
    "done": true
  },
  "securitycraft:recipes/misc/keycard_lv3": {
    "criteria": {
      "has_iron": "2024-07-07 16:16:24 +0000"
    },
    "done": true
  },
  "securitycraft:recipes/misc/keycard_lv4": {
    "criteria": {
      "has_iron": "2024-07-07 16:16:24 +0000"
    },
    "done": true
  },
  "securitycraft:recipes/misc/keycard_lv1": {
    "criteria": {
      "has_iron": "2024-07-07 16:16:24 +0000"
    },
    "done": true
  },
  "securitycraft:recipes/misc/keycard_lv2": {
    "criteria": {
      "has_iron": "2024-07-07 16:16:24 +0000"
    },
    "done": true
  },
  "minecraft:recipes/combat/iron_boots": {
    "criteria": {
      "has_iron_ingot": "2024-07-07 16:16:24 +0000"
    },
    "done": true
  },
  "minecraft:recipes/decorations/lantern": {
    "criteria": {
      "has_iron_ingot": "2024-07-07 16:16:24 +0000"
    },
    "done": true
  },
  "securitycraft:recipes/misc/mine": {
    "criteria": {
      "has_iron": "2024-07-07 16:16:24 +0000"
    },
    "done": true
  },
  "securitycraft:recipes/misc/harming_module": {
    "criteria": {
      "has_iron": "2024-07-07 16:16:24 +0000"
    },
    "done": true
  },
  "minecraft:recipes/tools/iron_shovel": {
    "criteria": {
      "has_iron_ingot": "2024-07-07 16:16:24 +0000"
    },
    "done": true
  },
  "securitycraft:recipes/misc/smart_module": {
    "criteria": {
      "has_iron": "2024-07-07 16:16:24 +0000"
    },
    "done": true
  },
  "securitycraft:recipes/misc/trophy_system": {
    "criteria": {
      "has_iron": "2024-07-07 16:16:24 +0000"
    },
    "done": true
  },
  "minecraft:recipes/redstone/iron_trapdoor": {
    "criteria": {
      "has_iron_ingot": "2024-07-07 16:16:24 +0000"
    },
    "done": true
  },
  "minecraft:recipes/tools/iron_axe": {
    "criteria": {
      "has_iron_ingot": "2024-07-07 16:16:24 +0000"
    },
    "done": true
  },
  "minecraft:recipes/combat/crossbow": {
    "criteria": {
      "has_iron_ingot": "2024-07-07 16:16:24 +0000"
    },
    "done": true
  },
  "securitycraft:recipes/misc/speed_module": {
    "criteria": {
      "has_iron": "2024-07-07 16:16:24 +0000"
    },
    "done": true
  },
  "securitycraft:recipes/misc/camera_monitor": {
    "criteria": {
      "has_iron": "2024-07-07 16:16:24 +0000"
    },
    "done": true
  },
  "securitycraft:recipes/misc/redstone_module": {
    "criteria": {
      "has_iron": "2024-07-07 16:16:24 +0000"
    },
    "done": true
  },
  "securitycraft:recipes/misc/door_indestructible_iron_item": {
    "criteria": {
      "has_iron": "2024-07-07 16:16:24 +0000"
    },
    "done": true
  },
  "minecraft:recipes/redstone/iron_door": {
    "criteria": {
      "has_iron_ingot": "2024-07-07 16:16:24 +0000"
    },
    "done": true
  },
  "securitycraft:recipes/tools/universal_block_remover": {
    "criteria": {
      "has_iron": "2024-07-07 16:16:24 +0000"
    },
    "done": true
  },
  "minecraft:recipes/redstone/heavy_weighted_pressure_plate": {
    "criteria": {
      "has_iron_ingot": "2024-07-07 16:16:24 +0000"
    },
    "done": true
  },
  "minecraft:story/obtain_armor": {
    "criteria": {
      "iron_chestplate": "2024-07-07 16:17:48 +0000"
    },
    "done": true
  },
  "minecraft:recipes/misc/iron_nugget_from_smelting": {
    "criteria": {
      "has_iron_chestplate": "2024-07-07 16:17:48 +0000"
    },
    "done": true
  },
  "minecraft:recipes/misc/iron_nugget_from_blasting": {
    "criteria": {
      "has_iron_chestplate": "2024-07-07 16:17:48 +0000"
    },
    "done": true
  },
  "minecraft:recipes/food/cooked_porkchop_from_campfire_cooking": {
    "criteria": {
      "has_porkchop": "2024-07-07 16:22:14 +0000"
    },
    "done": true
  },
  "minecraft:recipes/food/cooked_porkchop": {
    "criteria": {
      "has_porkchop": "2024-07-07 16:22:14 +0000"
    },
    "done": true
  },
  "minecraft:recipes/food/cooked_porkchop_from_smoking": {
    "criteria": {
      "has_porkchop": "2024-07-07 16:22:14 +0000"
    },
    "done": true
  },
  "minecraft:recipes/decorations/brown_banner": {
    "criteria": {
      "has_brown_wool": "2024-07-07 16:24:56 +0000"
    },
    "done": true
  },
  "minecraft:recipes/decorations/brown_bed": {
    "criteria": {
      "has_brown_wool": "2024-07-07 16:24:56 +0000"
    },
    "done": true
  },
  "minecraft:recipes/decorations/brown_carpet": {
    "criteria": {
      "has_brown_wool": "2024-07-07 16:24:56 +0000"
    },
    "done": true
  },
  "minecraft:recipes/food/baked_potato_from_campfire_cooking": {
    "criteria": {
      "has_potato": "2024-07-07 16:25:51 +0000"
    },
    "done": true
  },
  "minecraft:recipes/food/baked_potato": {
    "criteria": {
      "has_potato": "2024-07-07 16:25:51 +0000"
    },
    "done": true
  },
  "minecraft:recipes/food/baked_potato_from_smoking": {
    "criteria": {
      "has_potato": "2024-07-07 16:25:51 +0000"
    },
    "done": true
  },
  "securitycraft:recipes/building_blocks/reinforced_packed_mud": {
    "criteria": {
      "has_wheat": "2024-07-07 16:26:37 +0000"
    },
    "done": true
  },
  "minecraft:recipes/food/bread": {
    "criteria": {
      "has_wheat": "2024-07-07 16:26:37 +0000"
    },
    "done": true
  },
  "minecraft:recipes/building_blocks/hay_block": {
    "criteria": {
      "has_wheat": "2024-07-07 16:26:37 +0000"
    },
    "done": true
  },
  "minecraft:story/iron_tools": {
    "criteria": {
      "iron_pickaxe": "2024-07-07 16:33:36 +0000"
    },
    "done": true
  },
  "minecraft:recipes/building_blocks/polished_deepslate": {
    "criteria": {
      "has_cobbled_deepslate": "2024-07-07 16:34:17 +0000"
    },
    "done": true
  },
  "minecraft:recipes/building_blocks/deepslate_tile_stairs_from_cobbled_deepslate_stonecutting": {
    "criteria": {
      "has_cobbled_deepslate": "2024-07-07 16:34:17 +0000"
    },
    "done": true
  },
  "minecraft:recipes/building_blocks/deepslate_brick_stairs_from_cobbled_deepslate_stonecutting": {
    "criteria": {
      "has_cobbled_deepslate": "2024-07-07 16:34:17 +0000"
    },
    "done": true
  },
  "minecraft:recipes/building_blocks/chiseled_deepslate_from_cobbled_deepslate_stonecutting": {
    "criteria": {
      "has_cobbled_deepslate": "2024-07-07 16:34:17 +0000"
    },
    "done": true
  },
  "minecraft:recipes/building_blocks/cobbled_deepslate_slab": {
    "criteria": {
      "has_cobbled_deepslate": "2024-07-07 16:34:17 +0000"
    },
    "done": true
  },
  "minecraft:recipes/decorations/cobbled_deepslate_wall_from_cobbled_deepslate_stonecutting": {
    "criteria": {
      "has_cobbled_deepslate": "2024-07-07 16:34:17 +0000"
    },
    "done": true
  },
  "minecraft:recipes/decorations/cobbled_deepslate_wall": {
    "criteria": {
      "has_cobbled_deepslate": "2024-07-07 16:34:17 +0000"
    },
    "done": true
  },
  "minecraft:recipes/decorations/polished_deepslate_wall_from_cobbled_deepslate_stonecutting": {
    "criteria": {
      "has_cobbled_deepslate": "2024-07-07 16:34:17 +0000"
    },
    "done": true
  },
  "minecraft:recipes/building_blocks/cobbled_deepslate_stairs_from_cobbled_deepslate_stonecutting": {
    "criteria": {
      "has_cobbled_deepslate": "2024-07-07 16:34:17 +0000"
    },
    "done": true
  },
  "minecraft:recipes/building_blocks/deepslate": {
    "criteria": {
      "has_cobbled_deepslate": "2024-07-07 16:34:17 +0000"
    },
    "done": true
  },
  "minecraft:recipes/building_blocks/polished_deepslate_stairs_from_cobbled_deepslate_stonecutting": {
    "criteria": {
      "has_cobbled_deepslate": "2024-07-07 16:34:17 +0000"
    },
    "done": true
  },
  "minecraft:recipes/decorations/deepslate_brick_wall_from_cobbled_deepslate_stonecutting": {
    "criteria": {
      "has_cobbled_deepslate": "2024-07-07 16:34:17 +0000"
    },
    "done": true
  },
  "minecraft:recipes/building_blocks/polished_deepslate_from_cobbled_deepslate_stonecutting": {
    "criteria": {
      "has_cobbled_deepslate": "2024-07-07 16:34:17 +0000"
    },
    "done": true
  },
  "minecraft:recipes/building_blocks/polished_deepslate_slab_from_cobbled_deepslate_stonecutting": {
    "criteria": {
      "has_cobbled_deepslate": "2024-07-07 16:34:17 +0000"
    },
    "done": true
  },
  "minecraft:recipes/building_blocks/deepslate_brick_slab_from_cobbled_deepslate_stonecutting": {
    "criteria": {
      "has_cobbled_deepslate": "2024-07-07 16:34:17 +0000"
    },
    "done": true
  },
  "minecraft:recipes/building_blocks/cobbled_deepslate_slab_from_cobbled_deepslate_stonecutting": {
    "criteria": {
      "has_cobbled_deepslate": "2024-07-07 16:34:17 +0000"
    },
    "done": true
  },
  "minecraft:recipes/building_blocks/deepslate_tile_slab_from_cobbled_deepslate_stonecutting": {
    "criteria": {
      "has_cobbled_deepslate": "2024-07-07 16:34:17 +0000"
    },
    "done": true
  },
  "minecraft:recipes/building_blocks/cobbled_deepslate_stairs": {
    "criteria": {
      "has_cobbled_deepslate": "2024-07-07 16:34:17 +0000"
    },
    "done": true
  },
  "minecraft:recipes/decorations/deepslate_tile_wall_from_cobbled_deepslate_stonecutting": {
    "criteria": {
      "has_cobbled_deepslate": "2024-07-07 16:34:17 +0000"
    },
    "done": true
  },
  "minecraft:recipes/building_blocks/deepslate_bricks_from_cobbled_deepslate_stonecutting": {
    "criteria": {
      "has_cobbled_deepslate": "2024-07-07 16:34:17 +0000"
    },
    "done": true
  },
  "minecraft:recipes/building_blocks/deepslate_tiles_from_cobbled_deepslate_stonecutting": {
    "criteria": {
      "has_cobbled_deepslate": "2024-07-07 16:34:17 +0000"
    },
    "done": true
  },
  "minecraft:recipes/misc/blue_dye": {
    "criteria": {
      "has_lapis_lazuli": "2024-07-07 16:39:20 +0000"
    },
    "done": true
  },
  "minecraft:recipes/building_blocks/lapis_block": {
    "criteria": {
      "has_lapis_lazuli": "2024-07-07 16:39:20 +0000"
    },
    "done": true
  },
  "minecraft:recipes/combat/bow": {
    "criteria": {
      "has_string": "2024-07-07 16:45:46 +0000"
    },
    "done": true
  },
  "minecraft:recipes/tools/fishing_rod": {
    "criteria": {
      "has_string": "2024-07-07 16:45:46 +0000"
    },
    "done": true
  },
  "minecraft:recipes/redstone/tripwire_hook": {
    "criteria": {
      "has_string": "2024-07-07 16:45:46 +0000"
    },
    "done": true
  },
  "minecraft:recipes/decorations/candle": {
    "criteria": {
      "has_string": "2024-07-07 16:45:46 +0000"
    },
    "done": true
  },
  "minecraft:recipes/brewing/fermented_spider_eye": {
    "criteria": {
      "has_spider_eye": "2024-07-07 16:45:46 +0000"
    },
    "done": true
  },
  "minecraft:recipes/building_blocks/white_wool_from_string": {
    "criteria": {
      "has_string": "2024-07-07 16:45:46 +0000"
    },
    "done": true
  },
  "minecraft:recipes/decorations/loom": {
    "criteria": {
      "has_string": "2024-07-07 16:45:46 +0000"
    },
    "done": true
  },
  "minecraft:recipes/decorations/gray_bed": {
    "criteria": {
      "has_gray_wool": "2024-07-07 16:57:14 +0000"
    },
    "done": true
  },
  "minecraft:recipes/decorations/gray_carpet": {
    "criteria": {
      "has_gray_wool": "2024-07-07 16:57:14 +0000"
    },
    "done": true
  },
  "minecraft:recipes/decorations/gray_banner": {
    "criteria": {
      "has_gray_wool": "2024-07-07 16:57:14 +0000"
    },
    "done": true
  },
  "minecraft:recipes/misc/magenta_dye_from_blue_red_pink": {
    "criteria": {
      "has_pink_dye": "2024-07-07 17:06:54 +0000"
    },
    "done": true
  },
  "minecraft:recipes/decorations/pink_candle": {
    "criteria": {
      "has_pink_dye": "2024-07-07 17:06:54 +0000"
    },
    "done": true
  },
  "minecraft:recipes/building_blocks/dye_pink_wool": {
    "criteria": {
      "has_needed_dye": "2024-07-07 17:06:54 +0000"
    },
    "done": true
  },
  "minecraft:recipes/building_blocks/dye_pink_bed": {
    "criteria": {
      "has_needed_dye": "2024-07-07 17:06:54 +0000"
    },
    "done": true
  },
  "minecraft:recipes/misc/magenta_dye_from_purple_and_pink": {
    "criteria": {
      "has_pink_dye": "2024-07-07 17:06:54 +0000"
    },
    "done": true
  },
  "minecraft:recipes/building_blocks/dye_pink_carpet": {
    "criteria": {
      "has_needed_dye": "2024-07-07 17:06:54 +0000"
    },
    "done": true
  },
  "minecraft:recipes/decorations/pink_stained_glass_pane_from_glass_pane": {
    "criteria": {
      "has_pink_dye": "2024-07-07 17:06:54 +0000"
    },
    "done": true
  },
  "minecraft:recipes/food/cake": {
    "criteria": {
      "has_egg": "2024-07-07 17:24:18 +0000"
    },
    "done": true
  },
  "securitycraft:recipes/building_blocks/cobbled_deepslate_mine": {
    "criteria": {
      "has_mine": "2024-07-07 17:29:49 +0000"
    },
    "done": true
  },
  "securitycraft:recipes/building_blocks/gravel_mine": {
    "criteria": {
      "has_mine": "2024-07-07 17:29:49 +0000"
    },
    "done": true
  },
  "securitycraft:recipes/building_blocks/deepslate_redstone_mine": {
    "criteria": {
      "has_mine": "2024-07-07 17:29:49 +0000"
    },
    "done": true
  },
  "securitycraft:recipes/building_blocks/gold_mine": {
    "criteria": {
      "has_mine": "2024-07-07 17:29:49 +0000"
    },
    "done": true
  },
  "securitycraft:recipes/building_blocks/emerald_mine": {
    "criteria": {
      "has_mine": "2024-07-07 17:29:49 +0000"
    },
    "done": true
  },
  "securitycraft:recipes/building_blocks/lapis_mine": {
    "criteria": {
      "has_mine": "2024-07-07 17:29:49 +0000"
    },
    "done": true
  },
  "securitycraft:recipes/building_blocks/stone_mine": {
    "criteria": {
      "has_mine": "2024-07-07 17:29:49 +0000"
    },
    "done": true
  },
  "securitycraft:recipes/building_blocks/blast_furnace_mine": {
    "criteria": {
      "has_mine": "2024-07-07 17:29:49 +0000"
    },
    "done": true
  },
  "securitycraft:recipes/building_blocks/deepslate_coal_mine": {
    "criteria": {
      "has_mine": "2024-07-07 17:29:49 +0000"
    },
    "done": true
  },
  "securitycraft:recipes/building_blocks/smoker_mine": {
    "criteria": {
      "has_mine": "2024-07-07 17:29:49 +0000"
    },
    "done": true
  },
  "securitycraft:recipes/building_blocks/deepslate_copper_mine": {
    "criteria": {
      "has_mine": "2024-07-07 17:29:49 +0000"
    },
    "done": true
  },
  "securitycraft:recipes/building_blocks/deepslate_mine": {
    "criteria": {
      "has_mine": "2024-07-07 17:29:49 +0000"
    },
    "done": true
  },
  "securitycraft:recipes/building_blocks/copper_mine": {
    "criteria": {
      "has_mine": "2024-07-07 17:29:49 +0000"
    },
    "done": true
  },
  "securitycraft:recipes/building_blocks/iron_mine": {
    "criteria": {
      "has_mine": "2024-07-07 17:29:49 +0000"
    },
    "done": true
  },
  "securitycraft:recipes/building_blocks/gilded_blackstone_mine": {
    "criteria": {
      "has_mine": "2024-07-07 17:29:49 +0000"
    },
    "done": true
  },
  "securitycraft:recipes/building_blocks/deepslate_lapis_mine": {
    "criteria": {
      "has_mine": "2024-07-07 17:29:49 +0000"
    },
    "done": true
  },
  "securitycraft:recipes/tools/wire_cutters": {
    "criteria": {
      "has_mine": "2024-07-07 17:29:49 +0000"
    },
    "done": true
  },
  "securitycraft:recipes/building_blocks/cobblestone_mine": {
    "criteria": {
      "has_mine": "2024-07-07 17:29:49 +0000"
    },
    "done": true
  },
  "securitycraft:recipes/building_blocks/coal_mine": {
    "criteria": {
      "has_mine": "2024-07-07 17:29:49 +0000"
    },
    "done": true
  },
  "securitycraft:recipes/building_blocks/netherrack_mine": {
    "criteria": {
      "has_mine": "2024-07-07 17:29:49 +0000"
    },
    "done": true
  },
  "securitycraft:recipes/building_blocks/furnace_mine": {
    "criteria": {
      "has_mine": "2024-07-07 17:29:49 +0000"
    },
    "done": true
  },
  "securitycraft:recipes/building_blocks/ancient_debris_mine": {
    "criteria": {
      "has_mine": "2024-07-07 17:29:49 +0000"
    },
    "done": true
  },
  "securitycraft:recipes/building_blocks/deepslate_iron_mine": {
    "criteria": {
      "has_mine": "2024-07-07 17:29:49 +0000"
    },
    "done": true
  },
  "securitycraft:recipes/building_blocks/end_stone_mine": {
    "criteria": {
      "has_mine": "2024-07-07 17:29:49 +0000"
    },
    "done": true
  },
  "securitycraft:recipes/tools/remote_access_mine": {
    "criteria": {
      "has_mine": "2024-07-07 17:29:49 +0000"
    },
    "done": true
  },
  "securitycraft:recipes/building_blocks/suspicious_gravel_mine": {
    "criteria": {
      "has_mine": "2024-07-07 17:29:49 +0000"
    },
    "done": true
  },
  "securitycraft:recipes/building_blocks/dirt_mine": {
    "criteria": {
      "has_mine": "2024-07-07 17:29:49 +0000"
    },
    "done": true
  },
  "securitycraft:recipes/building_blocks/nether_gold_mine": {
    "criteria": {
      "has_mine": "2024-07-07 17:29:49 +0000"
    },
    "done": true
  },
  "securitycraft:recipes/building_blocks/deepslate_gold_mine": {
    "criteria": {
      "has_mine": "2024-07-07 17:29:49 +0000"
    },
    "done": true
  },
  "securitycraft:recipes/building_blocks/redstone_mine": {
    "criteria": {
      "has_mine": "2024-07-07 17:29:49 +0000"
    },
    "done": true
  },
  "securitycraft:recipes/building_blocks/deepslate_diamond_mine": {
    "criteria": {
      "has_mine": "2024-07-07 17:29:49 +0000"
    },
    "done": true
  },
  "securitycraft:recipes/building_blocks/suspicious_sand_mine": {
    "criteria": {
      "has_mine": "2024-07-07 17:29:49 +0000"
    },
    "done": true
  },
  "securitycraft:recipes/building_blocks/diamond_mine": {
    "criteria": {
      "has_mine": "2024-07-07 17:29:49 +0000"
    },
    "done": true
  },
  "securitycraft:recipes/building_blocks/quartz_mine": {
    "criteria": {
      "has_mine": "2024-07-07 17:29:49 +0000"
    },
    "done": true
  },
  "securitycraft:recipes/building_blocks/sand_mine": {
    "criteria": {
      "has_mine": "2024-07-07 17:29:49 +0000"
    },
    "done": true
  },
  "securitycraft:recipes/building_blocks/deepslate_emerald_mine": {
    "criteria": {
      "has_mine": "2024-07-07 17:29:49 +0000"
    },
    "done": true
  },
  "minecraft:recipes/building_blocks/andesite_stairs": {
    "criteria": {
      "has_andesite": "2024-07-07 17:38:14 +0000"
    },
    "done": true
  },
  "minecraft:recipes/decorations/andesite_wall_from_andesite_stonecutting": {
    "criteria": {
      "has_andesite": "2024-07-07 17:38:14 +0000"
    },
    "done": true
  },
  "minecraft:recipes/building_blocks/polished_andesite_slab_from_andesite_stonecutting": {
    "criteria": {
      "has_andesite": "2024-07-07 17:38:14 +0000"
    },
    "done": true
  },
  "minecraft:recipes/building_blocks/andesite_slab_from_andesite_stonecutting": {
    "criteria": {
      "has_andesite": "2024-07-07 17:38:14 +0000"
    },
    "done": true
  },
  "minecraft:recipes/building_blocks/andesite_stairs_from_andesite_stonecutting": {
    "criteria": {
      "has_andesite": "2024-07-07 17:38:14 +0000"
    },
    "done": true
  },
  "minecraft:recipes/building_blocks/polished_andesite_from_andesite_stonecutting": {
    "criteria": {
      "has_andesite": "2024-07-07 17:38:14 +0000"
    },
    "done": true
  },
  "minecraft:recipes/building_blocks/polished_andesite": {
    "criteria": {
      "has_andesite": "2024-07-07 17:38:14 +0000"
    },
    "done": true
  },
  "minecraft:recipes/decorations/andesite_wall": {
    "criteria": {
      "has_andesite": "2024-07-07 17:38:14 +0000"
    },
    "done": true
  },
  "minecraft:recipes/building_blocks/andesite_slab": {
    "criteria": {
      "has_andesite": "2024-07-07 17:38:14 +0000"
    },
    "done": true
  },
  "minecraft:recipes/building_blocks/polished_andesite_stairs_from_andesite_stonecutting": {
    "criteria": {
      "has_andesite": "2024-07-07 17:38:14 +0000"
    },
    "done": true
  },
  "minecraft:recipes/transportation/activator_rail": {
    "criteria": {
      "has_rail": "2024-07-07 17:42:41 +0000"
    },
    "done": true
  },
  "minecraft:recipes/transportation/detector_rail": {
    "criteria": {
      "has_rail": "2024-07-07 17:42:41 +0000"
    },
    "done": true
  },
  "minecraft:recipes/transportation/powered_rail": {
    "criteria": {
      "has_rail": "2024-07-07 17:42:41 +0000"
    },
    "done": true
  },
  "minecraft:recipes/building_blocks/granite_slab_from_granite_stonecutting": {
    "criteria": {
      "has_granite": "2024-07-07 17:47:52 +0000"
    },
    "done": true
  },
  "minecraft:recipes/decorations/granite_wall_from_granite_stonecutting": {
    "criteria": {
      "has_granite": "2024-07-07 17:47:52 +0000"
    },
    "done": true
  },
  "minecraft:recipes/building_blocks/polished_granite_from_granite_stonecutting": {
    "criteria": {
      "has_granite": "2024-07-07 17:47:52 +0000"
    },
    "done": true
  },
  "minecraft:recipes/building_blocks/granite_slab": {
    "criteria": {
      "has_granite": "2024-07-07 17:47:52 +0000"
    },
    "done": true
  },
  "minecraft:recipes/building_blocks/granite_stairs": {
    "criteria": {
      "has_granite": "2024-07-07 17:47:52 +0000"
    },
    "done": true
  },
  "minecraft:recipes/building_blocks/granite_stairs_from_granite_stonecutting": {
    "criteria": {
      "has_granite": "2024-07-07 17:47:52 +0000"
    },
    "done": true
  },
  "minecraft:recipes/decorations/granite_wall": {
    "criteria": {
      "has_granite": "2024-07-07 17:47:52 +0000"
    },
    "done": true
  },
  "minecraft:recipes/building_blocks/polished_granite_slab_from_granite_stonecutting": {
    "criteria": {
      "has_granite": "2024-07-07 17:47:52 +0000"
    },
    "done": true
  },
  "minecraft:recipes/building_blocks/polished_granite": {
    "criteria": {
      "has_granite": "2024-07-07 17:47:52 +0000"
    },
    "done": true
  },
  "minecraft:recipes/building_blocks/polished_granite_stairs_from_granite_stonecutting": {
    "criteria": {
      "has_granite": "2024-07-07 17:47:52 +0000"
    },
    "done": true
  },
  "minecraft:recipes/building_blocks/polished_diorite": {
    "criteria": {
      "has_diorite": "2024-07-07 18:52:50 +0000"
    },
    "done": true
  },
  "minecraft:recipes/building_blocks/diorite_slab": {
    "criteria": {
      "has_diorite": "2024-07-07 18:52:50 +0000"
    },
    "done": true
  },
  "minecraft:recipes/decorations/diorite_wall": {
    "criteria": {
      "has_diorite": "2024-07-07 18:52:50 +0000"
    },
    "done": true
  },
  "minecraft:recipes/building_blocks/polished_diorite_stairs_from_diorite_stonecutting": {
    "criteria": {
      "has_diorite": "2024-07-07 18:52:50 +0000"
    },
    "done": true
  },
  "minecraft:recipes/building_blocks/diorite_stairs_from_diorite_stonecutting": {
    "criteria": {
      "has_diorite": "2024-07-07 18:52:50 +0000"
    },
    "done": true
  },
  "minecraft:recipes/decorations/diorite_wall_from_diorite_stonecutting": {
    "criteria": {
      "has_diorite": "2024-07-07 18:52:50 +0000"
    },
    "done": true
  },
  "minecraft:recipes/building_blocks/andesite": {
    "criteria": {
      "has_stone": "2024-07-07 18:52:50 +0000"
    },
    "done": true
  },
  "minecraft:recipes/building_blocks/polished_diorite_from_diorite_stonecutting": {
    "criteria": {
      "has_diorite": "2024-07-07 18:52:50 +0000"
    },
    "done": true
  },
  "minecraft:recipes/building_blocks/diorite_slab_from_diorite_stonecutting": {
    "criteria": {
      "has_diorite": "2024-07-07 18:52:50 +0000"
    },
    "done": true
  },
  "minecraft:recipes/building_blocks/polished_diorite_slab_from_diorite_stonecutting": {
    "criteria": {
      "has_diorite": "2024-07-07 18:52:50 +0000"
    },
    "done": true
  },
  "minecraft:recipes/building_blocks/diorite_stairs": {
    "criteria": {
      "has_diorite": "2024-07-07 18:52:50 +0000"
    },
    "done": true
  },
  "securitycraft:recipes/tools/universal_key_changer": {
    "criteria": {
      "has_redstone": "2024-07-07 18:57:16 +0000"
    },
    "done": true
  },
  "securitycraft:recipes/redstone/alarm": {
    "criteria": {
      "has_redstone": "2024-07-07 18:57:16 +0000"
    },
    "done": true
  },
  "minecraft:recipes/redstone/redstone_torch": {
    "criteria": {
      "has_redstone": "2024-07-07 18:57:16 +0000"
    },
    "done": true
  },
  "minecraft:recipes/tools/clock": {
    "criteria": {
      "has_redstone": "2024-07-07 18:57:16 +0000"
    },
    "done": true
  },
  "securitycraft:recipes/tools/universal_block_reinforcer_lvl1": {
    "criteria": {
      "has_redstone": "2024-07-07 18:57:16 +0000"
    },
    "done": true
  },
  "securitycraft:recipes/tools/universal_block_reinforcer_lvl3": {
    "criteria": {
      "has_redstone": "2024-07-07 18:57:16 +0000"
    },
    "done": true
  },
  "securitycraft:recipes/tools/universal_block_reinforcer_lvl2": {
    "criteria": {
      "has_redstone": "2024-07-07 18:57:16 +0000"
    },
    "done": true
  },
  "securitycraft:recipes/redstone/reinforced_piston": {
    "criteria": {
      "has_redstone": "2024-07-07 18:57:16 +0000"
    },
    "done": true
  },
  "securitycraft:recipes/misc/username_logger": {
    "criteria": {
      "has_redstone": "2024-07-07 18:57:16 +0000"
    },
    "done": true
  },
  "minecraft:recipes/redstone/note_block": {
    "criteria": {
      "has_redstone": "2024-07-07 18:57:16 +0000"
    },
    "done": true
  },
  "minecraft:recipes/redstone/target": {
    "criteria": {
      "has_redstone": "2024-07-07 18:57:16 +0000"
    },
    "done": true
  },
  "minecraft:recipes/tools/compass": {
    "criteria": {
      "has_redstone": "2024-07-07 18:57:16 +0000"
    },
    "done": true
  },
  "securitycraft:recipes/redstone/reinforced_redstone_lamp": {
    "criteria": {
      "has_redstone": "2024-07-07 18:57:16 +0000"
    },
    "done": true
  },
  "securitycraft:recipes/misc/portable_tune_player": {
    "criteria": {
      "has_redstone": "2024-07-07 18:57:16 +0000"
    },
    "done": true
  },
  "securitycraft:recipes/misc/keypad_frame": {
    "criteria": {
      "has_redstone": "2024-07-07 18:57:16 +0000"
    },
    "done": true
  },
  "securitycraft:recipes/redstone/portable_radar": {
    "criteria": {
      "has_redstone": "2024-07-07 18:57:16 +0000"
    },
    "done": true
  },
  "securitycraft:recipes/misc/claymore": {
    "criteria": {
      "has_redstone": "2024-07-07 18:57:16 +0000"
    },
    "done": true
  },
  "minecraft:recipes/redstone/dropper": {
    "criteria": {
      "has_redstone": "2024-07-07 18:57:16 +0000"
    },
    "done": true
  },
  "securitycraft:recipes/redstone/panic_button": {
    "criteria": {
      "has_redstone": "2024-07-07 18:57:16 +0000"
    },
    "done": true
  },
  "securitycraft:recipes/tools/taser": {
    "criteria": {
      "has_redstone": "2024-07-07 18:57:16 +0000"
    },
    "done": true
  },
  "minecraft:recipes/redstone/redstone_block": {
    "criteria": {
      "has_redstone": "2024-07-07 18:57:16 +0000"
    },
    "done": true
  },
  "securitycraft:recipes/tools/universal_block_modifier": {
    "criteria": {
      "has_redstone": "2024-07-07 18:57:16 +0000"
    },
    "done": true
  },
  "securitycraft:recipes/redstone/reinforced_dropper": {
    "criteria": {
      "has_redstone": "2024-07-07 18:57:16 +0000"
    },
    "done": true
  },
  "securitycraft:recipes/misc/cage_trap": {
    "criteria": {
      "has_redstone": "2024-07-07 18:57:16 +0000"
    },
    "done": true
  },
  "minecraft:recipes/redstone/piston": {
    "criteria": {
      "has_redstone": "2024-07-07 18:57:16 +0000"
    },
    "done": true
  },
  "minecraft:recipes/misc/gold_ingot_from_blasting_raw_gold": {
    "criteria": {
      "has_raw_gold": "2024-07-07 19:03:05 +0000"
    },
    "done": true
  },
  "minecraft:recipes/misc/gold_ingot_from_smelting_raw_gold": {
    "criteria": {
      "has_raw_gold": "2024-07-07 19:03:05 +0000"
    },
    "done": true
  },
  "minecraft:recipes/building_blocks/raw_gold_block": {
    "criteria": {
      "has_raw_gold": "2024-07-07 19:03:05 +0000"
    },
    "done": true
  },
  "minecraft:recipes/building_blocks/oak_planks": {
    "criteria": {
      "has_logs": "2024-07-07 19:16:36 +0000"
    },
    "done": true
  },
  "minecraft:recipes/building_blocks/oak_wood": {
    "criteria": {
      "has_log": "2024-07-07 19:16:36 +0000"
    },
    "done": true
  },
  "minecraft:recipes/decorations/oak_sign": {
    "criteria": {
      "has_planks": "2024-07-07 19:16:50 +0000"
    },
    "done": true
  },
  "minecraft:recipes/redstone/oak_trapdoor": {
    "criteria": {
      "has_planks": "2024-07-07 19:16:50 +0000"
    },
    "done": true
  },
  "minecraft:recipes/building_blocks/oak_stairs": {
    "criteria": {
      "has_planks": "2024-07-07 19:16:50 +0000"
    },
    "done": true
  },
  "minecraft:recipes/decorations/oak_fence": {
    "criteria": {
      "has_planks": "2024-07-07 19:16:50 +0000"
    },
    "done": true
  },
  "minecraft:recipes/redstone/oak_button": {
    "criteria": {
      "has_planks": "2024-07-07 19:16:50 +0000"
    },
    "done": true
  },
  "minecraft:recipes/building_blocks/oak_slab": {
    "criteria": {
      "has_planks": "2024-07-07 19:16:50 +0000"
    },
    "done": true
  },
  "minecraft:recipes/redstone/oak_fence_gate": {
    "criteria": {
      "has_planks": "2024-07-07 19:16:50 +0000"
    },
    "done": true
  },
  "minecraft:recipes/redstone/oak_pressure_plate": {
    "criteria": {
      "has_planks": "2024-07-07 19:16:50 +0000"
    },
    "done": true
  },
  "minecraft:recipes/redstone/oak_door": {
    "criteria": {
      "has_planks": "2024-07-07 19:16:50 +0000"
    },
    "done": true
  },
  "minecraft:recipes/combat/diamond_leggings": {
    "criteria": {
      "has_diamond": "2024-07-07 19:22:42 +0000"
    },
    "done": true
  },
  "minecraft:recipes/combat/diamond_sword": {
    "criteria": {
      "has_diamond": "2024-07-07 19:22:42 +0000"
    },
    "done": true
  },
  "minecraft:recipes/decorations/jukebox": {
    "criteria": {
      "has_diamond": "2024-07-07 19:22:42 +0000"
    },
    "done": true
  },
  "minecraft:recipes/combat/diamond_chestplate": {
    "criteria": {
      "has_diamond": "2024-07-07 19:22:42 +0000"
    },
    "done": true
  },
  "minecraft:recipes/tools/diamond_pickaxe": {
    "criteria": {
      "has_diamond": "2024-07-07 19:22:42 +0000"
    },
    "done": true
  },
  "minecraft:recipes/tools/diamond_hoe": {
    "criteria": {
      "has_diamond": "2024-07-07 19:22:42 +0000"
    },
    "done": true
  },
  "minecraft:recipes/tools/diamond_shovel": {
    "criteria": {
      "has_diamond": "2024-07-07 19:22:42 +0000"
    },
    "done": true
  },
  "minecraft:recipes/combat/diamond_boots": {
    "criteria": {
      "has_diamond": "2024-07-07 19:22:42 +0000"
    },
    "done": true
  },
  "minecraft:recipes/combat/diamond_helmet": {
    "criteria": {
      "has_diamond": "2024-07-07 19:22:42 +0000"
    },
    "done": true
  },
  "minecraft:recipes/building_blocks/diamond_block": {
    "criteria": {
      "has_diamond": "2024-07-07 19:22:42 +0000"
    },
    "done": true
  },
  "minecraft:story/mine_diamond": {
    "criteria": {
      "diamond": "2024-07-07 19:22:42 +0000"
    },
    "done": true
  },
  "minecraft:recipes/tools/diamond_axe": {
    "criteria": {
      "has_diamond": "2024-07-07 19:22:42 +0000"
    },
    "done": true
  },
  "minecraft:recipes/building_blocks/mossy_cobblestone_stairs_from_mossy_cobblestone_stonecutting": {
    "criteria": {
      "has_mossy_cobblestone": "2024-07-07 19:31:46 +0000"
    },
    "done": true
  },
  "minecraft:recipes/building_blocks/mossy_cobblestone_slab": {
    "criteria": {
      "has_mossy_cobblestone": "2024-07-07 19:31:46 +0000"
    },
    "done": true
  },
  "minecraft:recipes/building_blocks/mossy_cobblestone_stairs": {
    "criteria": {
      "has_mossy_cobblestone": "2024-07-07 19:31:46 +0000"
    },
    "done": true
  },
  "minecraft:recipes/decorations/mossy_cobblestone_wall": {
    "criteria": {
      "has_mossy_cobblestone": "2024-07-07 19:31:46 +0000"
    },
    "done": true
  },
  "minecraft:recipes/building_blocks/mossy_cobblestone_slab_from_mossy_cobblestone_stonecutting": {
    "criteria": {
      "has_mossy_cobblestone": "2024-07-07 19:31:46 +0000"
    },
    "done": true
  },
  "minecraft:recipes/decorations/mossy_cobblestone_wall_from_mossy_cobblestone_stonecutting": {
    "criteria": {
      "has_mossy_cobblestone": "2024-07-07 19:31:46 +0000"
    },
    "done": true
  },
  "minecraft:recipes/misc/raw_iron": {
    "criteria": {
      "has_raw_iron_block": "2024-07-07 19:41:56 +0000"
    },
    "done": true
  },
  "minecraft:recipes/misc/yellow_dye_from_sunflower": {
    "criteria": {
      "has_sunflower": "2024-07-07 19:48:09 +0000"
    },
    "done": true
  },
  "minecraft:recipes/building_blocks/stripped_cherry_wood": {
    "criteria": {
      "has_log": "2024-07-07 19:55:06 +0000"
    },
    "done": true
  },
  "minecraft:recipes/decorations/cherry_hanging_sign": {
    "criteria": {
      "has_stripped_logs": "2024-07-07 19:55:06 +0000"
    },
    "done": true
  },
  "minecraft:recipes/building_blocks/light_gray_concrete_powder": {
    "criteria": {
      "has_sand": "2024-07-07 19:59:41 +0000"
    },
    "done": true
  },
  "minecraft:recipes/building_blocks/pink_concrete_powder": {
    "criteria": {
      "has_sand": "2024-07-07 19:59:41 +0000"
    },
    "done": true
  },
  "minecraft:recipes/building_blocks/red_concrete_powder": {
    "criteria": {
      "has_sand": "2024-07-07 19:59:41 +0000"
    },
    "done": true
  },
  "minecraft:recipes/building_blocks/brown_concrete_powder": {
    "criteria": {
      "has_sand": "2024-07-07 19:59:41 +0000"
    },
    "done": true
  },
  "minecraft:recipes/building_blocks/light_blue_concrete_powder": {
    "criteria": {
      "has_sand": "2024-07-07 19:59:41 +0000"
    },
    "done": true
  },
  "minecraft:recipes/building_blocks/glass": {
    "criteria": {
      "has_smelts_to_glass": "2024-07-07 19:59:41 +0000"
    },
    "done": true
  },
  "minecraft:recipes/building_blocks/green_concrete_powder": {
    "criteria": {
      "has_sand": "2024-07-07 19:59:41 +0000"
    },
    "done": true
  },
  "minecraft:recipes/building_blocks/blue_concrete_powder": {
    "criteria": {
      "has_sand": "2024-07-07 19:59:41 +0000"
    },
    "done": true
  },
  "minecraft:recipes/building_blocks/white_concrete_powder": {
    "criteria": {
      "has_sand": "2024-07-07 19:59:41 +0000"
    },
    "done": true
  },
  "minecraft:recipes/building_blocks/lime_concrete_powder": {
    "criteria": {
      "has_sand": "2024-07-07 19:59:41 +0000"
    },
    "done": true
  },
  "minecraft:recipes/building_blocks/orange_concrete_powder": {
    "criteria": {
      "has_sand": "2024-07-07 19:59:41 +0000"
    },
    "done": true
  },
  "minecraft:recipes/building_blocks/magenta_concrete_powder": {
    "criteria": {
      "has_sand": "2024-07-07 19:59:41 +0000"
    },
    "done": true
  },
  "minecraft:recipes/building_blocks/yellow_concrete_powder": {
    "criteria": {
      "has_sand": "2024-07-07 19:59:41 +0000"
    },
    "done": true
  },
  "minecraft:recipes/building_blocks/sandstone": {
    "criteria": {
      "has_sand": "2024-07-07 19:59:41 +0000"
    },
    "done": true
  },
  "minecraft:recipes/building_blocks/gray_concrete_powder": {
    "criteria": {
      "has_sand": "2024-07-07 19:59:41 +0000"
    },
    "done": true
  },
  "minecraft:recipes/building_blocks/black_concrete_powder": {
    "criteria": {
      "has_sand": "2024-07-07 19:59:41 +0000"
    },
    "done": true
  },
  "minecraft:recipes/building_blocks/purple_concrete_powder": {
    "criteria": {
      "has_sand": "2024-07-07 19:59:41 +0000"
    },
    "done": true
  },
  "minecraft:recipes/building_blocks/cyan_concrete_powder": {
    "criteria": {
      "has_sand": "2024-07-07 19:59:41 +0000"
    },
    "done": true
  },
  "minecraft:recipes/building_blocks/coarse_dirt": {
    "criteria": {
      "has_gravel": "2024-07-07 20:01:33 +0000"
    },
    "done": true
  },
  "minecraft:recipes/misc/paper": {
    "criteria": {
      "has_reeds": "2024-07-07 20:01:53 +0000"
    },
    "done": true
  },
  "minecraft:recipes/misc/sugar_from_sugar_cane": {
    "criteria": {
      "has_sugar_cane": "2024-07-07 20:01:53 +0000"
    },
    "done": true
  },
  "minecraft:recipes/tools/golden_axe": {
    "criteria": {
      "has_gold_ingot": "2024-07-07 20:19:39 +0000"
    },
    "done": true
  },
  "minecraft:recipes/tools/golden_pickaxe": {
    "criteria": {
      "has_gold_ingot": "2024-07-07 20:19:39 +0000"
    },
    "done": true
  },
  "minecraft:recipes/misc/gold_nugget": {
    "criteria": {
      "has_gold_ingot": "2024-07-07 20:19:39 +0000"
    },
    "done": true
  },
  "minecraft:recipes/tools/golden_shovel": {
    "criteria": {
      "has_gold_ingot": "2024-07-07 20:19:39 +0000"
    },
    "done": true
  },
  "minecraft:recipes/food/golden_apple": {
    "criteria": {
      "has_gold_ingot": "2024-07-07 20:19:39 +0000"
    },
    "done": true
  },
  "minecraft:recipes/combat/golden_boots": {
    "criteria": {
      "has_gold_ingot": "2024-07-07 20:19:39 +0000"
    },
    "done": true
  },
  "minecraft:recipes/combat/golden_helmet": {
    "criteria": {
      "has_gold_ingot": "2024-07-07 20:19:39 +0000"
    },
    "done": true
  },
  "minecraft:recipes/combat/golden_chestplate": {
    "criteria": {
      "has_gold_ingot": "2024-07-07 20:19:39 +0000"
    },
    "done": true
  },
  "minecraft:recipes/redstone/light_weighted_pressure_plate": {
    "criteria": {
      "has_gold_ingot": "2024-07-07 20:19:39 +0000"
    },
    "done": true
  },
  "minecraft:recipes/combat/golden_sword": {
    "criteria": {
      "has_gold_ingot": "2024-07-07 20:19:39 +0000"
    },
    "done": true
  },
  "minecraft:recipes/building_blocks/gold_block": {
    "criteria": {
      "has_gold_ingot": "2024-07-07 20:19:39 +0000"
    },
    "done": true
  },
  "minecraft:recipes/tools/golden_hoe": {
    "criteria": {
      "has_gold_ingot": "2024-07-07 20:19:39 +0000"
    },
    "done": true
  },
  "minecraft:recipes/combat/golden_leggings": {
    "criteria": {
      "has_gold_ingot": "2024-07-07 20:19:39 +0000"
    },
    "done": true
  },
  "minecraft:recipes/food/rabbit_stew_from_brown_mushroom": {
    "criteria": {
      "has_cooked_rabbit": "2024-07-07 20:20:15 +0000"
    },
    "done": true
  },
  "minecraft:recipes/food/rabbit_stew_from_red_mushroom": {
    "criteria": {
      "has_cooked_rabbit": "2024-07-07 20:20:15 +0000"
    },
    "done": true
  },
  "minecraft:recipes/redstone/redstone": {
    "criteria": {
      "has_redstone_block": "2024-07-07 20:34:44 +0000"
    },
    "done": true
  },
  "securitycraft:recipes/misc/block_pocket_manager": {
    "criteria": {
      "has_redstone_block": "2024-07-07 20:34:44 +0000"
    },
    "done": true
  },
  "securitycraft:recipes/building_blocks/reinforced_red_stained_glass_pane_from_glass": {
    "criteria": {
      "has_glass": "2024-07-07 20:35:08 +0000"
    },
    "done": true
  },
  "securitycraft:recipes/building_blocks/reinforced_light_gray_stained_glass": {
    "criteria": {
      "has_glass": "2024-07-07 20:35:08 +0000"
    },
    "done": true
  },
  "securitycraft:recipes/building_blocks/reinforced_brown_stained_glass_pane_from_dye": {
    "criteria": {
      "has_glass": "2024-07-07 20:35:08 +0000"
    },
    "done": true
  },
  "securitycraft:recipes/building_blocks/reinforced_green_stained_glass_pane_from_dye": {
    "criteria": {
      "has_glass": "2024-07-07 20:35:08 +0000"
    },
    "done": true
  },
  "securitycraft:recipes/building_blocks/reinforced_orange_stained_glass": {
    "criteria": {
      "has_glass": "2024-07-07 20:35:08 +0000"
    },
    "done": true
  },
  "minecraft:recipes/building_blocks/light_blue_stained_glass": {
    "criteria": {
      "has_glass": "2024-07-07 20:35:08 +0000"
    },
    "done": true
  },
  "minecraft:recipes/building_blocks/green_stained_glass": {
    "criteria": {
      "has_glass": "2024-07-07 20:35:08 +0000"
    },
    "done": true
  },
  "securitycraft:recipes/building_blocks/reinforced_glass_pane": {
    "criteria": {
      "has_glass": "2024-07-07 20:35:08 +0000"
    },
    "done": true
  },
  "securitycraft:recipes/building_blocks/reinforced_black_stained_glass": {
    "criteria": {
      "has_glass": "2024-07-07 20:35:08 +0000"
    },
    "done": true
  },
  "securitycraft:recipes/building_blocks/reinforced_lime_stained_glass": {
    "criteria": {
      "has_glass": "2024-07-07 20:35:08 +0000"
    },
    "done": true
  },
  "minecraft:recipes/building_blocks/brown_stained_glass": {
    "criteria": {
      "has_glass": "2024-07-07 20:35:08 +0000"
    },
    "done": true
  },
  "securitycraft:recipes/building_blocks/reinforced_black_stained_glass_pane_from_glass": {
    "criteria": {
      "has_glass": "2024-07-07 20:35:08 +0000"
    },
    "done": true
  },
  "securitycraft:recipes/building_blocks/reinforced_red_stained_glass": {
    "criteria": {
      "has_glass": "2024-07-07 20:35:08 +0000"
    },
    "done": true
  },
  "minecraft:recipes/building_blocks/blue_stained_glass": {
    "criteria": {
      "has_glass": "2024-07-07 20:35:08 +0000"
    },
    "done": true
  },
  "minecraft:recipes/building_blocks/orange_stained_glass": {
    "criteria": {
      "has_glass": "2024-07-07 20:35:08 +0000"
    },
    "done": true
  },
  "securitycraft:recipes/building_blocks/reinforced_purple_stained_glass_pane_from_glass": {
    "criteria": {
      "has_glass": "2024-07-07 20:35:08 +0000"
    },
    "done": true
  },
  "securitycraft:recipes/building_blocks/reinforced_white_stained_glass_pane_from_glass": {
    "criteria": {
      "has_glass": "2024-07-07 20:35:08 +0000"
    },
    "done": true
  },
  "securitycraft:recipes/building_blocks/reinforced_blue_stained_glass_pane_from_dye": {
    "criteria": {
      "has_glass": "2024-07-07 20:35:08 +0000"
    },
    "done": true
  },
  "securitycraft:recipes/building_blocks/reinforced_white_stained_glass_pane_from_dye": {
    "criteria": {
      "has_glass": "2024-07-07 20:35:08 +0000"
    },
    "done": true
  },
  "minecraft:recipes/building_blocks/pink_stained_glass": {
    "criteria": {
      "has_glass": "2024-07-07 20:35:08 +0000"
    },
    "done": true
  },
  "minecraft:recipes/building_blocks/black_stained_glass": {
    "criteria": {
      "has_glass": "2024-07-07 20:35:08 +0000"
    },
    "done": true
  },
  "minecraft:recipes/building_blocks/gray_stained_glass": {
    "criteria": {
      "has_glass": "2024-07-07 20:35:08 +0000"
    },
    "done": true
  },
  "securitycraft:recipes/building_blocks/reinforced_light_blue_stained_glass_pane_from_dye": {
    "criteria": {
      "has_glass": "2024-07-07 20:35:08 +0000"
    },
    "done": true
  },
  "securitycraft:recipes/building_blocks/reinforced_magenta_stained_glass_pane_from_dye": {
    "criteria": {
      "has_glass": "2024-07-07 20:35:08 +0000"
    },
    "done": true
  },
  "securitycraft:recipes/building_blocks/reinforced_lime_stained_glass_pane_from_glass": {
    "criteria": {
      "has_glass": "2024-07-07 20:35:08 +0000"
    },
    "done": true
  },
  "securitycraft:recipes/building_blocks/reinforced_cyan_stained_glass_pane_from_dye": {
    "criteria": {
      "has_glass": "2024-07-07 20:35:08 +0000"
    },
    "done": true
  },
  "minecraft:recipes/building_blocks/lime_stained_glass": {
    "criteria": {
      "has_glass": "2024-07-07 20:35:08 +0000"
    },
    "done": true
  },
  "securitycraft:recipes/building_blocks/reinforced_light_blue_stained_glass_pane_from_glass": {
    "criteria": {
      "has_glass": "2024-07-07 20:35:08 +0000"
    },
    "done": true
  },
  "securitycraft:recipes/building_blocks/reinforced_gray_stained_glass": {
    "criteria": {
      "has_glass": "2024-07-07 20:35:08 +0000"
    },
    "done": true
  },
  "minecraft:recipes/decorations/glass_pane": {
    "criteria": {
      "has_glass": "2024-07-07 20:35:08 +0000"
    },
    "done": true
  },
  "minecraft:recipes/building_blocks/magenta_stained_glass": {
    "criteria": {
      "has_glass": "2024-07-07 20:35:08 +0000"
    },
    "done": true
  },
  "securitycraft:recipes/building_blocks/reinforced_cyan_stained_glass": {
    "criteria": {
      "has_glass": "2024-07-07 20:35:08 +0000"
    },
    "done": true
  },
  "minecraft:recipes/building_blocks/white_stained_glass": {
    "criteria": {
      "has_glass": "2024-07-07 20:35:08 +0000"
    },
    "done": true
  },
  "securitycraft:recipes/building_blocks/reinforced_pink_stained_glass_pane_from_glass": {
    "criteria": {
      "has_glass": "2024-07-07 20:35:08 +0000"
    },
    "done": true
  },
  "securitycraft:recipes/building_blocks/reinforced_purple_stained_glass_pane_from_dye": {
    "criteria": {
      "has_glass": "2024-07-07 20:35:08 +0000"
    },
    "done": true
  },
  "securitycraft:recipes/building_blocks/reinforced_brown_stained_glass": {
    "criteria": {
      "has_glass": "2024-07-07 20:35:08 +0000"
    },
    "done": true
  },
  "securitycraft:recipes/building_blocks/reinforced_orange_stained_glass_pane_from_dye": {
    "criteria": {
      "has_glass": "2024-07-07 20:35:08 +0000"
    },
    "done": true
  },
  "securitycraft:recipes/building_blocks/reinforced_white_stained_glass": {
    "criteria": {
      "has_glass": "2024-07-07 20:35:08 +0000"
    },
    "done": true
  },
  "minecraft:recipes/building_blocks/red_stained_glass": {
    "criteria": {
      "has_glass": "2024-07-07 20:35:08 +0000"
    },
    "done": true
  },
  "securitycraft:recipes/building_blocks/reinforced_red_stained_glass_pane_from_dye": {
    "criteria": {
      "has_glass": "2024-07-07 20:35:08 +0000"
    },
    "done": true
  },
  "minecraft:recipes/brewing/glass_bottle": {
    "criteria": {
      "has_glass": "2024-07-07 20:35:08 +0000"
    },
    "done": true
  },
  "securitycraft:recipes/building_blocks/reinforced_magenta_stained_glass": {
    "criteria": {
      "has_glass": "2024-07-07 20:35:08 +0000"
    },
    "done": true
  },
  "securitycraft:recipes/building_blocks/reinforced_black_stained_glass_pane_from_dye": {
    "criteria": {
      "has_glass": "2024-07-07 20:35:08 +0000"
    },
    "done": true
  },
  "securitycraft:recipes/building_blocks/reinforced_pink_stained_glass_pane_from_dye": {
    "criteria": {
      "has_glass": "2024-07-07 20:35:08 +0000"
    },
    "done": true
  },
  "minecraft:recipes/building_blocks/light_gray_stained_glass": {
    "criteria": {
      "has_glass": "2024-07-07 20:35:08 +0000"
    },
    "done": true
  },
  "securitycraft:recipes/building_blocks/reinforced_yellow_stained_glass_pane_from_glass": {
    "criteria": {
      "has_glass": "2024-07-07 20:35:08 +0000"
    },
    "done": true
  },
  "securitycraft:recipes/building_blocks/reinforced_green_stained_glass_pane_from_glass": {
    "criteria": {
      "has_glass": "2024-07-07 20:35:08 +0000"
    },
    "done": true
  },
  "securitycraft:recipes/building_blocks/reinforced_orange_stained_glass_pane_from_glass": {
    "criteria": {
      "has_glass": "2024-07-07 20:35:08 +0000"
    },
    "done": true
  },
  "securitycraft:recipes/building_blocks/reinforced_blue_stained_glass_pane_from_glass": {
    "criteria": {
      "has_glass": "2024-07-07 20:35:08 +0000"
    },
    "done": true
  },
  "securitycraft:recipes/building_blocks/reinforced_gray_stained_glass_pane_from_glass": {
    "criteria": {
      "has_glass": "2024-07-07 20:35:08 +0000"
    },
    "done": true
  },
  "minecraft:recipes/building_blocks/cyan_stained_glass": {
    "criteria": {
      "has_glass": "2024-07-07 20:35:08 +0000"
    },
    "done": true
  },
  "securitycraft:recipes/building_blocks/reinforced_cyan_stained_glass_pane_from_glass": {
    "criteria": {
      "has_glass": "2024-07-07 20:35:08 +0000"
    },
    "done": true
  },
  "minecraft:recipes/building_blocks/purple_stained_glass": {
    "criteria": {
      "has_glass": "2024-07-07 20:35:08 +0000"
    },
    "done": true
  },
  "securitycraft:recipes/building_blocks/reinforced_light_gray_stained_glass_pane_from_dye": {
    "criteria": {
      "has_glass": "2024-07-07 20:35:08 +0000"
    },
    "done": true
  },
  "securitycraft:recipes/building_blocks/reinforced_green_stained_glass": {
    "criteria": {
      "has_glass": "2024-07-07 20:35:08 +0000"
    },
    "done": true
  },
  "minecraft:recipes/building_blocks/yellow_stained_glass": {
    "criteria": {
      "has_glass": "2024-07-07 20:35:08 +0000"
    },
    "done": true
  },
  "securitycraft:recipes/building_blocks/reinforced_blue_stained_glass": {
    "criteria": {
      "has_glass": "2024-07-07 20:35:08 +0000"
    },
    "done": true
  },
  "securitycraft:recipes/building_blocks/reinforced_light_gray_stained_glass_pane_from_glass": {
    "criteria": {
      "has_glass": "2024-07-07 20:35:08 +0000"
    },
    "done": true
  },
  "securitycraft:recipes/building_blocks/reinforced_yellow_stained_glass": {
    "criteria": {
      "has_glass": "2024-07-07 20:35:08 +0000"
    },
    "done": true
  },
  "securitycraft:recipes/building_blocks/reinforced_purple_stained_glass": {
    "criteria": {
      "has_glass": "2024-07-07 20:35:08 +0000"
    },
    "done": true
  },
  "securitycraft:recipes/building_blocks/reinforced_yellow_stained_glass_pane_from_dye": {
    "criteria": {
      "has_glass": "2024-07-07 20:35:08 +0000"
    },
    "done": true
  },
  "securitycraft:recipes/building_blocks/reinforced_lime_stained_glass_pane_from_dye": {
    "criteria": {
      "has_glass": "2024-07-07 20:35:08 +0000"
    },
    "done": true
  },
  "securitycraft:recipes/building_blocks/reinforced_light_blue_stained_glass": {
    "criteria": {
      "has_glass": "2024-07-07 20:35:08 +0000"
    },
    "done": true
  },
  "securitycraft:recipes/building_blocks/reinforced_gray_stained_glass_pane_from_dye": {
    "criteria": {
      "has_glass": "2024-07-07 20:35:08 +0000"
    },
    "done": true
  },
  "securitycraft:recipes/building_blocks/reinforced_pink_stained_glass": {
    "criteria": {
      "has_glass": "2024-07-07 20:35:08 +0000"
    },
    "done": true
  },
  "securitycraft:recipes/building_blocks/reinforced_magenta_stained_glass_pane_from_glass": {
    "criteria": {
      "has_glass": "2024-07-07 20:35:08 +0000"
    },
    "done": true
  },
  "securitycraft:recipes/building_blocks/reinforced_brown_stained_glass_pane_from_glass": {
    "criteria": {
      "has_glass": "2024-07-07 20:35:08 +0000"
    },
    "done": true
  },
  "minecraft:recipes/decorations/lime_stained_glass_pane_from_glass_pane": {
    "criteria": {
      "has_glass_pane": "2024-07-07 20:35:32 +0000"
    },
    "done": true
  },
  "minecraft:recipes/decorations/purple_stained_glass_pane_from_glass_pane": {
    "criteria": {
      "has_glass_pane": "2024-07-07 20:35:32 +0000"
    },
    "done": true
  },
  "minecraft:recipes/decorations/blue_stained_glass_pane_from_glass_pane": {
    "criteria": {
      "has_glass_pane": "2024-07-07 20:35:32 +0000"
    },
    "done": true
  },
  "minecraft:recipes/decorations/light_gray_stained_glass_pane_from_glass_pane": {
    "criteria": {
      "has_glass_pane": "2024-07-07 20:35:32 +0000"
    },
    "done": true
  },
  "minecraft:recipes/decorations/orange_stained_glass_pane_from_glass_pane": {
    "criteria": {
      "has_glass_pane": "2024-07-07 20:35:32 +0000"
    },
    "done": true
  },
  "minecraft:recipes/decorations/light_blue_stained_glass_pane_from_glass_pane": {
    "criteria": {
      "has_glass_pane": "2024-07-07 20:35:32 +0000"
    },
    "done": true
  },
  "minecraft:recipes/decorations/green_stained_glass_pane_from_glass_pane": {
    "criteria": {
      "has_glass_pane": "2024-07-07 20:35:32 +0000"
    },
    "done": true
  },
  "minecraft:recipes/decorations/white_stained_glass_pane_from_glass_pane": {
    "criteria": {
      "has_glass_pane": "2024-07-07 20:35:32 +0000"
    },
    "done": true
  },
  "minecraft:recipes/decorations/gray_stained_glass_pane_from_glass_pane": {
    "criteria": {
      "has_glass_pane": "2024-07-07 20:35:32 +0000"
    },
    "done": true
  },
  "minecraft:recipes/decorations/black_stained_glass_pane_from_glass_pane": {
    "criteria": {
      "has_glass_pane": "2024-07-07 20:35:32 +0000"
    },
    "done": true
  },
  "minecraft:recipes/decorations/yellow_stained_glass_pane_from_glass_pane": {
    "criteria": {
      "has_glass_pane": "2024-07-07 20:35:32 +0000"
    },
    "done": true
  },
  "minecraft:recipes/decorations/brown_stained_glass_pane_from_glass_pane": {
    "criteria": {
      "has_glass_pane": "2024-07-07 20:35:32 +0000"
    },
    "done": true
  },
  "minecraft:recipes/decorations/red_stained_glass_pane_from_glass_pane": {
    "criteria": {
      "has_glass_pane": "2024-07-07 20:35:32 +0000"
    },
    "done": true
  },
  "minecraft:recipes/decorations/magenta_stained_glass_pane_from_glass_pane": {
    "criteria": {
      "has_glass_pane": "2024-07-07 20:35:32 +0000"
    },
    "done": true
  },
  "minecraft:recipes/decorations/cyan_stained_glass_pane_from_glass_pane": {
    "criteria": {
      "has_glass_pane": "2024-07-07 20:35:32 +0000"
    },
    "done": true
  },
  "securitycraft:recipes/redstone/keypad_door_item": {
    "criteria": {
      "has_reinforced_door": "2024-07-07 20:45:40 +0000"
    },
    "done": true
  },
  "securitycraft:recipes/misc/scanner_door_item": {
    "criteria": {
      "has_reinforced_door": "2024-07-07 20:45:40 +0000"
    },
    "done": true
  },
  "minecraft:recipes/building_blocks/stone_bricks": {
    "criteria": {
      "has_stone": "2024-07-07 20:48:54 +0000"
    },
    "done": true
  },
  "minecraft:recipes/building_blocks/stone_bricks_from_stone_stonecutting": {
    "criteria": {
      "has_stone": "2024-07-07 20:48:54 +0000"
    },
    "done": true
  },
  "minecraft:recipes/building_blocks/stone_slab": {
    "criteria": {
      "has_stone": "2024-07-07 20:48:54 +0000"
    },
    "done": true
  },
  "minecraft:recipes/building_blocks/stone_stairs_from_stone_stonecutting": {
    "criteria": {
      "has_stone": "2024-07-07 20:48:54 +0000"
    },
    "done": true
  },
  "minecraft:recipes/redstone/stone_button": {
    "criteria": {
      "has_stone": "2024-07-07 20:48:54 +0000"
    },
    "done": true
  },
  "minecraft:recipes/decorations/stonecutter": {
    "criteria": {
      "has_stone": "2024-07-07 20:48:54 +0000"
    },
    "done": true
  },
  "minecraft:recipes/redstone/stone_pressure_plate": {
    "criteria": {
      "has_stone": "2024-07-07 20:48:54 +0000"
    },
    "done": true
  },
  "minecraft:recipes/building_blocks/smooth_stone": {
    "criteria": {
      "has_stone": "2024-07-07 20:48:54 +0000"
    },
    "done": true
  },
  "minecraft:recipes/decorations/stone_brick_walls_from_stone_stonecutting": {
    "criteria": {
      "has_stone": "2024-07-07 20:48:54 +0000"
    },
    "done": true
  },
  "minecraft:recipes/building_blocks/stone_brick_slab_from_stone_stonecutting": {
    "criteria": {
      "has_stone": "2024-07-07 20:48:54 +0000"
    },
    "done": true
  },
  "minecraft:recipes/building_blocks/stone_brick_stairs_from_stone_stonecutting": {
    "criteria": {
      "has_stone": "2024-07-07 20:48:54 +0000"
    },
    "done": true
  },
  "minecraft:recipes/building_blocks/stone_slab_from_stone_stonecutting": {
    "criteria": {
      "has_stone": "2024-07-07 20:48:54 +0000"
    },
    "done": true
  },
  "minecraft:recipes/building_blocks/chiseled_stone_bricks_stone_from_stonecutting": {
    "criteria": {
      "has_stone": "2024-07-07 20:48:54 +0000"
    },
    "done": true
  },
  "minecraft:recipes/building_blocks/stone_stairs": {
    "criteria": {
      "has_stone": "2024-07-07 20:48:54 +0000"
    },
    "done": true
  },
  "securitycraft:recipes/building_blocks/reinforced_stone_stairs": {
    "criteria": {
      "has_block": "2024-07-07 20:49:35 +0000"
    },
    "done": true
  },
  "securitycraft:recipes/building_blocks/reinforced_stone_brick_wall_from_reinforced_stone_stonecutting": {
    "criteria": {
      "has_reinforced_stone": "2024-07-07 20:49:35 +0000"
    },
    "done": true
  },
  "securitycraft:recipes/building_blocks/reinforced_stone_bricks_from_reinforced_stone_stonecutting": {
    "criteria": {
      "has_reinforced_stone": "2024-07-07 20:49:35 +0000"
    },
    "done": true
  },
  "securitycraft:recipes/redstone/reinforced_stone_pressure_plate": {
    "criteria": {
      "has_block": "2024-07-07 20:49:35 +0000"
    },
    "done": true
  },
  "securitycraft:recipes/building_blocks/reinforced_normal_stone_slab_from_reinforced_stone_stonecutting": {
    "criteria": {
      "has_reinforced_stone": "2024-07-07 20:49:35 +0000"
    },
    "done": true
  },
  "securitycraft:recipes/building_blocks/reinforced_smooth_stone": {
    "criteria": {
      "has_item": "2024-07-07 20:49:35 +0000"
    },
    "done": true
  },
  "securitycraft:recipes/building_blocks/reinforced_chiseled_stone_bricks_from_reinforced_stone_stonecutting": {
    "criteria": {
      "has_reinforced_stone": "2024-07-07 20:49:35 +0000"
    },
    "done": true
  },
  "securitycraft:recipes/building_blocks/reinforced_normal_stone_slab": {
    "criteria": {
      "has_block": "2024-07-07 20:49:35 +0000"
    },
    "done": true
  },
  "securitycraft:recipes/redstone/reinforced_stone_button": {
    "criteria": {
      "has_block": "2024-07-07 20:49:35 +0000"
    },
    "done": true
  },
  "securitycraft:recipes/building_blocks/reinforced_stone_bricks": {
    "criteria": {
      "has_block": "2024-07-07 20:49:35 +0000"
    },
    "done": true
  },
  "securitycraft:recipes/building_blocks/reinforced_stone_brick_slab_from_reinforced_stone_stonecutting": {
    "criteria": {
      "has_reinforced_stone": "2024-07-07 20:49:35 +0000"
    },
    "done": true
  },
  "securitycraft:recipes/building_blocks/reinforced_stone_brick_stairs_from_reinforced_stone_stonecutting": {
    "criteria": {
      "has_reinforced_stone": "2024-07-07 20:49:35 +0000"
    },
    "done": true
  },
  "securitycraft:recipes/building_blocks/reinforced_stone_stairs_from_reinforced_stone_stonecutting": {
    "criteria": {
      "has_reinforced_stone": "2024-07-07 20:49:35 +0000"
    },
    "done": true
  },
  "securitycraft:recipes/redstone/reinforced_cherry_button": {
    "criteria": {
      "has_block": "2024-07-07 20:57:21 +0000"
    },
    "done": true
  },
  "securitycraft:recipes/building_blocks/reinforced_cherry_stairs": {
    "criteria": {
      "has_block": "2024-07-07 20:57:21 +0000"
    },
    "done": true
  },
  "securitycraft:recipes/misc/keypad_item": {
    "criteria": {
      "has_the_recipe": "2024-07-07 20:56:44 +0000"
    },
    "done": true
  },
  "securitycraft:recipes/redstone/reinforced_cherry_pressure_plate": {
    "criteria": {
      "has_block": "2024-07-07 20:57:21 +0000"
    },
    "done": true
  },
  "securitycraft:recipes/building_blocks/reinforced_cherry_slab": {
    "criteria": {
      "has_block": "2024-07-07 20:57:21 +0000"
    },
    "done": true
  },
  "DataVersion": 3465
}